Nite Jogger,Men,"https://stockx.imgix.net/adidas-Nite-Jogger-Star-Wars-R2D2.jpg?fit=fill&bg=FFFFFF&w=300&h=214&auto=format,compress&trim=color&q=90&dpr=2&updated_at=1577999676",https://stockx.com/adidas-nite-jogger-star-wars-r2d2
Nite Jogger,Men,"https://stockx.imgix.net/adidas-Nite-Jogger-Beyonce-Ivy-Park-W.png?fit=fill&bg=FFFFFF&w=300&h=214&auto=format,compress&trim=color&q=90&dpr=2&updated_at=1578978263",https://stockx.com/adidas-nite-jogger-beyonce-ivy-park
Nite Jogger,Men,"https://stockx.imgix.net/adidas-Nite-Jogger-Beyonce-Ivy-Park-Ecru-Tint-W.png?fit=fill&bg=FFFFFF&w=300&h=214&auto=format,compress&trim=color&q=90&dpr=2&updated_at=1578978237",https://stockx.com/adidas-nite-jogger-beyonce-ivy-park-ecru-tint
Nite Jogger,Men,"https://stockx.imgix.net/adidas-Nite-Jogger-Star-Wars-Storm-Trooper.png?fit=fill&bg=FFFFFF&w=300&h=214&auto=format,compress&trim=color&q=90&dpr=2&updated_at=1580635193",https://stockx.com/adidas-nite-jogger-star-wars-storm-trooper
Nite Jogger,Men,"https://stockx.imgix.net/adidas-Nite-Jogger-3M-Navy-Product.jpg?fit=fill&bg=FFFFFF&w=300&h=214&auto=format,compress&trim=color&q=90&dpr=2&updated_at=1564168668",https://stockx.com/adidas-nite-jogger-3m-navy
Nite Jogger,Men,"https://stockx.imgix.net/adidas-Nite-Jogger-Core-Black-White-Product.jpg?fit=fill&bg=FFFFFF&w=300&h=214&auto=format,compress&trim=color&q=90&dpr=2&updated_at=1583360568",https://stockx.com/adidas-nite-jogger-core-black-white
Nite Jogger,Men,"https://stockx.imgix.net/adidas-Nite-Jogger-Grey-Two-Solar-Orange-Product.jpg?fit=fill&bg=FFFFFF&w=300&h=214&auto=format,compress&trim=color&q=90&dpr=2&updated_at=1556311196",https://stockx.com/adidas-nite-jogger-grey-two-solar-orange
Nite Jogger,Men,"https://stockx.imgix.net/adidas-Nite-Jogger-Ninja-Time-In-Product.jpg?fit=fill&bg=FFFFFF&w=300&h=214&auto=format,compress&trim=color&q=90&dpr=2&updated_at=1578691530",https://stockx.com/adidas-nite-jogger-ninja-time-in
Nite Jogger,Men,"https://stockx.imgix.net/adidas-Nite-Jogger-3M-White-Product.jpg?fit=fill&bg=FFFFFF&w=300&h=214&auto=format,compress&trim=color&q=90&dpr=2&updated_at=1576006585",https://stockx.com/adidas-nite-jogger-3m-white
Nite Jogger,Men,"https://stockx.imgix.net/adidas-Nite-Jogger-White-Shock-Red.png?fit=fill&bg=FFFFFF&w=300&h=214&auto=format,compress&trim=color&q=90&dpr=2&updated_at=1554401304",https://stockx.com/adidas-nite-jogger-white-shock-red
Nite Jogger,Men,"https://stockx.imgix.net/adidas-Nite-Jogger-Core-Black-Product.jpg?fit=fill&bg=FFFFFF&w=300&h=214&auto=format,compress&trim=color&q=90&dpr=2&updated_at=1547742217",https://stockx.com/adidas-nite-jogger-core-black
Nite Jogger,Men,"https://stockx.imgix.net/adidas-Nite-Jogger-3M-Core-Black-Crystal-White.png?fit=fill&bg=FFFFFF&w=300&h=214&auto=format,compress&trim=color&q=90&dpr=2&updated_at=1569858035",https://stockx.com/adidas-nite-jogger-3m-core-black-crystal-white
Nite Jogger,Men,"https://stockx.imgix.net/adidas-Nite-Jogger-Core-Black-Carbon-Black-Boost-Product.jpg?fit=fill&bg=FFFFFF&w=300&h=214&auto=format,compress&trim=color&q=90&dpr=2&updated_at=1572892580",https://stockx.com/adidas-nite-jogger-core-black-carbon-black-boost
Nite Jogger,Men,"https://stockx.imgix.net/adidas-Nite-Jogger-3M-Core-Black.png?fit=fill&bg=FFFFFF&w=300&h=214&auto=format,compress&trim=color&q=90&dpr=2&updated_at=1569858035",https://stockx.com/adidas-nite-jogger-3m-core-black
Nite Jogger,Men,"https://stockx.imgix.net/adidas-Nite-Jogger-Crystal-White.jpg?fit=fill&bg=FFFFFF&w=300&h=214&auto=format,compress&trim=color&q=90&dpr=2&updated_at=1573617572",https://stockx.com/adidas-nite-jogger-crystal-white
Nite Jogger,Men,"https://stockx.imgix.net/adidas-Nite-Jogger-White-Mountaineering-Black.png?fit=fill&bg=FFFFFF&w=300&h=214&auto=format,compress&trim=color&q=90&dpr=2&updated_at=1570771274",https://stockx.com/adidas-nite-jogger-white-mountaineering-black
Nite Jogger,Men,"https://stockx.imgix.net/adidas-Nite-Jogger-Morse-Code.png?fit=fill&bg=FFFFFF&w=300&h=214&auto=format,compress&trim=color&q=90&dpr=2&updated_at=1567186494",https://stockx.com/adidas-nite-jogger-morse-code
Nite Jogger,Men,"https://stockx.imgix.net/adidas-Nite-Jogger-Grey-One.png?fit=fill&bg=FFFFFF&w=300&h=214&auto=format,compress&trim=color&q=90&dpr=2&updated_at=1581706674",https://stockx.com/adidas-nite-jogger-grey-one
Nite Jogger,Men,"https://stockx.imgix.net/adidas-Nite-Jogger-White-Multi.png?fit=fill&bg=FFFFFF&w=300&h=214&auto=format,compress&trim=color&q=90&dpr=2&updated_at=1584031719",https://stockx.com/adidas-nite-jogger-white-multi
Nite Jogger,Men,"https://stockx.imgix.net/adidas-Nite-Jogger-Grey-Two-Gold-Metallic.png?fit=fill&bg=FFFFFF&w=300&h=214&auto=format,compress&trim=color&q=90&dpr=2&updated_at=1574940839",https://stockx.com/adidas-nite-jogger-grey-two-gold-metallic
Nite Jogger,Men,"https://stockx.imgix.net/adidas-Nite-Jogger-3M-Barcode.png?fit=fill&bg=FFFFFF&w=300&h=214&auto=format,compress&trim=color&q=90&dpr=2&updated_at=1589301205",https://stockx.com/adidas-nite-jogger-3m-barcode
Nite Jogger,Men,"https://stockx.imgix.net/adidas-Nite-Jogger-Tech-Mineral.png?fit=fill&bg=FFFFFF&w=300&h=214&auto=format,compress&trim=color&q=90&dpr=2&updated_at=1581706650",https://stockx.com/adidas-nite-jogger-tech-mineral
Nite Jogger,Men,"https://stockx.imgix.net/adidas-Nite-Jogger-Sesame-Black-Bold-Green.png?fit=fill&bg=FFFFFF&w=300&h=214&auto=format,compress&trim=color&q=90&dpr=2&updated_at=1585815511",https://stockx.com/adidas-nite-jogger-sesame-black-bold-green
Nite Jogger,Men,"https://stockx.imgix.net/adidas-Nite-Jogger-Core-Black-Solar-Orange.png?fit=fill&bg=FFFFFF&w=300&h=214&auto=format,compress&trim=color&q=90&dpr=2&updated_at=1576823251",https://stockx.com/adidas-nite-jogger-core-black-solar-orange
Nite Jogger,Men,"https://stockx.imgix.net/adidas-Nite-Jogger-Core-Black-Carbon-Product.jpg?fit=fill&bg=FFFFFF&w=300&h=214&auto=format,compress&trim=color&q=90&dpr=2&updated_at=1561401959",https://stockx.com/adidas-nite-jogger-core-black-carbon
Nite Jogger,Men,"https://stockx.imgix.net/adidas-Nite-Jogger-Black-Metallic-Boost.png?fit=fill&bg=FFFFFF&w=300&h=214&auto=format,compress&trim=color&q=90&dpr=2&updated_at=1575524656",https://stockx.com/adidas-nite-jogger-black-metallic-boost
Nite Jogger,Men,"https://stockx.imgix.net/adidas-Nite-Jogger-White-Grey-Product.jpg?fit=fill&bg=FFFFFF&w=300&h=214&auto=format,compress&trim=color&q=90&dpr=2&updated_at=1570825097",https://stockx.com/adidas-nite-jogger-white-grey
Nite Jogger,Men,"https://stockx.imgix.net/adidas-Nite-Jogger-Core-Black-Could-White.png?fit=fill&bg=FFFFFF&w=300&h=214&auto=format,compress&trim=color&q=90&dpr=2&updated_at=1581706702",https://stockx.com/adidas-nite-jogger-core-black-could-white
Nite Jogger,Men,"https://stockx.imgix.net/adidas-Nite-Jogger-Grey-One-Vapour-Green.png?fit=fill&bg=FFFFFF&w=300&h=214&auto=format,compress&trim=color&q=90&dpr=2&updated_at=1554401178",https://stockx.com/adidas-nite-jogger-grey-one-vapour-green
Nite Jogger,Men,"https://stockx.imgix.net/adidas-Nite-Jogger-3M-Collegiate-Burgundy.png?fit=fill&bg=FFFFFF&w=300&h=214&auto=format,compress&trim=color&q=90&dpr=2&updated_at=1569858037",https://stockx.com/adidas-nite-jogger-3m-collegiate-burgundy
Nite Jogger,Men,"https://stockx.imgix.net/adidas-Nite-Jogger-3M-Grey-Three.png?fit=fill&bg=FFFFFF&w=300&h=214&auto=format,compress&trim=color&q=90&dpr=2&updated_at=1569858037",https://stockx.com/adidas-nite-jogger-3m-grey-three
Nite Jogger,Men,"https://stockx.imgix.net/adidas-Nite-Jogger-Pride-2020.png?fit=fill&bg=FFFFFF&w=300&h=214&auto=format,compress&trim=color&q=90&dpr=2&updated_at=1588214356",https://stockx.com/adidas-nite-jogger-pride-2020
Nite Jogger,Men,"https://stockx.imgix.net/adidas-Nite-Jogger-Cordura-Black-Orange.png?fit=fill&bg=FFFFFF&w=300&h=214&auto=format,compress&trim=color&q=90&dpr=2&updated_at=1567735525",https://stockx.com/adidas-nite-jogger-cordura-black-orange
Nite Jogger,Men,"https://stockx.imgix.net/adidas-Nite-Jogger-3M-Black-Metallic.png?fit=fill&bg=FFFFFF&w=300&h=214&auto=format,compress&trim=color&q=90&dpr=2&updated_at=1580278853",https://stockx.com/adidas-nite-jogger-3m-black-metallic
Nite Jogger,Men,"https://stockx.imgix.net/adidas-Nite-Jogger-Ash-Silver.png?fit=fill&bg=FFFFFF&w=300&h=214&auto=format,compress&trim=color&q=90&dpr=2&updated_at=1567050643",https://stockx.com/adidas-nite-jogger-ash-silver
Nite Jogger,Men,"https://stockx.imgix.net/adidas-Nite-Jogger-Collegiate-Navy-Product.jpg?fit=fill&bg=FFFFFF&w=300&h=214&auto=format,compress&trim=color&q=90&dpr=2&updated_at=1583360568",https://stockx.com/adidas-nite-jogger-collegiate-navy
Nite Jogger,Men,"https://stockx.imgix.net/adidas-Nite-Jogger-Core-Black-Carbon-Hi-Res.png?fit=fill&bg=FFFFFF&w=300&h=214&auto=format,compress&trim=color&q=90&dpr=2&updated_at=1581706673",https://stockx.com/adidas-nite-jogger-core-black-carbon-hi-res
Nite Jogger,Men,"https://stockx.imgix.net/adidas-Nite-Jogger-St-Desert-Sand.png?fit=fill&bg=FFFFFF&w=300&h=214&auto=format,compress&trim=color&q=90&dpr=2&updated_at=1581706655",https://stockx.com/adidas-nite-jogger-st-desert-sand
Nite Jogger,Men,"https://stockx.imgix.net/adidas-Nite-Jogger-Shock-Red.png?fit=fill&bg=FFFFFF&w=300&h=214&auto=format,compress&trim=color&q=90&dpr=2&updated_at=1581706653",https://stockx.com/adidas-nite-jogger-shock-red
Nite Jogger,Men,"https://stockx.imgix.net/adidas-Nite-Jogger-Core-Black-Lush-Blue.png?fit=fill&bg=FFFFFF&w=300&h=214&auto=format,compress&trim=color&q=90&dpr=2&updated_at=1574940844",https://stockx.com/adidas-nite-jogger-core-black-lush-blue
Nite Jogger,Men,"https://stockx.imgix.net/adidas-Nite-Jogger-Orbit-Grey.png?fit=fill&bg=FFFFFF&w=300&h=214&auto=format,compress&trim=color&q=90&dpr=2&updated_at=1581706661",https://stockx.com/adidas-nite-jogger-orbit-grey
Nite Jogger,Men,"https://stockx.imgix.net/adidas-Nite-Jogger-Core-Black-Power-Blue.png?fit=fill&bg=FFFFFF&w=300&h=214&auto=format,compress&trim=color&q=90&dpr=2&updated_at=1581706664",https://stockx.com/adidas-nite-jogger-core-black-power-blue
Nite Jogger,Men,"https://stockx.imgix.net/adidas-Nite-Jogger-Grey-One-Active-Blue.png?fit=fill&bg=FFFFFF&w=300&h=214&auto=format,compress&trim=color&q=90&dpr=2&updated_at=1554401378",https://stockx.com/adidas-nite-jogger-grey-one-active-blue
Nite Jogger,Men,"https://stockx.imgix.net/adidas-Nite-Jogger-White-Mountaineering-White.png?fit=fill&bg=FFFFFF&w=300&h=214&auto=format,compress&trim=color&q=90&dpr=2&updated_at=1570771274",https://stockx.com/adidas-nite-jogger-white-mountaineering-white
Nite Jogger,Men,"https://stockx.imgix.net/adidas-Nite-Jogger-OG-3M.png?fit=fill&bg=FFFFFF&w=300&h=214&auto=format,compress&trim=color&q=90&dpr=2&updated_at=1571847204",https://stockx.com/adidas-nite-jogger-og-3m
Nite Jogger,Men,"https://stockx.imgix.net/adidas-Nite-Jogger-Light-Solid-Grey.png?fit=fill&bg=FFFFFF&w=300&h=214&auto=format,compress&trim=color&q=90&dpr=2&updated_at=1556339711",https://stockx.com/adidas-nite-jogger-light-solid-grey
Nite Jogger,Men,"https://stockx.imgix.net/adidas-Nite-Jogger-Cloud-White.png?fit=fill&bg=FFFFFF&w=300&h=214&auto=format,compress&trim=color&q=90&dpr=2&updated_at=1581706652",https://stockx.com/adidas-nite-jogger-cloud-white
Nite Jogger,Men,"https://stockx.imgix.net/adidas-Nite-Jogger-Feather-Grey.png?fit=fill&bg=FFFFFF&w=300&h=214&auto=format,compress&trim=color&q=90&dpr=2&updated_at=1581706671",https://stockx.com/adidas-nite-jogger-feather-grey
Nite Jogger,Men,"https://stockx.imgix.net/adidas-Nite-Jogger-Jet-Set-Los-Angeles.png?fit=fill&bg=FFFFFF&w=300&h=214&auto=format,compress&trim=color&q=90&dpr=2&updated_at=1552149759",https://stockx.com/adidas-nite-jogger-jet-set-los-angeles
Nite Jogger,Men,"https://stockx.imgix.net/adidas-Nite-Jogger-Easy-Yellow.png?fit=fill&bg=FFFFFF&w=300&h=214&auto=format,compress&trim=color&q=90&dpr=2&updated_at=1581706648",https://stockx.com/adidas-nite-jogger-easy-yellow
Nite Jogger,Men,"https://stockx.imgix.net/adidas-Nite-Jogger-Cloud-White-Collegiate-Royal.png?fit=fill&bg=FFFFFF&w=300&h=214&auto=format,compress&trim=color&q=90&dpr=2&updated_at=1581706668",https://stockx.com/adidas-nite-jogger-cloud-white-collegiate-royal
Nite Jogger,Men,"https://stockx.imgix.net/adidas-Nite-Jogger-SNS-Exclusive.png?fit=fill&bg=FFFFFF&w=300&h=214&auto=format,compress&trim=color&q=90&dpr=2&updated_at=1551327763",https://stockx.com/adidas-nite-jogger-sns-exclusive
Nite Jogger,Men,"https://stockx.imgix.net/adidas-Nite-Jogger-Core-Black-Collegiate-Royal.png?fit=fill&bg=FFFFFF&w=300&h=214&auto=format,compress&trim=color&q=90&dpr=2&updated_at=1581706666",https://stockx.com/adidas-nite-jogger-core-black-collegiate-royal
Nite Jogger,Men,"https://stockx.imgix.net/adidas-Nite-Jogger-Silver-Metallic.png?fit=fill&bg=FFFFFF&w=300&h=214&auto=format,compress&trim=color&q=90&dpr=2&updated_at=1581706646",https://stockx.com/adidas-nite-jogger-silver-metallic
Nite Jogger,Men,"https://stockx.imgix.net/adidas-Nite-Jogger-Jet-Set-London.png?fit=fill&bg=FFFFFF&w=300&h=214&auto=format,compress&trim=color&q=90&dpr=2&updated_at=1554260890",https://stockx.com/adidas-nite-jogger-jet-set-london
Nite Jogger,Men,"https://stockx.imgix.net/adidas-Nite-Jogger-Triple-Black-2020.png?fit=fill&bg=FFFFFF&w=300&h=214&auto=format,compress&trim=color&q=90&dpr=2&updated_at=1591238783",https://stockx.com/adidas-nite-jogger-triple-black-2020
Nite Jogger,Men,"https://stockx.imgix.net/adidas-Nite-Jogger-Jet-Set-New-York.png?fit=fill&bg=FFFFFF&w=300&h=214&auto=format,compress&trim=color&q=90&dpr=2&updated_at=1552149760",https://stockx.com/adidas-nite-jogger-jet-set-new-york
Nite Jogger,Men,"https://stockx.imgix.net/adidas-Nite-Jogger-size-Road-Safety.jpg?fit=fill&bg=FFFFFF&w=300&h=214&auto=format,compress&trim=color&q=90&dpr=2&updated_at=1552070383",https://stockx.com/adidas-nite-jogger-size-road-safety
Nite Jogger,Men,"https://stockx.imgix.net/adidas-Nite-Jogger-Gradient.png?fit=fill&bg=FFFFFF&w=300&h=214&auto=format,compress&trim=color&q=90&dpr=2&updated_at=1593069118",https://stockx.com/adidas-nite-jogger-gradient
Nite Jogger,Men,"https://stockx.imgix.net/adidas-Nite-Jogger-Jet-Set-Paris.png?fit=fill&bg=FFFFFF&w=300&h=214&auto=format,compress&trim=color&q=90&dpr=2&updated_at=1554260885",https://stockx.com/adidas-nite-jogger-jet-set-paris
Nite Jogger,Men,"https://stockx.imgix.net/adidas-Nite-Jogger-Cloud-White-Signal-Green.png?fit=fill&bg=FFFFFF&w=300&h=214&auto=format,compress&trim=color&q=90&dpr=2&updated_at=1582786889",https://stockx.com/adidas-nite-jogger-cloud-white-signal-green
Nite Jogger,Men,"https://stockx.imgix.net/adidas-Nite-Jogger-Core-Black-Bright-Cyan.png?fit=fill&bg=FFFFFF&w=300&h=214&auto=format,compress&trim=color&q=90&dpr=2&updated_at=1581706670",https://stockx.com/adidas-nite-jogger-core-black-bright-cyan
Nite Jogger,Men,"https://stockx.imgix.net/adidas-Nite-Jogger-Core-Black-Purple-Tint-W.jpg?fit=fill&bg=FFFFFF&w=300&h=214&auto=format,compress&trim=color&q=90&dpr=2&updated_at=1584639653",https://stockx.com/adidas-nite-jogger-core-black-purple-tint-w
Nite Jogger,Men,"https://stockx.imgix.net/adidas-Nite-Jogger-3M-Grey.png?fit=fill&bg=FFFFFF&w=300&h=214&auto=format,compress&trim=color&q=90&dpr=2&updated_at=1587702419",https://stockx.com/adidas-nite-jogger-3m-grey
Nite Jogger,Men,"https://stockx.imgix.net/adidas-Nite-Jogger-Jet-Set-Tokyo.png?fit=fill&bg=FFFFFF&w=300&h=214&auto=format,compress&trim=color&q=90&dpr=2&updated_at=1554260888",https://stockx.com/adidas-nite-jogger-jet-set-tokyo
Nite Jogger,Men,"https://stockx.imgix.net/adidas-Nite-Jogger-Triple-White-2020.png?fit=fill&bg=FFFFFF&w=300&h=214&auto=format,compress&trim=color&q=90&dpr=2&updated_at=1591238784",https://stockx.com/adidas-nite-jogger-triple-white-2020
Nite Jogger,Men,"https://stockx.imgix.net/adidas-Nite-Jogger-3M-Cloud-White-Product.jpg?fit=fill&bg=FFFFFF&w=300&h=214&auto=format,compress&trim=color&q=90&dpr=2&updated_at=1580325806",https://stockx.com/adidas-nite-jogger-3m-cloud-white
Nite Jogger,Men,"https://stockx.imgix.net/adidas-Nite-Jogger-Triple-White.png?fit=fill&bg=FFFFFF&w=300&h=214&auto=format,compress&trim=color&q=90&dpr=2&updated_at=1554401339",https://stockx.com/adidas-nite-jogger-triple-white
Nite Jogger,Men,"https://stockx.imgix.net/adidas-Nite-Jogger-Triple-Grey.png?fit=fill&bg=FFFFFF&w=300&h=214&auto=format,compress&trim=color&q=90&dpr=2&updated_at=1554401356",https://stockx.com/adidas-nite-jogger-triple-grey
Nite Jogger,Men,"https://stockx.imgix.net/adidas-Nite-Jogger-3M-Silver-Metallic.png?fit=fill&bg=FFFFFF&w=300&h=214&auto=format,compress&trim=color&q=90&dpr=2&updated_at=1580278854",https://stockx.com/adidas-nite-jogger-3m-silver-metallic
Nite Jogger,Men,"https://stockx.imgix.net/adidas-Nite-Jogger-Grey-Two.png?fit=fill&bg=FFFFFF&w=300&h=214&auto=format,compress&trim=color&q=90&dpr=2&updated_at=1581706663",https://stockx.com/adidas-nite-jogger-grey-two
Nite Jogger,Men,"https://stockx.imgix.net/adidas-Nite-Jogger-Royal-Grey-Black.png?fit=fill&bg=FFFFFF&w=300&h=214&auto=format,compress&trim=color&q=90&dpr=2&updated_at=1578035966",https://stockx.com/adidas-nite-jogger-royal-grey-black
Nite Jogger,Men,"https://stockx.imgix.net/adidas-Nite-Jogger-Silver-Metallic-Blue.jpg?fit=fill&bg=FFFFFF&w=300&h=214&auto=format,compress&trim=color&q=90&dpr=2&updated_at=1584639659",https://stockx.com/adidas-nite-jogger-silver-metallic-blue
Nite Jogger,Men,"https://stockx.imgix.net/adidas-Nite-Jogger-Amber-Tint.png?fit=fill&bg=FFFFFF&w=300&h=214&auto=format,compress&trim=color&q=90&dpr=2&updated_at=1581706660",https://stockx.com/adidas-nite-jogger-amber-tint
Nite Jogger,Men,"https://stockx.imgix.net/adidas-Nite-Jogger-Chalk-White.png?fit=fill&bg=FFFFFF&w=300&h=214&auto=format,compress&trim=color&q=90&dpr=2&updated_at=1581706658",https://stockx.com/adidas-nite-jogger-chalk-white
Nite Jogger,Men,"https://stockx.imgix.net/adidas-Nite-Jogger-Hi-Res-Red.jpg?fit=fill&bg=FFFFFF&w=300&h=214&auto=format,compress&trim=color&q=90&dpr=2&updated_at=1584639656",https://stockx.com/adidas-nite-jogger-hi-res-red
Nite Jogger,Men,"https://stockx.imgix.net/adidas-Nite-Jogger-Silver-Metallic-Pink.jpg?fit=fill&bg=FFFFFF&w=300&h=214&auto=format,compress&trim=color&q=90&dpr=2&updated_at=1584639661",https://stockx.com/adidas-nite-jogger-silver-metallic-pink
Nite Jogger,Men,"https://stockx.imgix.net/adidas-Nite-Jogger-3M-Red.png?fit=fill&bg=FFFFFF&w=300&h=214&auto=format,compress&trim=color&q=90&dpr=2&updated_at=1587702419",https://stockx.com/adidas-nite-jogger-3m-red
Nite Jogger,Men,"https://stockx.imgix.net/adidas-Nite-Jogger-Jet-Set-Shanghai.png?fit=fill&bg=FFFFFF&w=300&h=214&auto=format,compress&trim=color&q=90&dpr=2&updated_at=1554260887",https://stockx.com/adidas-nite-jogger-jet-set-shanghai
Nite Jogger,Men,"https://stockx.imgix.net/adidas-Nite-Jogger-Cloud-White-Crystal.jpg?fit=fill&bg=FFFFFF&w=300&h=214&auto=format,compress&trim=color&q=90&dpr=2&updated_at=1588008562",https://stockx.com/adidas-nite-jogger-cloud-white-crystal
