Ivy Park,Men,"https://stockx.imgix.net/adidas-Ultra-Boost-Beyonce-Ivy-Park-W.png?fit=fill&bg=FFFFFF&w=300&h=214&auto=format,compress&trim=color&q=90&dpr=2&updated_at=1578978289",https://stockx.com/adidas-ultra-boost-beyonce-ivy-park
Ivy Park,Men,"https://stockx.imgix.net/adidas-Nite-Jogger-Beyonce-Ivy-Park-W.png?fit=fill&bg=FFFFFF&w=300&h=214&auto=format,compress&trim=color&q=90&dpr=2&updated_at=1578978263",https://stockx.com/adidas-nite-jogger-beyonce-ivy-park
Ivy Park,Men,"https://stockx.imgix.net/adidas-Nite-Jogger-Beyonce-Ivy-Park-Ecru-Tint-W.png?fit=fill&bg=FFFFFF&w=300&h=214&auto=format,compress&trim=color&q=90&dpr=2&updated_at=1578978237",https://stockx.com/adidas-nite-jogger-beyonce-ivy-park-ecru-tint
Yeezy,Men,"https://stockx.imgix.net/adidas-Yeezy-Boost-350-V2-Carbon-Product.jpg?fit=fill&bg=FFFFFF&w=300&h=214&auto=format,compress&trim=color&q=90&dpr=2&updated_at=1602176137",https://stockx.com/adidas-yeezy-boost-350-v2-asriel
Yeezy,Men,"https://stockx.imgix.net/adidas-Yeezy-Boost-350-V2-Zyon-Product.jpg?fit=fill&bg=FFFFFF&w=300&h=214&auto=format,compress&trim=color&q=90&dpr=2&updated_at=1596134320",https://stockx.com/adidas-yeezy-boost-350-v2-zyon
Yeezy,Men,"https://stockx.imgix.net/adidas-Yeezy-700-V3-Arzareth-Product.jpg?fit=fill&bg=FFFFFF&w=300&h=214&auto=format,compress&trim=color&q=90&dpr=2&updated_at=1599674275",https://stockx.com/adidas-yeezy-700-v3-arzareth
Yeezy,Men,"https://stockx.imgix.net/adidas-Yeezy-Boost-350-V2-Cinder-Product.jpg?fit=fill&bg=FFFFFF&w=300&h=214&auto=format,compress&trim=color&q=90&dpr=2&updated_at=1594236988",https://stockx.com/adidas-yeezy-boost-350-v2-cinder
Yeezy,Men,"https://stockx.imgix.net/adidas-Yeezy-Boost-350-V2-Yecheil-Product.jpg?fit=fill&bg=FFFFFF&w=300&h=214&auto=format,compress&trim=color&q=90&dpr=2&updated_at=1574449122",https://stockx.com/adidas-yeezy-boost-350-v2-yecheil
Yeezy,Men,"https://stockx.imgix.net/Adidas-Yeezy-Boost-350-V2-Zebra-Product-1.jpg?fit=fill&bg=FFFFFF&w=300&h=214&auto=format,compress&trim=color&q=90&dpr=2&updated_at=1578503931",https://stockx.com/adidas-yeezy-boost-350-v2-white-core-black-red
Yeezy,Men,"https://stockx.imgix.net/adidas-Yeezy-Boost-350-V2-Desert-Sage-Product.jpg?fit=fill&bg=FFFFFF&w=300&h=214&auto=format,compress&trim=color&q=90&dpr=2&updated_at=1583162937",https://stockx.com/adidas-yeezy-boost-350-v2-desert-sage
Yeezy,Men,"https://stockx.imgix.net/adidas-Yeezy-Boost-350-V2-Cloud-White-Product.jpg?fit=fill&bg=FFFFFF&w=300&h=214&auto=format,compress&trim=color&q=90&dpr=2&updated_at=1569251179",https://stockx.com/adidas-yeezy-boost-350-v2-cloud-white
Yeezy,Men,"https://stockx.imgix.net/adidas-Yeezy-Boost-350-V2-Earth-Product.jpg?fit=fill&bg=FFFFFF&w=300&h=214&auto=format,compress&trim=color&q=90&dpr=2&updated_at=1581716639",https://stockx.com/adidas-yeezy-boost-350-v2-earth
Yeezy,Men,"https://stockx.imgix.net/Adidas-Yeezy-Boost-350-V2-Cream-White-1-1.jpg?fit=fill&bg=FFFFFF&w=300&h=214&auto=format,compress&trim=color&q=90&dpr=2&updated_at=1539789713",https://stockx.com/adidas-yeezy-boost-350-v2-cream-white
Yeezy,Men,"https://stockx.imgix.net/adidas-Yeezy-Boost-380-Mist-Product.jpg?fit=fill&bg=FFFFFF&w=300&h=214&auto=format,compress&trim=color&q=90&dpr=2&updated_at=1596134320",https://stockx.com/adidas-yeezy-boost-380-mist
Yeezy,Men,"https://stockx.imgix.net/adidas-Yeezy-Boost-350-V2-Citrin-Product.jpg?fit=fill&bg=FFFFFF&w=300&h=214&auto=format,compress&trim=color&q=90&dpr=2&updated_at=1569423080",https://stockx.com/adidas-yeezy-boost-350-v2-citrin
Yeezy,Men,"https://stockx.imgix.net/adidas-Yzy-QNTM-Product.jpg?fit=fill&bg=FFFFFF&w=300&h=214&auto=format,compress&trim=color&q=90&dpr=2&updated_at=1581994436",https://stockx.com/adidas-yzy-qntm
Yeezy,Men,"https://stockx.imgix.net/adidas-Yeezy-Boost-350-V2-Tail-Light-Product.jpg?fit=fill&bg=FFFFFF&w=300&h=214&auto=format,compress&trim=color&q=90&dpr=2&updated_at=1584757351",https://stockx.com/adidas-yeezy-boost-350-v2-tail-light
Yeezy,Men,"https://stockx.imgix.net/adidas-Yeezy-Boost-350-V2-Yeezreel-Product.jpg?fit=fill&bg=FFFFFF&w=300&h=214&auto=format,compress&trim=color&q=90&dpr=2&updated_at=1576082578",https://stockx.com/adidas-yeezy-boost-350-v2-yeezreel
Yeezy,Men,"https://stockx.imgix.net/adidas-Yeezy-Boost-700-V3-Alvah-Product.jpg?fit=fill&bg=FFFFFF&w=300&h=214&auto=format,compress&trim=color&q=90&dpr=2&updated_at=1599576399",https://stockx.com/adidas-yeezy-700-v3-alvah
Yeezy,Men,"https://stockx.imgix.net/Adidas-Yeezy-Wave-Runner-700-Solid-Grey-Product.jpg?fit=fill&bg=FFFFFF&w=300&h=214&auto=format,compress&trim=color&q=90&dpr=2&updated_at=1538080256",https://stockx.com/adidas-yeezy-wave-runner-700-solid-grey
Yeezy,Men,"https://stockx.imgix.net/Adidas-Yeezy-700-Mauve-Product.jpg?fit=fill&bg=FFFFFF&w=300&h=214&auto=format,compress&trim=color&q=90&dpr=2&updated_at=1539982972",https://stockx.com/adidas-yeezy-700-mauve
Yeezy,Men,"https://stockx.imgix.net/adidas-Yeezy-500-Stone-Product.jpg?fit=fill&bg=FFFFFF&w=300&h=214&auto=format,compress&trim=color&q=90&dpr=2&updated_at=1575330093",https://stockx.com/adidas-yeezy-500-stone
Yeezy,Men,"https://stockx.imgix.net/Adidas-Yeezy-Boost-350-V2-Sesame-Thumb.jpg?fit=fill&bg=FFFFFF&w=300&h=214&auto=format,compress&trim=color&q=90&dpr=2&updated_at=1541007855",https://stockx.com/adidas-yeezy-boost-350-v2-sesame
Yeezy,Men,"https://stockx.imgix.net/adidas-Yeezy-Boost-700-Analog-Product.jpg?fit=fill&bg=FFFFFF&w=300&h=214&auto=format,compress&trim=color&q=90&dpr=2&updated_at=1554843625",https://stockx.com/adidas-yeezy-boost-700-analog
Yeezy,Men,"https://stockx.imgix.net/adidas-Yeezy-Boost-350-V2-Linen-Product.jpg?fit=fill&bg=FFFFFF&w=300&h=214&auto=format,compress&trim=color&q=90&dpr=2&updated_at=1597153659",https://stockx.com/adidas-yeezy-boost-350-v2-linen
Yeezy,Men,"https://stockx.imgix.net/adidas-Yeezy-Boost-700-Inertia-Product.jpg?fit=fill&bg=FFFFFF&w=300&h=214&auto=format,compress&trim=color&q=90&dpr=2&updated_at=1551991286",https://stockx.com/adidas-yeezy-boost-700-inertia
Yeezy,Men,"https://stockx.imgix.net/adidas-Yeezy-Boost-700-V2-Vanta_01.jpg?fit=fill&bg=FFFFFF&w=300&h=214&auto=format,compress&trim=color&q=90&dpr=2&updated_at=1558728185",https://stockx.com/adidas-yeezy-boost-700-v2-vanta
Yeezy,Men,"https://stockx.imgix.net/Adidas-Yeezy-500-Utility-Black-Product.jpg?fit=fill&bg=FFFFFF&w=300&h=214&auto=format,compress&trim=color&q=90&dpr=2&updated_at=1538080256",https://stockx.com/adidas-yeezy-500-utility-black
Yeezy,Men,"https://stockx.imgix.net/adidas-Yeezy-Boost-350-V2-Static-Product.jpg?fit=fill&bg=FFFFFF&w=300&h=214&auto=format,compress&trim=color&q=90&dpr=2&updated_at=1544657399",https://stockx.com/adidas-yeezy-boost-350-v2-static
Yeezy,Men,"https://stockx.imgix.net/Adidas-Yeezy-Boost-350-V2-Semi-Frozen-Yellow-Product.jpg?fit=fill&bg=FFFFFF&w=300&h=214&auto=format,compress&trim=color&q=90&dpr=2&updated_at=1538080256",https://stockx.com/adidas-yeezy-boost-350-v2-semi-frozen-yellow
Yeezy,Men,"https://stockx.imgix.net/adidas-Yeezy-Boost-700-V2-Hospital-Blue-Product.jpg?fit=fill&bg=FFFFFF&w=300&h=214&auto=format,compress&trim=color&q=90&dpr=2&updated_at=1570214843",https://stockx.com/adidas-yeezy-boost-700-v2-hospital-blue
Yeezy,Men,"https://stockx.imgix.net/adidas-Yeezy-Boost-350-V2-Clay-Product.jpg?fit=fill&bg=FFFFFF&w=300&h=214&auto=format,compress&trim=color&q=90&dpr=2&updated_at=1551987026",https://stockx.com/adidas-yeezy-boost-350-v2-clay
Yeezy,Men,"https://stockx.imgix.net/adidas-Yeezy-Boost-700-MNVN-Triple-Black-Product.jpg?fit=fill&bg=FFFFFF&w=300&h=214&auto=format,compress&trim=color&q=90&dpr=2&updated_at=1583360568",https://stockx.com/adidas-yeezy-boost-700-mnvn-triple-black
Yeezy,Men,"https://stockx.imgix.net/Adidas-Yeezy-500-Blush-Product.jpg?fit=fill&bg=FFFFFF&w=300&h=214&auto=format,compress&trim=color&q=90&dpr=2&updated_at=1538080256",https://stockx.com/adidas-yeezy-500-blush
Yeezy,Men,"https://stockx.imgix.net/Adidas-Yeezy-Powerphase-Calabasas-Core-Black-Product.jpg?fit=fill&bg=FFFFFF&w=300&h=214&auto=format,compress&trim=color&q=90&dpr=2&updated_at=1538080256",https://stockx.com/adidas-yeezy-powerphase-calabasas-core-black
Yeezy,Men,"https://stockx.imgix.net/adidas-Yeezy-500-High-Slate-Product.jpg?fit=fill&bg=FFFFFF&w=300&h=214&auto=format,compress&trim=color&q=90&dpr=2&updated_at=1576269538",https://stockx.com/adidas-yeezy-500-high-slate
Yeezy,Men,"https://stockx.imgix.net/adidas-Yeezy-Boost-350-V2-Yeshaya-Product.jpg?fit=fill&bg=FFFFFF&w=300&h=214&auto=format,compress&trim=color&q=90&dpr=2&updated_at=1580313676",https://stockx.com/adidas-yeezy-boost-350-v2-yeshaya
Yeezy,Men,"https://stockx.imgix.net/adidas-Yeezy-Boost-700-Utility-Black_01.jpg?fit=fill&bg=FFFFFF&w=300&h=214&auto=format,compress&trim=color&q=90&dpr=2&updated_at=1562080857",https://stockx.com/adidas-yeezy-boost-700-utility-black
Yeezy,Men,"https://stockx.imgix.net/adidas-Yeezy-Boost-350-V2-Lundmark-Product.jpg?fit=fill&bg=FFFFFF&w=300&h=214&auto=format,compress&trim=color&q=90&dpr=2&updated_at=1562948358",https://stockx.com/adidas-yeezy-boost-350-v2-lundmark
Yeezy,Men,"https://stockx.imgix.net/adidas-Yeezy-Boost-350-V2-Static-Black-Reflective-1-1.jpg?fit=fill&bg=FFFFFF&w=300&h=214&auto=format,compress&trim=color&q=90&dpr=2&updated_at=1560787762",https://stockx.com/adidas-yeezy-boost-350-v2-static-black-reflective
Yeezy,Men,"https://stockx.imgix.net/adidas-Yeezy-Boost-350-V2-Sulfur.jpg?fit=fill&bg=FFFFFF&w=300&h=214&auto=format,compress&trim=color&q=90&dpr=2&updated_at=1588689506",https://stockx.com/adidas-yeezy-boost-350-v2-sulfur
Yeezy,Men,"https://stockx.imgix.net/adidas-Yeezy-Boost-700-V2-Geode-Product.jpg?fit=fill&bg=FFFFFF&w=300&h=214&auto=format,compress&trim=color&q=90&dpr=2&updated_at=1553612214",https://stockx.com/adidas-yeezy-boost-700-v2-geode
Yeezy,Men,"https://stockx.imgix.net/adidas-Yeezy-700-V3-Azael-Product.jpg?fit=fill&bg=FFFFFF&w=300&h=214&auto=format,compress&trim=color&q=90&dpr=2&updated_at=1577487190",https://stockx.com/adidas-yeezy-boost-700-v3-azael
Yeezy,Men,"https://stockx.imgix.net/Adidas-Yeezy-Boost-350-V2-Beluga-2pt0-Product.jpg?fit=fill&bg=FFFFFF&w=300&h=214&auto=format,compress&trim=color&q=90&dpr=2&updated_at=1538080256",https://stockx.com/adidas-yeezy-boost-350-v2-beluga-2-0
Yeezy,Men,"https://stockx.imgix.net/Adidas-Yeezy-Boost-350-V2-Butter-Product.jpg?fit=fill&bg=FFFFFF&w=300&h=214&auto=format,compress&trim=color&q=90&dpr=2&updated_at=1538080256",https://stockx.com/adidas-yeezy-boost-350-v2-butter
Yeezy,Men,"https://stockx.imgix.net/Adidas-Yeezy-Boost-700-Salt-Product.jpg?fit=fill&bg=FFFFFF&w=300&h=214&auto=format,compress&trim=color&q=90&dpr=2&updated_at=1551715050",https://stockx.com/adidas-yeezy-boost-700-salt
Yeezy,Men,"https://stockx.imgix.net/Adidas-Yeezy-Boost-350-V2-Blue-Tint-Product.jpg?fit=fill&bg=FFFFFF&w=300&h=214&auto=format,compress&trim=color&q=90&dpr=2&updated_at=1538080256",https://stockx.com/adidas-yeezy-boost-350-v2-blue-tint
Yeezy,Men,"https://stockx.imgix.net/adidas-Yeezy-500-Salt-Product.jpg?fit=fill&bg=FFFFFF&w=300&h=214&auto=format,compress&trim=color&q=90&dpr=2&updated_at=1544024798",https://stockx.com/adidas-yeezy-500-salt
Yeezy,Men,"https://stockx.imgix.net/adidas-Yeezy-Boost-700-V2-Tephra-Product.jpg?fit=fill&bg=FFFFFF&w=300&h=214&auto=format,compress&trim=color&q=90&dpr=2&updated_at=1559935327",https://stockx.com/adidas-yeezy-boost-700-v2-tephra
Yeezy,Men,"https://stockx.imgix.net/adidas-Yeezy-500-Soft-Vision-Product.jpg?fit=fill&bg=FFFFFF&w=300&h=214&auto=format,compress&trim=color&q=90&dpr=2&updated_at=1572553513",https://stockx.com/adidas-yeezy-500-soft-vision
Yeezy,Men,"https://stockx.imgix.net/adidas-Yeezy-Boost-700-MNVN-Bone-Product.jpg?fit=fill&bg=FFFFFF&w=300&h=214&auto=format,compress&trim=color&q=90&dpr=2&updated_at=1596134320",https://stockx.com/adidas-yeezy-boost-700-mnvn-bone
Yeezy,Men,"https://stockx.imgix.net/Adidas-Yeezy-Powerphase-Calabasas-Grey-Product.jpg?fit=fill&bg=FFFFFF&w=300&h=214&auto=format,compress&trim=color&q=90&dpr=2&updated_at=1538080256",https://stockx.com/adidas-yeezy-powerphase-calabasas-grey
Yeezy,Men,"https://stockx.imgix.net/adidas-Yeezy-Boost-350-V2-True-Form-Product.jpg?fit=fill&bg=FFFFFF&w=300&h=214&auto=format,compress&trim=color&q=90&dpr=2&updated_at=1553182466",https://stockx.com/adidas-yeezy-boost-350-v2-true-form
Yeezy,Men,"https://stockx.imgix.net/adidas-Yeezy-Boost-350-V2-Glow-Product.jpg?fit=fill&bg=FFFFFF&w=300&h=214&auto=format,compress&trim=color&q=90&dpr=2&updated_at=1558535347",https://stockx.com/adidas-yeezy-boost-350-v2-glow
Yeezy,Men,"https://stockx.imgix.net/adidas-Yeezy-Boost-700-V2-Inertia-Product.jpg?fit=fill&bg=FFFFFF&w=300&h=214&auto=format,compress&trim=color&q=90&dpr=2&updated_at=1567798812",https://stockx.com/adidas-yeezy-boost-700-v2-inertia
Yeezy,Men,"https://stockx.imgix.net/Adidas-Yeezy-Boost-350-V2-Core-Black-Red-2017-Product.jpg?fit=fill&bg=FFFFFF&w=300&h=214&auto=format,compress&trim=color&q=90&dpr=2&updated_at=1538080256",https://stockx.com/adidas-yeezy-boost-350-v2-core-black-red-2017
Yeezy,Men,"https://stockx.imgix.net/adidas-Yeezy-Boost-350-V2-Synth-Product.jpg?fit=fill&bg=FFFFFF&w=300&h=214&auto=format,compress&trim=color&q=90&dpr=2&updated_at=1561145605",https://stockx.com/adidas-yeezy-boost-350-v2-synth
Yeezy,Men,"https://stockx.imgix.net/adidas-Yeezy-Boost-350-V2-Static-Reflective-Product.jpg?fit=fill&bg=FFFFFF&w=300&h=214&auto=format,compress&trim=color&q=90&dpr=2&updated_at=1545956613",https://stockx.com/adidas-yeezy-boost-350-v2-static-reflective
Yeezy,Men,"https://stockx.imgix.net/adidas-Yeezy-Boost-350-V2-Antlia-Product.jpg?fit=fill&bg=FFFFFF&w=300&h=214&auto=format,compress&trim=color&q=90&dpr=2&updated_at=1561145415",https://stockx.com/adidas-yeezy-boost-350-v2-antlia
Yeezy,Men,"https://stockx.imgix.net/adidas-Yeezy-Boost-380-Alien-Product.jpg?fit=fill&bg=FFFFFF&w=300&h=214&auto=format,compress&trim=color&q=90&dpr=2&updated_at=1574092407",https://stockx.com/adidas-yeezy-boost-380-alien
Yeezy,Men,"https://stockx.imgix.net/adidas-Yeezy-Boost-700-Magnet-Product.jpg?fit=fill&bg=FFFFFF&w=300&h=214&auto=format,compress&trim=color&q=90&dpr=2&updated_at=1568299976",https://stockx.com/adidas-yeezy-boost-700-magnet
Yeezy,Men,"https://stockx.imgix.net/Adidas-Yeezy-Boost-350-Low-V2-Beluga-Product.jpg?fit=fill&bg=FFFFFF&w=300&h=214&auto=format,compress&trim=color&q=90&dpr=2&updated_at=1598646006",https://stockx.com/adidas-yeezy-boost-350-v2-steeple-grey-beluga-solar-red
Yeezy,Men,"https://stockx.imgix.net/adidas-Yeezy-Boost-350-V2-Flax.png?fit=fill&bg=FFFFFF&w=300&h=214&auto=format,compress&trim=color&q=90&dpr=2&updated_at=1583166592",https://stockx.com/adidas-yeezy-boost-350-v2-flax
Yeezy,Men,"https://stockx.imgix.net/adidas-Yeezy-Boost-350-V2-Hyperspace-Product.jpg?fit=fill&bg=FFFFFF&w=300&h=214&auto=format,compress&trim=color&q=90&dpr=2&updated_at=1553183126",https://stockx.com/adidas-yeezy-boost-350-v2-hyperspace
Yeezy,Men,"https://stockx.imgix.net/Adidas-Yeezy-Boost-350-V2-Core-Black-Red-Product.jpg?fit=fill&bg=FFFFFF&w=300&h=214&auto=format,compress&trim=color&q=90&dpr=2&updated_at=1538080256",https://stockx.com/adidas-yeezy-boost-350-v2-core-black-red
Yeezy,Men,"https://stockx.imgix.net/Adidas-Yeezy-500-Moon-Yellow-Product.jpg?fit=fill&bg=FFFFFF&w=300&h=214&auto=format,compress&trim=color&q=90&dpr=2&updated_at=1538080256",https://stockx.com/adidas-yeezy-500-desert-rat-moon-yellow
Yeezy,Men,"https://stockx.imgix.net/adidas-Yeezy-700-V2-Static-Product-1.jpg?fit=fill&bg=FFFFFF&w=300&h=214&auto=format,compress&trim=color&q=90&dpr=2&updated_at=1553090710",https://stockx.com/adidas-yeezy-700-v2-static
Yeezy,Men,"https://stockx.imgix.net/Adidas-Yeezy-Boost-350-Low-Turtledove-Product.jpg?fit=fill&bg=FFFFFF&w=300&h=214&auto=format,compress&trim=color&q=90&dpr=2&updated_at=1538080256",https://stockx.com/adidas-yeezy-boost-350-turtledove
Yeezy,Men,"https://stockx.imgix.net/Adidas-Yeezy-Powerphase-Calabasas-Core-White-Product.jpg?fit=fill&bg=FFFFFF&w=300&h=214&auto=format,compress&trim=color&q=90&dpr=2&updated_at=1538080256",https://stockx.com/adidas-yeezy-powerphase-calabasas-core-white
Yeezy,Men,"https://stockx.imgix.net/Adidas-Yeezy-Boost-750-Light-Brown-Gum.png?fit=fill&bg=FFFFFF&w=300&h=214&auto=format,compress&trim=color&q=90&dpr=2&updated_at=1538080256",https://stockx.com/adidas-yeezy-boost-750-chocolate-light-brown-gum
Yeezy,Men,"https://stockx.imgix.net/Adidas-Yeezy-Boost-750-Glow-In-The-Dark.jpg?fit=fill&bg=FFFFFF&w=300&h=214&auto=format,compress&trim=color&q=90&dpr=2&updated_at=1538080256",https://stockx.com/adidas-yeezy-boost-750-light-grey-glow-in-the-dark
Yeezy,Men,"https://stockx.imgix.net/Adidas-Yeezy-Boost-350-Low-Moonrock-Product.jpg?fit=fill&bg=FFFFFF&w=300&h=214&auto=format,compress&trim=color&q=90&dpr=2&updated_at=1559088668",https://stockx.com/adidas-yeezy-boost-350-moonrock
Yeezy,Men,"https://stockx.imgix.net/Adidas-Yeezy-Boost-750-Brown-Product.jpg?fit=fill&bg=FFFFFF&w=300&h=214&auto=format,compress&trim=color&q=90&dpr=2&updated_at=1598377195",https://stockx.com/adidas-yeezy-boost-750-light-brown
Yeezy,Men,"https://stockx.imgix.net/adidas-Yeezy-Boost-350-V2-Israfil-Product.jpg?fit=fill&bg=FFFFFF&w=300&h=214&auto=format,compress&trim=color&q=90&dpr=2&updated_at=1599067998",https://stockx.com/adidas-yeezy-boost-350-v2-israfil
Yeezy,Men,"https://stockx.imgix.net/adidas-Yeezy-Boost-380-Pepper-1.png?fit=fill&bg=FFFFFF&w=300&h=214&auto=format,compress&trim=color&q=90&dpr=2&updated_at=1599234078",https://stockx.com/adidas-yeezy-boost-380-pepper
Yeezy,Men,"https://stockx.imgix.net/adidas-YZY-QNTM-Ophani.jpg?fit=fill&bg=FFFFFF&w=300&h=214&auto=format,compress&trim=color&q=90&dpr=2&updated_at=1601656810",https://stockx.com/adidas-yzy-qntm-ophani
Yeezy,Men,"https://stockx.imgix.net/adidas-Yeezy-Boost-350-V2-Black-Product.jpg?fit=fill&bg=FFFFFF&w=300&h=214&auto=format,compress&trim=color&q=90&dpr=2&updated_at=1559748037",https://stockx.com/adidas-yeezy-boost-350-v2-black
Yeezy,Men,"https://stockx.imgix.net/adidas-YZY-QNTM-Barium-Product.jpg?fit=fill&bg=FFFFFF&w=300&h=214&auto=format,compress&trim=color&q=90&dpr=2&updated_at=1594237009",https://stockx.com/adidas-yzy-qntm-barium
Yeezy,Men,"https://stockx.imgix.net/adidas-Yeezy-Boost-350-V2-Cinder-Reflective.png?fit=fill&bg=FFFFFF&w=300&h=214&auto=format,compress&trim=color&q=90&dpr=2&updated_at=1585815420",https://stockx.com/adidas-yeezy-boost-350-v2-cinder-reflective
Yeezy,Men,"https://stockx.imgix.net/adidas-Yeezy-Boost-380-Blue-Oat.jpg?fit=fill&bg=FFFFFF&w=300&h=214&auto=format,compress&trim=color&q=90&dpr=2&updated_at=1595264320",https://stockx.com/adidas-yeezy-boost-380-blue-oat
Yeezy,Men,"https://stockx.imgix.net/adidas-Yeezy-Boost-350-V2-Marsh-Product.jpg?fit=fill&bg=FFFFFF&w=300&h=214&auto=format,compress&trim=color&q=90&dpr=2&updated_at=1581446989",https://stockx.com/adidas-yeezy-boost-350-v2-marsh
Yeezy,Men,"https://stockx.imgix.net/adidas-Yeezy-500-Bone-White-Product.jpg?fit=fill&bg=FFFFFF&w=300&h=214&auto=format,compress&trim=color&q=90&dpr=2&updated_at=1567541392",https://stockx.com/adidas-yeezy-boost-500-bone-white
Yeezy,Men,"https://stockx.imgix.net/adidas-Yeezy-Desert-Boot-Rock-Product.jpg?fit=fill&bg=FFFFFF&w=300&h=214&auto=format,compress&trim=color&q=90&dpr=2&updated_at=1555964849",https://stockx.com/adidas-yeezy-desert-boot-rock
Yeezy,Men,"https://stockx.imgix.net/adidas-Yeezy-Foam-RNNR-Ararat-Product.jpg?fit=fill&bg=FFFFFF&w=300&h=214&auto=format,compress&trim=color&q=90&dpr=2&updated_at=1596134320",https://stockx.com/adidas-yeezy-foam-rnnr-ararat
Yeezy,Men,"https://stockx.imgix.net/adidas-Yeezy-Boost-380-Mist-Reflective.png?fit=fill&bg=FFFFFF&w=300&h=214&auto=format,compress&trim=color&q=90&dpr=2&updated_at=1583167949",https://stockx.com/adidas-yeezy-boost-380-mist-reflective
Yeezy,Men,"https://stockx.imgix.net/adidas-Yeezy-Desert-Boot-Oil-Product.jpg?fit=fill&bg=FFFFFF&w=300&h=214&auto=format,compress&trim=color&q=90&dpr=2&updated_at=1569009633",https://stockx.com/adidas-yeezy-desert-boot-oil
Yeezy,Men,"https://stockx.imgix.net/adidas-Yeezy-Boost-380-Pepper-Reflective.png?fit=fill&bg=FFFFFF&w=300&h=214&auto=format,compress&trim=color&q=90&dpr=2&updated_at=1599674419",https://stockx.com/adidas-yeezy-boost-380-pepper-reflective
Yeezy,Men,"https://stockx.imgix.net/adidas-Yeezy-Boost-700-Carbon-Blue.png?fit=fill&bg=FFFFFF&w=300&h=214&auto=format,compress&trim=color&q=90&dpr=2&updated_at=1574144708",https://stockx.com/adidas-yeezy-boost-700-carbon-blue
Yeezy,Men,"https://stockx.imgix.net/adidas-Yeezy-Boost-350-V2-Yecheil-Reflective-Product.jpg?fit=fill&bg=FFFFFF&w=300&h=214&auto=format,compress&trim=color&q=90&dpr=2&updated_at=1577992775",https://stockx.com/adidas-yeezy-boost-350-v2-yecheil-reflective
Yeezy,Men,"https://stockx.imgix.net/adidas-Yeezy-Desert-Boot-Salt-Product.jpg?fit=fill&bg=FFFFFF&w=300&h=214&auto=format,compress&trim=color&q=90&dpr=2&updated_at=1569617843",https://stockx.com/adidas-yeezy-desert-boot-salt
Yeezy,Men,"https://stockx.imgix.net/adidas-Yeezy-Boost-700-MNVN-Orange-Product.jpg?fit=fill&bg=FFFFFF&w=300&h=214&auto=format,compress&trim=color&q=90&dpr=2&updated_at=1580325806",https://stockx.com/adidas-yeezy-boost-700-mnvn-orange
Yeezy,Men,"https://stockx.imgix.net/adidas-Yeezy-500-High-Tyrian-Product.jpg?fit=fill&bg=FFFFFF&w=300&h=214&auto=format,compress&trim=color&q=90&dpr=2&updated_at=1598649249",https://stockx.com/adidas-yeezy-500-high-tyrian
Yeezy,Men,"https://stockx.imgix.net/adidas-Yeezy-Boost-700-Teal-Blue-Product.jpg?fit=fill&bg=FFFFFF&w=300&h=214&auto=format,compress&trim=color&q=90&dpr=2&updated_at=1573840152",https://stockx.com/adidas-yeezy-boost-700-teal-blue
Yeezy,Men,"https://stockx.imgix.net/adidas-Yeezy-Boost-350-V2-Yeezreel-Reflective.jpg?fit=fill&bg=FFFFFF&w=300&h=214&auto=format,compress&trim=color&q=90&dpr=2&updated_at=1576682303",https://stockx.com/adidas-yeezy-boost-350-v2-yeezreel-reflective
Yeezy,Men,"https://stockx.imgix.net/adidas-Yeezy-Boost-350-V2-Citrin-Reflective-Product.jpg?fit=fill&bg=FFFFFF&w=300&h=214&auto=format,compress&trim=color&q=90&dpr=2&updated_at=1570822441",https://stockx.com/adidas-yeezy-boost-350-v2-citrin-reflective
Yeezy,Men,"https://stockx.imgix.net/adidas-Yeezy-Boost-700-MNVN-Phosphor.png?fit=fill&bg=FFFFFF&w=300&h=214&auto=format,compress&trim=color&q=90&dpr=2&updated_at=1587482765",https://stockx.com/adidas-yeezy-boost-700-mnvn-phosphor
Yeezy,Men,"https://stockx.imgix.net/adidas-Yeezy-Powerphase-Simple-Brown-Product.jpg?fit=fill&bg=FFFFFF&w=300&h=214&auto=format,compress&trim=color&q=90&dpr=2&updated_at=1569617843",https://stockx.com/adidas-yeezy-powerphase-simple-brown
Yeezy,Men,"https://stockx.imgix.net/adidas-Yeezy-Boost-350-V2-Yeshaya-Reflective-Product.jpg?fit=fill&bg=FFFFFF&w=300&h=214&auto=format,compress&trim=color&q=90&dpr=2&updated_at=1580841398",https://stockx.com/adidas-yeezy-boost-350-v2-yeshaya-reflective
Yeezy,Men,"https://stockx.imgix.net/adidas-Yeezy-Boost-350-V2-Cloud-White-Reflective-Product.jpg?fit=fill&bg=FFFFFF&w=300&h=214&auto=format,compress&trim=color&q=90&dpr=2&updated_at=1569423062",https://stockx.com/adidas-yeezy-boost-350-v2-cloud-white-reflective
Yeezy,Men,"https://stockx.imgix.net/adidas-Yeezy-Powerphase-Clear-Brown.png?fit=fill&bg=FFFFFF&w=300&h=214&auto=format,compress&trim=color&q=90&dpr=2&updated_at=1568607884",https://stockx.com/adidas-yeezy-powerphase-clear-brown
Yeezy,Men,"https://stockx.imgix.net/Adidas-Yeezy-Boost-350-Low-Pirate-Black-2016-Product.jpg?fit=fill&bg=FFFFFF&w=300&h=214&auto=format,compress&trim=color&q=90&dpr=2&updated_at=1538080256",https://stockx.com/adidas-yeezy-boost-350-pirate-black-2016
Yeezy,Men,"https://stockx.imgix.net/Adidas-Yeezy-Boost-350-V2-Core-Black-White-Product.jpg?fit=fill&bg=FFFFFF&w=300&h=214&auto=format,compress&trim=color&q=90&dpr=2&updated_at=1598377218",https://stockx.com/adidas-yeezy-boost-350-v2-core-black-white
Yeezy,Men,"https://stockx.imgix.net/Adidas-Yeezy-Boost-750-Triple-Black-Product.jpg?fit=fill&bg=FFFFFF&w=300&h=214&auto=format,compress&trim=color&q=90&dpr=2&updated_at=1538080256",https://stockx.com/adidas-yeezy-boost-750-triple-black
Yeezy,Men,"https://stockx.imgix.net/adidas-Yeezy-Boost-350-V2-Synth-Reflective-Product.jpg?fit=fill&bg=FFFFFF&w=300&h=214&auto=format,compress&trim=color&q=90&dpr=2&updated_at=1562618593",https://stockx.com/adidas-yeezy-boost-350-v2-synth-reflective
Yeezy,Men,"https://stockx.imgix.net/adidas-Yeezy-Boost-350-V2-Abez.png?fit=fill&bg=FFFFFF&w=300&h=214&auto=format,compress&trim=color&q=90&dpr=2&updated_at=1590556718",https://stockx.com/adidas-yeezy-boost-350-v2-natural
Yeezy,Men,"https://stockx.imgix.net/adidas-Yeezy-QNTM-BSKTBL-Product.jpg?fit=fill&bg=FFFFFF&w=300&h=214&auto=format,compress&trim=color&q=90&dpr=2&updated_at=1583266041",https://stockx.com/adidas-yeezy-qntm-basketball
Yeezy,Men,"https://stockx.imgix.net/adidas-Yeezy-Powerphase-Quiet-Grey.png?fit=fill&bg=FFFFFF&w=300&h=214&auto=format,compress&trim=color&q=90&dpr=2&updated_at=1568607883",https://stockx.com/adidas-yeezy-powerphase-quiet-grey
Yeezy,Men,"https://stockx.imgix.net/adidas-Yeezy-Boost-380-Blue-Oat-Reflective-Product.jpg?fit=fill&bg=FFFFFF&w=300&h=214&auto=format,compress&trim=color&q=90&dpr=2&updated_at=1598649249",https://stockx.com/adidas-yeezy-boost-380-blue-oat-reflective
Yeezy,Men,"https://stockx.imgix.net/Adidas-Yeezy-Boost-350-Low-Pirate-Black-2015.png?fit=fill&bg=FFFFFF&w=300&h=214&auto=format,compress&trim=color&q=90&dpr=2&updated_at=1538080256",https://stockx.com/adidas-yeezy-boost-350-pirate-black-2015
Yeezy,Men,"https://stockx.imgix.net/Adidas-Yeezy-Boost-950-Chocolate-Product.jpg?fit=fill&bg=FFFFFF&w=300&h=214&auto=format,compress&trim=color&q=90&dpr=2&updated_at=1598377195",https://stockx.com/adidas-yeezy-boost-950-chocolate
Yeezy,Men,"https://stockx.imgix.net/adidas-Yeezy-Boost-350-V2-Antlia-Reflective-Product.jpg?fit=fill&bg=FFFFFF&w=300&h=214&auto=format,compress&trim=color&q=90&dpr=2&updated_at=1561145552",https://stockx.com/adidas-yeezy-boost-350-v2-antlia-reflective
Yeezy,Men,"https://stockx.imgix.net/Adidas-Yeezy-Boost-350-V2-Core-Black-Copper-Product.jpg?fit=fill&bg=FFFFFF&w=300&h=214&auto=format,compress&trim=color&q=90&dpr=2&updated_at=1559088735",https://stockx.com/adidas-yeezy-boost-350-v2-core-black-copper
Yeezy,Men,"https://stockx.imgix.net/adidas-Yeezy-Boost-350-V2-Lundmark-Reflective-Product.jpg?fit=fill&bg=FFFFFF&w=300&h=214&auto=format,compress&trim=color&q=90&dpr=2&updated_at=1561145506",https://stockx.com/adidas-yeezy-boost-350-v2-lundmark-reflective
Yeezy,Men,"https://stockx.imgix.net/Adidas-Yeezy-Boost-350-V2-Core-Black-Green-Product.jpg?fit=fill&bg=FFFFFF&w=300&h=214&auto=format,compress&trim=color&q=90&dpr=2&updated_at=1559088766",https://stockx.com/adidas-yeezy-boost-350-v2-core-black-green
Yeezy,Men,"https://stockx.imgix.net/Adidas-Yeezy-Boost-350-Low-Oxford-Tan-Product.jpg?fit=fill&bg=FFFFFF&w=300&h=214&auto=format,compress&trim=color&q=90&dpr=2&updated_at=1538080256",https://stockx.com/adidas-yeezy-boost-350-oxford-tan
Yeezy,Men,"https://stockx.imgix.net/Adidas-Yeezy-350-Cleat-Turtledove-Product.jpg?fit=fill&bg=FFFFFF&w=300&h=214&auto=format,compress&trim=color&q=90&dpr=2&updated_at=1598377218",https://stockx.com/adidas-yeezy-350-cleat-turtledove
Yeezy,Men,"https://stockx.imgix.net/Adidas-Yeezy-Boost-950-Moonrock.jpg?fit=fill&bg=FFFFFF&w=300&h=214&auto=format,compress&trim=color&q=90&dpr=2&updated_at=1538080256",https://stockx.com/adidas-yeezy-boost-950-moonrock
Yeezy,Men,"https://stockx.imgix.net/Yeezy-Neoprene-Slipper-Season-7-Aqua.png?fit=fill&bg=FFFFFF&w=300&h=214&auto=format,compress&trim=color&q=90&dpr=2&updated_at=1573240033",https://stockx.com/yeezy-season-7-fleece-slide-aqua
Yeezy,Men,"https://stockx.imgix.net/Adidas-Yeezy-Boost-950-Pirate-Black-Product.jpg?fit=fill&bg=FFFFFF&w=300&h=214&auto=format,compress&trim=color&q=90&dpr=2&updated_at=1598377195",https://stockx.com/adidas-yeezy-boost-950-pirate-black
Yeezy,Men,"https://stockx.imgix.net/adidas-Yeezy-Boost-380-Calcite-Glow.jpg?fit=fill&bg=FFFFFF&w=300&h=214&auto=format,compress&trim=color&q=90&dpr=2&updated_at=1602098567",https://stockx.com/adidas-yeezy-boost-380-calcite-glow
Yeezy,Men,"https://stockx.imgix.net/adidas-Yeezy-700-V3-Srphym.png?fit=fill&bg=FFFFFF&w=300&h=214&auto=format,compress&trim=color&q=90&dpr=2&updated_at=1595043382",https://stockx.com/adidas-yeezy-700-v3-safflower
Yeezy,Men,"https://stockx.imgix.net/adidas-Yeezy-Boost-380-Hylte-Glow.jpg?fit=fill&bg=FFFFFF&w=300&h=214&auto=format,compress&trim=color&q=90&dpr=2&updated_at=1602098567",https://stockx.com/adidas-yeezy-boost-380-hylte-glow
Yeezy,Men,"https://stockx-assets.imgix.net/media/New-Product-Placeholder-Default.jpg?fit=fill&bg=FFFFFF&w=300&h=214&auto=format,compress&trim=color&q=90&dpr=2&updated_at=0",https://stockx.com/adidas-yeezy-boost-350-v2-natural-reflective
Yeezy,Men,"https://stockx.imgix.net/adidas-Yeezy-Boost-350-V2-Yecher.png?fit=fill&bg=FFFFFF&w=300&h=214&auto=format,compress&trim=color&q=90&dpr=2&updated_at=1592032985",https://stockx.com/adidas-yeezy-boost-350-v2-yecher
Yeezy,Men,"https://stockx-assets.imgix.net/media/New-Product-Placeholder-Default.jpg?fit=fill&bg=FFFFFF&w=300&h=214&auto=format,compress&trim=color&q=90&dpr=2&updated_at=0",https://stockx.com/adidas-yeezy-boost-350-v2-yecher-reflective
Yeezy,Men,"https://stockx.imgix.net/Adidas-Yeezy-Boost-950-Peyote-Product.jpg?fit=fill&bg=FFFFFF&w=300&h=214&auto=format,compress&trim=color&q=90&dpr=2&updated_at=1598377195",https://stockx.com/adidas-yeezy-boost-950-peyote
Yeezy,Men,"https://stockx.imgix.net/Adidas-Yeezy-500-Utility-Black-FF.jpg?fit=fill&bg=FFFFFF&w=300&h=214&auto=format,compress&trim=color&q=90&dpr=2&updated_at=1538080256",https://stockx.com/adidas-yeezy-500-shadow-black-ff
Yeezy,Men,"https://stockx-assets.imgix.net/media/New-Product-Placeholder-Default.jpg?auto=compress,format",https://stockx.com/adidas-yeezy-boost-380-calcite-glow-reflective
Yeezy,Men,"https://stockx.imgix.net/adidas-Yeezy-Boost-380-Lmnte.png?fit=fill&bg=FFFFFF&w=300&h=214&auto=format,compress&trim=color&q=90&dpr=2&updated_at=1593023983",https://stockx.com/adidas-yeezy-boost-380-lmnte
Yeezy,Men,"https://stockx.imgix.net/adidas-Yeezy-Boost-380-Azure.png?fit=fill&bg=FFFFFF&w=300&h=214&auto=format,compress&trim=color&q=90&dpr=2&updated_at=1592587118",https://stockx.com/adidas-yeezy-boost-380-azure
Yeezy,Men,"https://stockx-assets.imgix.net/media/New-Product-Placeholder-Default.jpg?auto=compress,format",https://stockx.com/adidas-yeezy-boost-350-v2-asriel-reflective
Yeezy,Men,"https://stockx.imgix.net/adidas-Yeezy-Boost-350-V2-Oreo.png?fit=fill&bg=FFFFFF&w=300&h=214&auto=format,compress&trim=color&q=90&dpr=2&updated_at=1585035436",https://stockx.com/adidas-yeezy-boost-350-v2-oreo
Yeezy,Men,"https://stockx.imgix.net/Adidas-Yeezy-750-Cleat.png?fit=fill&bg=FFFFFF&w=300&h=214&auto=format,compress&trim=color&q=90&dpr=2&updated_at=1538080256",https://stockx.com/adidas-yeezy-750-cleat
Yeezy,Men,"https://stockx-assets.imgix.net/media/New-Product-Placeholder-Default.jpg?auto=compress,format",https://stockx.com/adidas-yeezy-boost-380-onyx
Yeezy,Men,"https://stockx-assets.imgix.net/media/New-Product-Placeholder-Default.jpg?auto=compress,format",https://stockx.com/adidas-yeezy-700-v3-clay-brown
Yeezy,Men,"https://stockx-assets.imgix.net/media/New-Product-Placeholder-Default.jpg?auto=compress,format",https://stockx.com/adidas-yeezy-boost-350-v2-eliada-reflective
Yeezy,Men,"https://stockx-assets.imgix.net/media/New-Product-Placeholder-Default.jpg?auto=compress,format",https://stockx.com/adidas-yeezy-boost-380-hylte-glow-reflective
Yeezy,Men,"https://stockx.imgix.net/Adidas-Yeezy-750-Cleat-Black.png?fit=fill&bg=FFFFFF&w=300&h=214&auto=format,compress&trim=color&q=90&dpr=2&updated_at=1538080256",https://stockx.com/adidas-yeezy-750-cleat-black
Yeezy,Men,"https://stockx.imgix.net/adidas-Yeezy-Boost-350-V2-Eliada.png?fit=fill&bg=FFFFFF&w=300&h=214&auto=format,compress&trim=color&q=90&dpr=2&updated_at=1590800940",https://stockx.com/adidas-yeezy-boost-350-v2-eliada
Yeezy,Men,"https://stockx-assets.imgix.net/media/New-Product-Placeholder-Default.jpg?auto=compress,format",https://stockx.com/adidas-yeezy-boost-380-azure-reflective
Yeezy,Men,"https://stockx-assets.imgix.net/media/New-Product-Placeholder-Default.jpg?auto=compress,format",https://stockx.com/adidas-yeezy-boost-350-v2-israfil-reflective
Yeezy,Men,"https://stockx-assets.imgix.net/media/New-Product-Placeholder-Default.jpg?auto=compress,format",https://stockx.com/adidas-yeezy-boost-380-lmnte-reflective
Yeezy,Men,"https://stockx-assets.imgix.net/media/New-Product-Placeholder-Default.jpg?auto=compress,format",https://stockx.com/adidas-yeezy-boost-350-v2-multi-color-f-f
