Basketball,Men,"https://stockx.imgix.net/adidas-Dame-5-Core-Black-Shock-Pink-Product.jpg?fit=fill&bg=FFFFFF&w=300&h=214&auto=format,compress&trim=color&q=90&dpr=2&updated_at=1582323566",https://stockx.com/adidas-dame-5-core-black-shock-pink
Basketball,Men,"https://stockx.imgix.net/adidas-N3xt-L3v3l-Cream-White-Bahia-Light-Blue.png?fit=fill&bg=FFFFFF&w=300&h=214&auto=format,compress&trim=color&q=90&dpr=2&updated_at=1556684237",https://stockx.com/adidas-n3xt-l3v3l-cream-white-bahia-light-blue
Basketball,Men,"https://stockx.imgix.net/adidas-DON-Issue-1-Amazing-Spider-Man.jpg?fit=fill&bg=FFFFFF&w=300&h=214&auto=format,compress&trim=color&q=90&dpr=2&updated_at=1566420055",https://stockx.com/adidas-don-issue-1-amazing-spider-man
Basketball,Men,"https://stockx.imgix.net/adidas-Dame-5-Marvel-Black-Panther-Product.jpg?fit=fill&bg=FFFFFF&w=300&h=214&auto=format,compress&trim=color&q=90&dpr=2&updated_at=1568401977",https://stockx.com/adidas-dame-5-marvel-black-panther
Basketball,Men,"https://stockx.imgix.net/adidas-Harden-LS-2-Buckle-Triple-Black.jpg?fit=fill&bg=FFFFFF&w=300&h=214&auto=format,compress&trim=color&q=90&dpr=2&updated_at=1556645578",https://stockx.com/adidas-harden-ls-2-buckle-triple-black
Basketball,Men,"https://stockx.imgix.net/adidas-Harden-Vol-3-Legend-Purple-Core-Black.png?fit=fill&bg=FFFFFF&w=300&h=214&auto=format,compress&trim=color&q=90&dpr=2&updated_at=1562238263",https://stockx.com/adidas-harden-vol-3-legend-purple-core-black
Basketball,Men,"https://stockx.imgix.net/adidas-Forum-84-Sneaker-Politics.jpg?fit=fill&bg=FFFFFF&w=300&h=214&auto=format,compress&trim=color&q=90&dpr=2&updated_at=1601364716",https://stockx.com/adidas-forum-84-sneaker-politics
Basketball,Men,"https://stockx.imgix.net/adidas-T-Mac-Millennium-Houston-Rockets.png?fit=fill&bg=FFFFFF&w=300&h=214&auto=format,compress&trim=color&q=90&dpr=2&updated_at=1546368483",https://stockx.com/adidas-t-mac-millennium-houston-rockets
Basketball,Men,"https://stockx.imgix.net/adidas-Marquee-Boost-Kristaps-Porzingis.png?fit=fill&bg=FFFFFF&w=300&h=214&auto=format,compress&trim=color&q=90&dpr=2&updated_at=1543374110",https://stockx.com/adidas-marquee-boost-kristaps-porzingis
Basketball,Men,"https://stockx.imgix.net/adidas-DON-Issue-1-Stealth-Spider-Man-Product.jpg?fit=fill&bg=FFFFFF&w=300&h=214&auto=format,compress&trim=color&q=90&dpr=2&updated_at=1573502731",https://stockx.com/adidas-don-issue-1-stealth-spider-man
Basketball,Men,"https://stockx.imgix.net/adidas-DON-Issue-1-Symbiote-Spider-Man-Product.jpg?fit=fill&bg=FFFFFF&w=300&h=214&auto=format,compress&trim=color&q=90&dpr=2&updated_at=1565620674",https://stockx.com/adidas-don-issue-1-symbiote-spider-man
Basketball,Men,"https://stockx.imgix.net/adidas-Harden-Vol-3-Core-Black-Scarlet-Product.jpg?fit=fill&bg=FFFFFF&w=300&h=214&auto=format,compress&trim=color&q=90&dpr=2&updated_at=1583533502",https://stockx.com/adidas-harden-vol-3-core-black-scarlet
Basketball,Men,"https://stockx.imgix.net/adidas-DON-Issue-1-Iron-Spider-Product.jpg?fit=fill&bg=FFFFFF&w=300&h=214&auto=format,compress&trim=color&q=90&dpr=2&updated_at=1573502731",https://stockx.com/adidas-don-issue-1-iron-spider
Basketball,Men,"https://stockx.imgix.net/adidas-Harden-Vol-3-Imma-Star-Product.jpg?fit=fill&bg=FFFFFF&w=300&h=214&auto=format,compress&trim=color&q=90&dpr=2&updated_at=1562948358",https://stockx.com/adidas-harden-vol-3-imma-star
Basketball,Men,"https://stockx.imgix.net/adidas-Harden-Vol-3-Marvel-Iron-Man-Product.jpg?fit=fill&bg=FFFFFF&w=300&h=214&auto=format,compress&trim=color&q=90&dpr=2&updated_at=1557950243",https://stockx.com/adidas-harden-vol-3-marvel-iron-man
Basketball,Men,"https://stockx.imgix.net/Adidas-Harden-Vol-2-Blue-Night-Product.jpg?fit=fill&bg=FFFFFF&w=300&h=214&auto=format,compress&trim=color&q=90&dpr=2&updated_at=1573502731",https://stockx.com/adidas-harden-vol-2-blue-night
Basketball,Men,"https://stockx.imgix.net/Adidas-Harden-Vol-2-Traffic-Jam-Product.jpg?fit=fill&bg=FFFFFF&w=300&h=214&auto=format,compress&trim=color&q=90&dpr=2&updated_at=1552670217",https://stockx.com/adidas-harden-vol-2-traffic-jam
Basketball,Men,"https://stockx.imgix.net/adidas-Harden-Vol-4-Core-Black.png?fit=fill&bg=FFFFFF&w=300&h=214&auto=format,compress&trim=color&q=90&dpr=2&updated_at=1581707125",https://stockx.com/adidas-harden-vol-4-core-black
Basketball,Men,"https://stockx.imgix.net/adidas-Streetball-Blink.png?fit=fill&bg=FFFFFF&w=300&h=214&auto=format,compress&trim=color&q=90&dpr=2&updated_at=1568691769",https://stockx.com/adidas-streetball-blink
Basketball,Men,"https://stockx.imgix.net/adidas-Dame-5-White-Multi-Product.jpg?fit=fill&bg=FFFFFF&w=300&h=214&auto=format,compress&trim=color&q=90&dpr=2&updated_at=1598649249",https://stockx.com/adidas-dame-5-white-multi
Basketball,Men,"https://stockx.imgix.net/Adidas-Harden-Vol-2-Melon-Product.jpg?fit=fill&bg=FFFFFF&w=300&h=214&auto=format,compress&trim=color&q=90&dpr=2&updated_at=1553972383",https://stockx.com/adidas-harden-vol-2-melon
Basketball,Men,"https://stockx.imgix.net/adidas-Harden-Volpt-3-Different-Breed-Product.jpg?fit=fill&bg=FFFFFF&w=300&h=214&auto=format,compress&trim=color&q=90&dpr=2&updated_at=1577992775",https://stockx.com/adidas-harden-volpt-3-different-breed
Basketball,Men,"https://stockx.imgix.net/adidas-Harden-Vol-4-Signal-Coral.jpg?fit=fill&bg=FFFFFF&w=300&h=214&auto=format,compress&trim=color&q=90&dpr=2&updated_at=1584639631",https://stockx.com/adidas-harden-vol-4-signal-coral
Basketball,Men,"https://stockx.imgix.net/Adidas-Crazy-8-Nightmare-Before-Christmas.png?fit=fill&bg=FFFFFF&w=300&h=214&auto=format,compress&trim=color&q=90&dpr=2&updated_at=1538080256",https://stockx.com/adidas-crazy-8-nightmare-before-christmas
Basketball,Men,"https://stockx.imgix.net/Adidas-Harden-Volume-1-Imma-Be-A-Star-Product.jpg?fit=fill&bg=FFFFFF&w=300&h=214&auto=format,compress&trim=color&q=90&dpr=2&updated_at=1598377218",https://stockx.com/adidas-harden-volume-1-imma-be-a-star
Basketball,Men,"https://stockx.imgix.net/adidas-Crazy-Explosive-2017-Core-Black-Product.jpg?fit=fill&bg=FFFFFF&w=300&h=214&auto=format,compress&trim=color&q=90&dpr=2&updated_at=1583533502",https://stockx.com/adidas-crazy-explosive-2017-core-black
Basketball,Men,"https://stockx.imgix.net/Adidas-Harden-LS-Sweet-Life.png?fit=fill&bg=FFFFFF&w=300&h=214&auto=format,compress&trim=color&q=90&dpr=2&updated_at=1538080256",https://stockx.com/adidas-harden-ls-sweet-life
Basketball,Men,"https://stockx.imgix.net/Adidas-Harden-LS-Collegiate-Burgundy-Product.jpg?fit=fill&bg=FFFFFF&w=300&h=214&auto=format,compress&trim=color&q=90&dpr=2&updated_at=1573502731",https://stockx.com/adidas-harden-ls-collegiate-burgundy
Basketball,Men,"https://stockx.imgix.net/adidas-Harden-Vol-3-White-Black.png?fit=fill&bg=FFFFFF&w=300&h=214&auto=format,compress&trim=color&q=90&dpr=2&updated_at=1549075252",https://stockx.com/adidas-harden-vol-3-white-black
Basketball,Men,"https://stockx.imgix.net/adidas-Marquee-Boost-Mid-Marvel-Thor-Product.jpg?fit=fill&bg=FFFFFF&w=300&h=214&auto=format,compress&trim=color&q=90&dpr=2&updated_at=1557950286",https://stockx.com/adidas-marquee-boost-mid-marvel-thor
Basketball,Men,"https://stockx.imgix.net/Adidas-Harden-Vol-2-Concrete.png?fit=fill&bg=FFFFFF&w=300&h=214&auto=format,compress&trim=color&q=90&dpr=2&updated_at=1538080256",https://stockx.com/adidas-harden-vol-2-concrete
Basketball,Men,"https://stockx.imgix.net/adidas-Dame-5-Black-Red-Purple.png?fit=fill&bg=FFFFFF&w=300&h=214&auto=format,compress&trim=color&q=90&dpr=2&updated_at=1560223952",https://stockx.com/adidas-dame-5-black-red-purple
Basketball,Men,"https://stockx.imgix.net/Adidas-Harden-Volume-1-Pioneer.png?fit=fill&bg=FFFFFF&w=300&h=214&auto=format,compress&trim=color&q=90&dpr=2&updated_at=1538080256",https://stockx.com/adidas-james-harden-volume-1-pioneer
Basketball,Men,"https://stockx.imgix.net/Adidas-Crazy-8-Adv-Sesame.png?fit=fill&bg=FFFFFF&w=300&h=214&auto=format,compress&trim=color&q=90&dpr=2&updated_at=1538080256",https://stockx.com/adidas-crazy-8-adv-sesame
Basketball,Men,"https://stockx.imgix.net/Adidas-D-Lillard-Three-Roots-Product.jpg?fit=fill&bg=FFFFFF&w=300&h=214&auto=format,compress&trim=color&q=90&dpr=2&updated_at=1598377218",https://stockx.com/adidas-d-lillard-three-roots
Basketball,Men,"https://stockx.imgix.net/adidas-SM-Dame-4-NBA-Onix.jpg?fit=fill&bg=FFFFFF&w=300&h=214&auto=format,compress&trim=color&q=90&dpr=2&updated_at=1574022535",https://stockx.com/adidas-sm-dame-4-nba-onix
Basketball,Men,"https://stockx.imgix.net/adidas-DON-Issue-1-Mailman-Karl-Malone-Product.jpg?fit=fill&bg=FFFFFF&w=300&h=214&auto=format,compress&trim=color&q=90&dpr=2&updated_at=1576006585",https://stockx.com/adidas-don-issue-1-mailman-karl-malone
Basketball,Men,"https://stockx.imgix.net/adidas-Harden-Vol-3-Legend-Ink-Power-Red-Product.jpg?fit=fill&bg=FFFFFF&w=300&h=214&auto=format,compress&trim=color&q=90&dpr=2&updated_at=1561401565",https://stockx.com/adidas-harden-vol-3-legend-ink-power-red
Basketball,Men,"https://stockx.imgix.net/adidas-Harden-Vol-3-Black-White-Product.jpg?fit=fill&bg=FFFFFF&w=300&h=214&auto=format,compress&trim=color&q=90&dpr=2&updated_at=1543951895",https://stockx.com/adidas-harden-vol-3-black-white
Basketball,Men,"https://stockx.imgix.net/Adidas-Dame-4-A-Bathing-Ape-Camo-Product.jpg?fit=fill&bg=FFFFFF&w=300&h=214&auto=format,compress&trim=color&q=90&dpr=2&updated_at=1538080256",https://stockx.com/adidas-dame-4-a-bathing-ape-camo
Basketball,Men,"https://stockx.imgix.net/Adidas-Harden-Vol-2-Maroon-Product.jpg?fit=fill&bg=FFFFFF&w=300&h=214&auto=format,compress&trim=color&q=90&dpr=2&updated_at=1571516796",https://stockx.com/adidas-harden-vol-2-maroon
Basketball,Men,"https://stockx.imgix.net/Adidas-Harden-Volume-1-Home-Product.jpg?fit=fill&bg=FFFFFF&w=300&h=214&auto=format,compress&trim=color&q=90&dpr=2&updated_at=1574449122",https://stockx.com/adidas-harden-volume-1-home
Basketball,Men,"https://stockx.imgix.net/adidas-T-Mac-1-Black-Royal-2019-Product.jpg?fit=fill&bg=FFFFFF&w=300&h=214&auto=format,compress&trim=color&q=90&dpr=2&updated_at=1558407310",https://stockx.com/adidas-t-mac-1-black-royal-2019
Basketball,Men,"https://stockx.imgix.net/adidas-N3xt-L3v3l-Marvel-Captain-America-Product.jpg?fit=fill&bg=FFFFFF&w=300&h=214&auto=format,compress&trim=color&q=90&dpr=2&updated_at=1557950361",https://stockx.com/adidas-n3xt-l3v3l-marvel-captain-america
Basketball,Men,"https://stockx.imgix.net/adidas-N3xt-L3v3l-Core-Black-Cloud-White-Product.jpg?fit=fill&bg=FFFFFF&w=300&h=214&auto=format,compress&trim=color&q=90&dpr=2&updated_at=1557950300",https://stockx.com/adidas-n3xt-l3v3l-core-black-cloud-white
Basketball,Men,"https://stockx.imgix.net/adidas-Harden-Vol-2-LS-Buckle-Black-White-Product.jpg?fit=fill&bg=FFFFFF&w=300&h=214&auto=format,compress&trim=color&q=90&dpr=2&updated_at=1585776416",https://stockx.com/adidas-harden-vol-2-ls-buckle-black-white
Basketball,Men,"https://stockx.imgix.net/adidas-Marquee-Boost-White-Grey-Product.jpg?fit=fill&bg=FFFFFF&w=300&h=214&auto=format,compress&trim=color&q=90&dpr=2&updated_at=1569007423",https://stockx.com/adidas-marquee-boost-white-grey
Basketball,Men,"https://stockx.imgix.net/adidas-Dame-5-Collegiate-Purple-Product.jpg?fit=fill&bg=FFFFFF&w=300&h=214&auto=format,compress&trim=color&q=90&dpr=2&updated_at=1569617843",https://stockx.com/adidas-dame-5-collegiate-purple
Basketball,Men,"https://stockx.imgix.net/Adidas-Harden-Vol-2-Trace-Cargo.png?fit=fill&bg=FFFFFF&w=300&h=214&auto=format,compress&trim=color&q=90&dpr=2&updated_at=1538080256",https://stockx.com/adidas-harden-vol-2-trace-cargo
Basketball,Men,"https://stockx.imgix.net/adidas-N3xt-L3v3l-Off-White-Gum.png?fit=fill&bg=FFFFFF&w=300&h=214&auto=format,compress&trim=color&q=90&dpr=2&updated_at=1550626373",https://stockx.com/adidas-n3xt-l3v3l-off-white-gum
Basketball,Men,"https://stockx.imgix.net/adidas-T-Mac-Millennium-Black-Gold-Product.jpg?fit=fill&bg=FFFFFF&w=300&h=214&auto=format,compress&trim=color&q=90&dpr=2&updated_at=1580325806",https://stockx.com/adidas-t-mac-millennium-black-gold
Basketball,Men,"https://stockx.imgix.net/Adidas-Harden-Vol-2-All-Star-2018-Product.jpg?fit=fill&bg=FFFFFF&w=300&h=214&auto=format,compress&trim=color&q=90&dpr=2&updated_at=1543951836",https://stockx.com/adidas-harden-vol-2-all-star-2018
Basketball,Men,"https://stockx.imgix.net/Adidas-Harden-Vol-1-Ash-Pearl-Product.jpg?fit=fill&bg=FFFFFF&w=300&h=214&auto=format,compress&trim=color&q=90&dpr=2&updated_at=1557949997",https://stockx.com/adidas-harden-vol-1-ash-pearl
Basketball,Men,"https://stockx.imgix.net/Adidas-Dame-4-Rip-City.png?fit=fill&bg=FFFFFF&w=300&h=214&auto=format,compress&trim=color&q=90&dpr=2&updated_at=1538080256",https://stockx.com/adidas-dame-4-rip-city
Basketball,Men,"https://stockx.imgix.net/Adidas-Harden-Vol-2-Lift-Off-Product.jpg?fit=fill&bg=FFFFFF&w=300&h=214&auto=format,compress&trim=color&q=90&dpr=2&updated_at=1576268776",https://stockx.com/adidas-harden-vol-2-lift-off
Basketball,Men,"https://stockx.imgix.net/Adidas-Crazy-1-Sunshine-Product.jpg?fit=fill&bg=FFFFFF&w=300&h=214&auto=format,compress&trim=color&q=90&dpr=2&updated_at=1553971950",https://stockx.com/adidas-crazy-1-sunshine
Basketball,Men,"https://stockx.imgix.net/adidas-Harden-Vol4-Bold-Blue.jpg?fit=fill&bg=FFFFFF&w=300&h=214&auto=format,compress&trim=color&q=90&dpr=2&updated_at=1588008560",https://stockx.com/adidas-harden-vol4-bold-blue
Basketball,Men,"https://stockx.imgix.net/Adidas-Harden-Vol-2-Nightmare-Product.jpg?fit=fill&bg=FFFFFF&w=300&h=214&auto=format,compress&trim=color&q=90&dpr=2&updated_at=1570212039",https://stockx.com/adidas-harden-vol-2-nightmare
Basketball,Men,"https://stockx.imgix.net/adidas-Harden-Vol-3-Supernova-Product.jpg?fit=fill&bg=FFFFFF&w=300&h=214&auto=format,compress&trim=color&q=90&dpr=2&updated_at=1560367222",https://stockx.com/adidas-harden-vol-3-supernova
Basketball,Men,"https://stockx.imgix.net/adidas-Harden-LS-2-Night-Red.png?fit=fill&bg=FFFFFF&w=300&h=214&auto=format,compress&trim=color&q=90&dpr=2&updated_at=1538080256",https://stockx.com/adidas-harden-ls-2-night-red
Basketball,Men,"https://stockx.imgix.net/Adidas-Crazy-8-Adv-Running-White.png?fit=fill&bg=FFFFFF&w=300&h=214&auto=format,compress&trim=color&q=90&dpr=2&updated_at=1538080256",https://stockx.com/adidas-crazy-8-adv-running-white
Basketball,Men,"https://stockx.imgix.net/adidas-Harden-Vol-2-MVP-2018-Product.jpg?fit=fill&bg=FFFFFF&w=300&h=214&auto=format,compress&trim=color&q=90&dpr=2&updated_at=1570825031",https://stockx.com/adidas-harden-vol-2-mvp-2018
Basketball,Men,"https://stockx.imgix.net/Adidas-Crazy-8-Kobe-Vino-Pack-Product.jpg?fit=fill&bg=FFFFFF&w=300&h=214&auto=format,compress&trim=color&q=90&dpr=2&updated_at=1598377195",https://stockx.com/adidas-crazy-8-kobe-vino-pack
Basketball,Men,"https://stockx.imgix.net/Adidas-Dame-4-A-Bathing-Ape-Black-Product.jpg?fit=fill&bg=FFFFFF&w=300&h=214&auto=format,compress&trim=color&q=90&dpr=2&updated_at=1598377218",https://stockx.com/adidas-dame-4-a-bathing-ape-black
Basketball,Men,"https://stockx.imgix.net/adidas-Harden-Vol-2-LS-MVP-2018-1.jpg?fit=fill&bg=FFFFFF&w=300&h=214&auto=format,compress&trim=color&q=90&dpr=2&updated_at=1558392698",https://stockx.com/adidas-harden-vol-2-ls-mvp-2018
Basketball,Men,"https://stockx.imgix.net/adidas-Marquee-Boost-Core-Black-Cloud-White.png?fit=fill&bg=FFFFFF&w=300&h=214&auto=format,compress&trim=color&q=90&dpr=2&updated_at=1560959208",https://stockx.com/adidas-marquee-boost-core-black-cloud-white
Basketball,Men,"https://stockx.imgix.net/Adidas-Harden-Volume-1-Disruptor.png?fit=fill&bg=FFFFFF&w=300&h=214&auto=format,compress&trim=color&q=90&dpr=2&updated_at=1538080256",https://stockx.com/adidas-harden-volume-1-disruptor
Basketball,Men,"https://stockx.imgix.net/Adidas-Harden-Volume-1-Cargo-Product-1.jpg?fit=fill&bg=FFFFFF&w=300&h=214&auto=format,compress&trim=color&q=90&dpr=2&updated_at=1598641124",https://stockx.com/adidas-harden-volume-1-cargo
Basketball,Men,"https://stockx.imgix.net/adidas-Harden-LS-2-Buckle-Trace-Cargo-Product.jpg?fit=fill&bg=FFFFFF&w=300&h=214&auto=format,compress&trim=color&q=90&dpr=2&updated_at=1559767815",https://stockx.com/adidas-harden-ls-2-buckle-trace-cargo
Basketball,Men,"https://stockx.imgix.net/Adidas-Harden-Volume-1-Arthur-Ashe-BHM-Product.jpg?fit=fill&bg=FFFFFF&w=300&h=214&auto=format,compress&trim=color&q=90&dpr=2&updated_at=1598377218",https://stockx.com/adidas-harden-volume-1-arthur-ashe-bhm
Basketball,Men,"https://stockx.imgix.net/Adidas-Harden-Volpt1-MVP.png?fit=fill&bg=FFFFFF&w=300&h=214&auto=format,compress&trim=color&q=90&dpr=2&updated_at=1538080256",https://stockx.com/adidas-harden-volume-1-mvp
Basketball,Men,"https://stockx.imgix.net/Adidas-T-Mac-3-Aurora-Borealis-Green-Glow-Product.jpg?fit=fill&bg=FFFFFF&w=300&h=214&auto=format,compress&trim=color&q=90&dpr=2&updated_at=1582323566",https://stockx.com/adidas-t-mac-3-aurora-borealis-green-glow
Basketball,Men,"https://stockx.imgix.net/Adidas-D-Rose-7-Black-White.png?fit=fill&bg=FFFFFF&w=300&h=214&auto=format,compress&trim=color&q=90&dpr=2&updated_at=1538080256",https://stockx.com/adidas-d-rose-7-black-white
Basketball,Men,"https://stockx.imgix.net/adidas-D-Rose-773-2I-White.jpg?fit=fill&bg=FFFFFF&w=300&h=214&auto=format,compress&trim=color&q=90&dpr=2&updated_at=1574022523",https://stockx.com/adidas-d-rose-773-2ihite
Basketball,Men,"https://stockx.imgix.net/adidas-D-Rose-773-IV-Black-Scarlet.jpg?fit=fill&bg=FFFFFF&w=300&h=214&auto=format,compress&trim=color&q=90&dpr=2&updated_at=1602543185",https://stockx.com/adidas-d-rose-773-iv-black-scarlet
Basketball,Men,"https://stockx.imgix.net/adidas-Streetball-Black-Multi-Product.jpg?fit=fill&bg=FFFFFF&w=300&h=214&auto=format,compress&trim=color&q=90&dpr=2&updated_at=1577992775",https://stockx.com/adidas-streetball-black-multi
Basketball,Men,"https://stockx.imgix.net/adidas-Harden-Vol-3-Radioactive.png?fit=fill&bg=FFFFFF&w=300&h=214&auto=format,compress&trim=color&q=90&dpr=2&updated_at=1561165967",https://stockx.com/adidas-harden-vol-3-radioactive
Basketball,Men,"https://stockx.imgix.net/adidas-Harden-Vol-3-Invader-Product.jpg?fit=fill&bg=FFFFFF&w=300&h=214&auto=format,compress&trim=color&q=90&dpr=2&updated_at=1581718010",https://stockx.com/adidas-harden-vol-3-invader
Basketball,Men,"https://stockx.imgix.net/adidas-Harden-Vol-3-Grey-Two-Product.jpg?fit=fill&bg=FFFFFF&w=300&h=214&auto=format,compress&trim=color&q=90&dpr=2&updated_at=1564168668",https://stockx.com/adidas-harden-vol-3-grey-two
Basketball,Men,"https://stockx.imgix.net/adidas-Tmac-1-Marvel-Nick-Fury-Product.jpg?fit=fill&bg=FFFFFF&w=300&h=214&auto=format,compress&trim=color&q=90&dpr=2&updated_at=1567541851",https://stockx.com/adidas-tmac-1-marvel-nick-fury
Basketball,Men,"https://stockx.imgix.net/adidas-Harden-Vol-3-Drew-League-Product.jpg?fit=fill&bg=FFFFFF&w=300&h=214&auto=format,compress&trim=color&q=90&dpr=2&updated_at=1549049867",https://stockx.com/adidas-harden-vol-3-drew-league
Basketball,Men,"https://stockx.imgix.net/adidas-T-Mac-1-White-Royal-2019-Product.jpg?fit=fill&bg=FFFFFF&w=300&h=214&auto=format,compress&trim=color&q=90&dpr=2&updated_at=1573502731",https://stockx.com/adidas-t-mac-1-white-royal-2019
Basketball,Men,"https://stockx.imgix.net/adidas-N3xt-L3v3l-Shock-Red.png?fit=fill&bg=FFFFFF&w=300&h=214&auto=format,compress&trim=color&q=90&dpr=2&updated_at=1551413280",https://stockx.com/adidas-n3xt-l3v3l-shock-red
Basketball,Men,"https://stockx.imgix.net/Adidas-Harden-Volpt-1-Yacht-Party.png?fit=fill&bg=FFFFFF&w=300&h=214&auto=format,compress&trim=color&q=90&dpr=2&updated_at=1538080256",https://stockx.com/adidas-harden-volpt-1-yacht-party
Basketball,Men,"https://stockx.imgix.net/adidas-Marquee-Boost-Low-Yellow-Purple-Black.png?fit=fill&bg=FFFFFF&w=300&h=214&auto=format,compress&trim=color&q=90&dpr=2&updated_at=1543374113",https://stockx.com/adidas-marquee-boost-low-yellow-purple-black
Basketball,Men,"https://stockx.imgix.net/adidas-Pro-Vision-Marvel-Captain-Marvel-Product.jpg?fit=fill&bg=FFFFFF&w=300&h=214&auto=format,compress&trim=color&q=90&dpr=2&updated_at=1573502731",https://stockx.com/adidas-pro-vision-marvel-captain-marvel
Basketball,Men,"https://stockx.imgix.net/Adidas-Harden-Vol-2-Grey-One.png?fit=fill&bg=FFFFFF&w=300&h=214&auto=format,compress&trim=color&q=90&dpr=2&updated_at=1538080256",https://stockx.com/adidas-harden-vol-2-grey-one
Basketball,Men,"https://stockx.imgix.net/Adidas-Crazy-Explosive-Low-Day-One-Clay-Brown.png?fit=fill&bg=FFFFFF&w=300&h=214&auto=format,compress&trim=color&q=90&dpr=2&updated_at=1538080256",https://stockx.com/adidas-crazy-explosive-low-day-one-clay-brown
Basketball,Men,"https://stockx.imgix.net/adidas-Crazy-1-Playoffs.png?fit=fill&bg=FFFFFF&w=300&h=214&auto=format,compress&trim=color&q=90&dpr=2&updated_at=1546067203",https://stockx.com/adidas-crazy-1-playoffs
Basketball,Men,"https://stockx.imgix.net/Adidas-Crazy-Explosive-Andrew-Wiggins-Away.png?fit=fill&bg=FFFFFF&w=300&h=214&auto=format,compress&trim=color&q=90&dpr=2&updated_at=1538080256",https://stockx.com/adidas-crazy-explosive-andrew-wiggins-away
Basketball,Men,"https://stockx.imgix.net/Adidas-Harden-Vol-2-Imma-Be-A-Star.png?fit=fill&bg=FFFFFF&w=300&h=214&auto=format,compress&trim=color&q=90&dpr=2&updated_at=1538080256",https://stockx.com/adidas-harden-vol-2-imma-be-a-star
Basketball,Men,"https://stockx.imgix.net/Adidas-Dame-4-A-Bathing-Ape-Friends-And-Family-Product.jpg?fit=fill&bg=FFFFFF&w=300&h=214&auto=format,compress&trim=color&q=90&dpr=2&updated_at=1538080256",https://stockx.com/adidas-dame-4-a-bathing-ape-friends-and-family
Basketball,Men,"https://stockx.imgix.net/adidas-The-Kobe-Storm-Trooper.png?fit=fill&bg=FFFFFF&w=300&h=214&auto=format,compress&trim=color&q=90&dpr=2&updated_at=1546487738",https://stockx.com/adidas-the-kobe-storm-trooper
Basketball,Men,"https://stockx.imgix.net/Adidas-Dame-4-Black-Glow-Product.jpg?fit=fill&bg=FFFFFF&w=300&h=214&auto=format,compress&trim=color&q=90&dpr=2&updated_at=1598377218",https://stockx.com/adidas-dame-4-black-glow
Basketball,Men,"https://stockx.imgix.net/Adidas-Crazy-8-Adv-Black-Product.jpg?fit=fill&bg=FFFFFF&w=300&h=214&auto=format,compress&trim=color&q=90&dpr=2&updated_at=1555708251",https://stockx.com/adidas-crazy-8-adv-black
Basketball,Men,"https://stockx.imgix.net/adidas-Marquee-Boost-John-Wall-Product.jpg?fit=fill&bg=FFFFFF&w=300&h=214&auto=format,compress&trim=color&q=90&dpr=2&updated_at=1576006585",https://stockx.com/adidas-marquee-boost-john-wall
Basketball,Men,"https://stockx.imgix.net/Adidas-Harden-Volpt-1-Gila-Monster.png?fit=fill&bg=FFFFFF&w=300&h=214&auto=format,compress&trim=color&q=90&dpr=2&updated_at=1538080256",https://stockx.com/adidas-harden-volpt-1-gila-monster
Basketball,Men,"https://stockx.imgix.net/Adidas-Harden-Vol-2-Pioneer-Product.jpg?fit=fill&bg=FFFFFF&w=300&h=214&auto=format,compress&trim=color&q=90&dpr=2&updated_at=1577992775",https://stockx.com/adidas-harden-vol-2-pioneer
Basketball,Men,"https://stockx.imgix.net/adidas-Crazy-Explosive-Andrew-Wiggins-Home-PE-Product.jpg?fit=fill&bg=FFFFFF&w=300&h=214&auto=format,compress&trim=color&q=90&dpr=2&updated_at=1598649249",https://stockx.com/adidas-crazy-explosive-andrew-wiggins-home-pe
Basketball,Men,"https://stockx.imgix.net/Adidas-Harden-Volpt-1-Cactus.png?fit=fill&bg=FFFFFF&w=300&h=214&auto=format,compress&trim=color&q=90&dpr=2&updated_at=1538080256",https://stockx.com/adidas-harden-volume-1-cactus
Basketball,Men,"https://stockx.imgix.net/Adidas-D-Lillard-3-Legacy.png?fit=fill&bg=FFFFFF&w=300&h=214&auto=format,compress&trim=color&q=90&dpr=2&updated_at=1538080256",https://stockx.com/adidas-d-lillard-3-legacy
Basketball,Men,"https://stockx.imgix.net/Adidas-Crazy-8-Adv-Lusso.png?fit=fill&bg=FFFFFF&w=300&h=214&auto=format,compress&trim=color&q=90&dpr=2&updated_at=1556132410",https://stockx.com/adidas-crazy-8-adv-lusso
Basketball,Men,"https://stockx.imgix.net/Adidas-D-Lillard-Three-Rip-City-Product.jpg?fit=fill&bg=FFFFFF&w=300&h=214&auto=format,compress&trim=color&q=90&dpr=2&updated_at=1543950959",https://stockx.com/adidas-d-lillard-three-rip-city
Basketball,Men,"https://stockx.imgix.net/adidas-Crazy-8-Adv-Grey-Two.png?fit=fill&bg=FFFFFF&w=300&h=214&auto=format,compress&trim=color&q=90&dpr=2&updated_at=1538080256",https://stockx.com/adidas-crazy-8-adv-grey-two
Basketball,Men,"https://stockx.imgix.net/adidas-Marquee-Boost-Aqua-Gold-Navy.png?fit=fill&bg=FFFFFF&w=300&h=214&auto=format,compress&trim=color&q=90&dpr=2&updated_at=1543374112",https://stockx.com/adidas-marquee-boost-aqua-gold-navy
Basketball,Men,"https://stockx.imgix.net/adidas-Crazy-Light-Boost-2018-Black-White.png?fit=fill&bg=FFFFFF&w=300&h=214&auto=format,compress&trim=color&q=90&dpr=2&updated_at=1552710200",https://stockx.com/adidas-crazy-light-boost-2018-black-white
Basketball,Men,"https://stockx.imgix.net/Adidas-Dame-4-Black-History-Month-2018.png?fit=fill&bg=FFFFFF&w=300&h=214&auto=format,compress&trim=color&q=90&dpr=2&updated_at=1538080256",https://stockx.com/adidas-dame-4-black-history-month-2018
Basketball,Men,"https://stockx.imgix.net/adidas-Pro-Bounce-Mid-2018-Kristaps-Porzingis-PE.png?fit=fill&bg=FFFFFF&w=300&h=214&auto=format,compress&trim=color&q=90&dpr=2&updated_at=1539657950",https://stockx.com/adidas-pro-bounce-mid-2018-kristaps-porzingis-pe
Basketball,Men,"https://stockx.imgix.net/adidas-Dame-5-Glow-In-The-Dark.png?fit=fill&bg=FFFFFF&w=300&h=214&auto=format,compress&trim=color&q=90&dpr=2&updated_at=1559190412",https://stockx.com/adidas-dame-5-glow-in-the-dark
Basketball,Men,"https://stockx.imgix.net/adidas-Streetball-White-Black-Orange.jpg?fit=fill&bg=FFFFFF&w=300&h=214&auto=format,compress&trim=color&q=90&dpr=2&updated_at=1569874266",https://stockx.com/adidas-streetball-white-black-orange
Basketball,Men,"https://stockx.imgix.net/Adidas-Crazy-1-Lakers-Home.png?fit=fill&bg=FFFFFF&w=300&h=214&auto=format,compress&trim=color&q=90&dpr=2&updated_at=1538080256",https://stockx.com/adidas-crazy-1-lakers-home
Basketball,Men,"https://stockx.imgix.net/Adidas-Harden-LS-Olive-Product.jpg?fit=fill&bg=FFFFFF&w=300&h=214&auto=format,compress&trim=color&q=90&dpr=2&updated_at=1580507684",https://stockx.com/adidas-harden-ls-olive
Basketball,Men,"https://stockx.imgix.net/adidas-T-Mac-Millennium-Collegiate-Royal.png?fit=fill&bg=FFFFFF&w=300&h=214&auto=format,compress&trim=color&q=90&dpr=2&updated_at=1543464174",https://stockx.com/adidas-t-mac-millennium-collegiate-royal
Basketball,Men,"https://stockx.imgix.net/Adidas-TMAC-3-Packer-Shoes-2004-All-Star-Game.jpg?fit=fill&bg=FFFFFF&w=300&h=214&auto=format,compress&trim=color&q=90&dpr=2&updated_at=1538080256",https://stockx.com/adidas-tmac-3-packer-shoes-2004-all-star-game
Basketball,Men,"https://stockx.imgix.net/Adidas-Crazy-1-Kobe-Vino-Pack.jpg?fit=fill&bg=FFFFFF&w=300&h=214&auto=format,compress&trim=color&q=90&dpr=2&updated_at=1538080256",https://stockx.com/adidas-crazy-1-kobe-vino-pack
Basketball,Men,"https://stockx.imgix.net/Adidas-Crazy-Explosive-17-Andrew-Wiggins-PE-Product.jpg?fit=fill&bg=FFFFFF&w=300&h=214&auto=format,compress&trim=color&q=90&dpr=2&updated_at=1562948358",https://stockx.com/adidas-crazy-explosive-17-andrew-wiggins-pe
Basketball,Men,"https://stockx.imgix.net/adidas-Streetball-Legend-Earth.png?fit=fill&bg=FFFFFF&w=300&h=214&auto=format,compress&trim=color&q=90&dpr=2&updated_at=1579161860",https://stockx.com/adidas-streetball-legend-earth
Basketball,Men,"https://stockx.imgix.net/adidas-Crazy-1-White-Vivid-Mint-Soft-Mint-Product.jpg?fit=fill&bg=FFFFFF&w=300&h=214&auto=format,compress&trim=color&q=90&dpr=2&updated_at=1582323566",https://stockx.com/adidas-crazy-1-white-vivid-mint-soft-mint
Basketball,Men,"https://stockx.imgix.net/Adidas-Harden-Vol-1-Legend-Ink.png?fit=fill&bg=FFFFFF&w=300&h=214&auto=format,compress&trim=color&q=90&dpr=2&updated_at=1538080256",https://stockx.com/adidas-harden-vol-1-legend-ink
Basketball,Men,"https://stockx.imgix.net/adidas-Pro-Model-2G-Scarlet.png?fit=fill&bg=FFFFFF&w=300&h=214&auto=format,compress&trim=color&q=90&dpr=2&updated_at=1581707150",https://stockx.com/adidas-pro-model-2g-scarlet
Basketball,Men,"https://stockx.imgix.net/Adidas-Dame-3-Dark-Green.png?fit=fill&bg=FFFFFF&w=300&h=214&auto=format,compress&trim=color&q=90&dpr=2&updated_at=1538080256",https://stockx.com/adidas-dame-3-dark-green
Basketball,Men,"https://stockx.imgix.net/Adidas-Dame-4-Static.png?fit=fill&bg=FFFFFF&w=300&h=214&auto=format,compress&trim=color&q=90&dpr=2&updated_at=1538080256",https://stockx.com/adidas-dame-4-static
Basketball,Men,"https://stockx.imgix.net/adidas-SM-Crazy-Explosive-Low-NBA-NCAA-Core-Black.jpg?fit=fill&bg=FFFFFF&w=300&h=214&auto=format,compress&trim=color&q=90&dpr=2&updated_at=1574022534",https://stockx.com/adidas-sm-crazy-explosive-low-nba-ncaa-core-black
Basketball,Men,"https://stockx.imgix.net/Adidas-Crazy-1-Adv-Black-White.png?fit=fill&bg=FFFFFF&w=300&h=214&auto=format,compress&trim=color&q=90&dpr=2&updated_at=1538080256",https://stockx.com/adidas-crazy-1-adv-black-white
Basketball,Men,"https://stockx.imgix.net/Adidas-Crazy-Explosive-2017-Black-Scarlet.png?fit=fill&bg=FFFFFF&w=300&h=214&auto=format,compress&trim=color&q=90&dpr=2&updated_at=1538080256",https://stockx.com/adidas-crazy-explosive-2017-black-scarlet
Basketball,Men,"https://stockx.imgix.net/Adidas-Crazy-8-White-Black-v2.png?fit=fill&bg=FFFFFF&w=300&h=214&auto=format,compress&trim=color&q=90&dpr=2&updated_at=1568210757",https://stockx.com/adidas-crazy-8-white-black
Basketball,Men,"https://stockx.imgix.net/Adidas-Harden-Volume-1-13-Below-Zero-Product-1.jpg?fit=fill&bg=FFFFFF&w=300&h=214&auto=format,compress&trim=color&q=90&dpr=2&updated_at=1598641044",https://stockx.com/adidas-harden-volume-1-christmas
Basketball,Men,"https://stockx.imgix.net/Adidas-D-Lillard-Two-Boost-Primeknit-Triple-White.jpg?fit=fill&bg=FFFFFF&w=300&h=214&auto=format,compress&trim=color&q=90&dpr=2&updated_at=1538080256",https://stockx.com/adidas-d-lillard-2-boost-primeknit-triple-white
Basketball,Men,"https://stockx.imgix.net/Adidas-D-Rose-7-Primeknit-Sneakersnstuff.png?fit=fill&bg=FFFFFF&w=300&h=214&auto=format,compress&trim=color&q=90&dpr=2&updated_at=1538080256",https://stockx.com/adidas-d-rose-7-primeknit-sneakersnstuff
Basketball,Men,"https://stockx.imgix.net/Adidas-Crazy-2-Nike-Kobe-Home.png?fit=fill&bg=FFFFFF&w=300&h=214&auto=format,compress&trim=color&q=90&dpr=2&updated_at=1556132147",https://stockx.com/adidas-crazy-2-nike-kobe-home
Basketball,Men,"https://stockx.imgix.net/Adidas-Crazy-Explosive-2017-Grey-Yellow.png?fit=fill&bg=FFFFFF&w=300&h=214&auto=format,compress&trim=color&q=90&dpr=2&updated_at=1538080256",https://stockx.com/adidas-crazy-explosive-2017-grey-yellow
Basketball,Men,"https://stockx.imgix.net/adidas-Streetball-Core-Black.png?fit=fill&bg=FFFFFF&w=300&h=214&auto=format,compress&trim=color&q=90&dpr=2&updated_at=1581706841",https://stockx.com/adidas-streetball-core-black
Basketball,Men,"https://stockx.imgix.net/adidas-Streetball-Savannah.png?fit=fill&bg=FFFFFF&w=300&h=214&auto=format,compress&trim=color&q=90&dpr=2&updated_at=1581706842",https://stockx.com/adidas-streetball-savannah
Basketball,Men,"https://stockx.imgix.net/Adidas-SM-Crazy-Explosive-2017-Vegas.png?fit=fill&bg=FFFFFF&w=300&h=214&auto=format,compress&trim=color&q=90&dpr=2&updated_at=1538080256",https://stockx.com/adidas-sm-crazy-explosive-2017-vegas
Basketball,Men,"https://stockx.imgix.net/Adidas-J-Wall-2-White-Camo.png?fit=fill&bg=FFFFFF&w=300&h=214&auto=format,compress&trim=color&q=90&dpr=2&updated_at=1538080256",https://stockx.com/adidas-j-wall-2-white-camo
Basketball,Men,"https://stockx.imgix.net/Adidas-Harden-Vol-1-Red-Glare.png?fit=fill&bg=FFFFFF&w=300&h=214&auto=format,compress&trim=color&q=90&dpr=2&updated_at=1538080256",https://stockx.com/adidas-harden-volume-1-red-glare
Basketball,Men,"https://stockx.imgix.net/adidas-Marquee-Boost-Black-Purple-Pink.png?fit=fill&bg=FFFFFF&w=300&h=214&auto=format,compress&trim=color&q=90&dpr=2&updated_at=1543374112",https://stockx.com/adidas-marquee-boost-black-purple-pink
Basketball,Men,"https://stockx.imgix.net/Adidas-Crazylight-Boost-All-Star-2016.jpg?fit=fill&bg=FFFFFF&w=300&h=214&auto=format,compress&trim=color&q=90&dpr=2&updated_at=1538080256",https://stockx.com/adidas-crazylight-boost-all-star-2016
Basketball,Men,"https://stockx.imgix.net/Adidas-Harden-LS-Raw-Steel.png?fit=fill&bg=FFFFFF&w=300&h=214&auto=format,compress&trim=color&q=90&dpr=2&updated_at=1538080256",https://stockx.com/adidas-harden-ls-raw-steel
Basketball,Men,"https://stockx.imgix.net/Adidas-Crazy-8-Damian-Lillard-Product.jpg?fit=fill&bg=FFFFFF&w=300&h=214&auto=format,compress&trim=color&q=90&dpr=2&updated_at=1570211699",https://stockx.com/adidas-crazy-8-damian-lillard
Basketball,Men,"https://stockx.imgix.net/Adidas-Crazylight-Boost-2016-Harden-Activated-Triple-White.jpg?fit=fill&bg=FFFFFF&w=300&h=214&auto=format,compress&trim=color&q=90&dpr=2&updated_at=1538080256",https://stockx.com/adidas-crazylight-boost-2016-harden-activated-triple-white
Basketball,Men,"https://stockx.imgix.net/Adidas-Dame-3-On-Tour.png?fit=fill&bg=FFFFFF&w=300&h=214&auto=format,compress&trim=color&q=90&dpr=2&updated_at=1538080256",https://stockx.com/adidas-dame-3-on-tour
Basketball,Men,"https://stockx.imgix.net/adidas-Pro-Model-2G-Team-Royal-Blue.png?fit=fill&bg=FFFFFF&w=300&h=214&auto=format,compress&trim=color&q=90&dpr=2&updated_at=1581707149",https://stockx.com/adidas-pro-model-2g-team-royal-blue
Basketball,Men,"https://stockx.imgix.net/adidas-Harden-Stepback-Core-Black.png?fit=fill&bg=FFFFFF&w=300&h=214&auto=format,compress&trim=color&q=90&dpr=2&updated_at=1581706992",https://stockx.com/adidas-harden-stepback-core-black
Basketball,Men,"https://stockx.imgix.net/Adidas-Harden-Vol-2-University-Of-Miami.png?fit=fill&bg=FFFFFF&w=300&h=214&auto=format,compress&trim=color&q=90&dpr=2&updated_at=1538080256",https://stockx.com/adidas-harden-vol-2-university-of-miami
Basketball,Men,"https://stockx.imgix.net/adidas-Marquee-Boost-Gold-Black-Red.png?fit=fill&bg=FFFFFF&w=300&h=214&auto=format,compress&trim=color&q=90&dpr=2&updated_at=1543374111",https://stockx.com/adidas-marquee-boost-gold-black-red
Basketball,Men,"https://stockx.imgix.net/Adidas-Harden-Vol-1-Chalk-Coral.png?fit=fill&bg=FFFFFF&w=300&h=214&auto=format,compress&trim=color&q=90&dpr=2&updated_at=1538080256",https://stockx.com/adidas-harden-vol-1-chalk-coral
Basketball,Men,"https://stockx.imgix.net/Adidas-D-Rose-3-5-Jeremy-Scott-Angels.jpg?fit=fill&bg=FFFFFF&w=300&h=214&auto=format,compress&trim=color&q=90&dpr=2&updated_at=1538080256",https://stockx.com/adidas-d-rose-3-5-jeremy-scott-angels
Basketball,Men,"https://stockx.imgix.net/Adidas-D-Lillard-3-Lights-Out.png?fit=fill&bg=FFFFFF&w=300&h=214&auto=format,compress&trim=color&q=90&dpr=2&updated_at=1538080256",https://stockx.com/adidas-d-lillard-3-lights-out
Basketball,Men,"https://stockx.imgix.net/adidas-Crazy-97-Red.jpg?fit=fill&bg=FFFFFF&w=300&h=214&auto=format,compress&trim=color&q=90&dpr=2&updated_at=1539703017",https://stockx.com/adidas-crazy-97-red
Basketball,Men,"https://stockx.imgix.net/adidas-Crazylight-Boost-Low-2016-James-Harden-Ghost-Pepper.png?fit=fill&bg=FFFFFF&w=300&h=214&auto=format,compress&trim=color&q=90&dpr=2&updated_at=1541738433",https://stockx.com/adidas-crazylight-boost-low-2016-james-harden-ghost-pepper
Basketball,Men,"https://stockx.imgix.net/Adidas-Dame-Dolla-Night-Cargo-Product.jpg?fit=fill&bg=FFFFFF&w=300&h=214&auto=format,compress&trim=color&q=90&dpr=2&updated_at=1567801241",https://stockx.com/adidas-dame-dolla-night-cargo
Basketball,Men,"https://stockx.imgix.net/Adidas-D-Rose-3-5-Year-Of-The-Snake-YOTS.jpg?fit=fill&bg=FFFFFF&w=300&h=214&auto=format,compress&trim=color&q=90&dpr=2&updated_at=1538080256",https://stockx.com/adidas-d-rose-3-5-year-of-the-snake
Basketball,Men,"https://stockx.imgix.net/Adidas-Dame-4-Scarlet.png?fit=fill&bg=FFFFFF&w=300&h=214&auto=format,compress&trim=color&q=90&dpr=2&updated_at=1538080256",https://stockx.com/adidas-dame-4-scarlet
Basketball,Men,"https://stockx.imgix.net/Adidas-Dame-4-Rose-City.png?fit=fill&bg=FFFFFF&w=300&h=214&auto=format,compress&trim=color&q=90&dpr=2&updated_at=1538080256",https://stockx.com/adidas-dame-4-rose-city
Basketball,Men,"https://stockx.imgix.net/Adidas-Harden-Volume-1-Dark-Ops-Xeno.png?fit=fill&bg=FFFFFF&w=300&h=214&auto=format,compress&trim=color&q=90&dpr=2&updated_at=1538080256",https://stockx.com/adidas-harden-volume-1-dark-ops-xeno
Basketball,Men,"https://stockx.imgix.net/Adidas-Crazy-1-Adv-White-Black.png?fit=fill&bg=FFFFFF&w=300&h=214&auto=format,compress&trim=color&q=90&dpr=2&updated_at=1538080256",https://stockx.com/adidas-crazy-1-adv-white-black
Basketball,Men,"https://stockx.imgix.net/T-Mac-3-Aurora-Borealis.jpg?fit=fill&bg=FFFFFF&w=300&h=214&auto=format,compress&trim=color&q=90&dpr=2&updated_at=1561753806",https://stockx.com/adidas-t-mac-3-aurora-borealis
Basketball,Men,"https://stockx.imgix.net/adidas-Harden-Stepback-Core-Black-Scarlet.png?fit=fill&bg=FFFFFF&w=300&h=214&auto=format,compress&trim=color&q=90&dpr=2&updated_at=1581707010",https://stockx.com/adidas-harden-stepback-core-black-scarlet
Basketball,Men,"https://stockx.imgix.net/adidas-D-Lillard-2-Florist-City.png?fit=fill&bg=FFFFFF&w=300&h=214&auto=format,compress&trim=color&q=90&dpr=2&updated_at=1545109825",https://stockx.com/adidas-d-lillard-2-florist-city
Basketball,Men,"https://stockx.imgix.net/adidas-Marquee-Boost-Low-Core-Black-Cloud-White.png?fit=fill&bg=FFFFFF&w=300&h=214&auto=format,compress&trim=color&q=90&dpr=2&updated_at=1543464172",https://stockx.com/adidas-marquee-boost-low-core-black-cloud-white
Basketball,Men,"https://stockx.imgix.net/adidas-Crazy-97-Jrue-Holiday.jpg?fit=fill&bg=FFFFFF&w=300&h=214&auto=format,compress&trim=color&q=90&dpr=2&updated_at=1538080256",https://stockx.com/adidas-crazy-97-jrue-holiday
Basketball,Men,"https://stockx.imgix.net/adidas-Tmac-Millennium-White-Black-Pink.png?fit=fill&bg=FFFFFF&w=300&h=214&auto=format,compress&trim=color&q=90&dpr=2&updated_at=1562038766",https://stockx.com/adidas-tmac-millennium-white-black-pink
Basketball,Men,"https://stockx.imgix.net/adidas-TMAC-1-Year-of-the-Snake.jpg?fit=fill&bg=FFFFFF&w=300&h=214&auto=format,compress&trim=color&q=90&dpr=2&updated_at=1562858418",https://stockx.com/adidas-tmac-1-year-of-the-snake
Basketball,Men,"https://stockx.imgix.net/adidas-Crazy-1-Orange-White.jpg?fit=fill&bg=FFFFFF&w=300&h=214&auto=format,compress&trim=color&q=90&dpr=2&updated_at=1538080256",https://stockx.com/adidas-crazy-1-orange-white
Basketball,Men,"https://stockx.imgix.net/Adidas-Crazy-Explosive-Swaggy-P.png?fit=fill&bg=FFFFFF&w=300&h=214&auto=format,compress&trim=color&q=90&dpr=2&updated_at=1538080256",https://stockx.com/adidas-crazy-explosive-swaggy-p
Basketball,Men,"https://stockx.imgix.net/Adidas-Crazy-Explosive-17-Kristaps-Porzingis-Home-PE.png?fit=fill&bg=FFFFFF&w=300&h=214&auto=format,compress&trim=color&q=90&dpr=2&updated_at=1538080256",https://stockx.com/adidas-crazy-explosive-17-kristaps-porzingis-home-pe
Basketball,Men,"https://stockx.imgix.net/adidas-AdiPower-Howard-2-Orange-White-Gold.jpg?fit=fill&bg=FFFFFF&w=300&h=214&auto=format,compress&trim=color&q=90&dpr=2&updated_at=1538080256",https://stockx.com/adidas-adipower-howard-2-orange-white-gold
Basketball,Men,"https://stockx.imgix.net/Adidas-JS-Streetball-Warning.jpg?fit=fill&bg=FFFFFF&w=300&h=214&auto=format,compress&trim=color&q=90&dpr=2&updated_at=1538080256",https://stockx.com/adidas-js-streetball-warning
Basketball,Men,"https://stockx.imgix.net/adidas-Mutombo-Black-Black-White-1.jpg?fit=fill&bg=FFFFFF&w=300&h=214&auto=format,compress&trim=color&q=90&dpr=2&updated_at=1562770406",https://stockx.com/adidas-mutombo-black-black-white
Basketball,Men,"https://stockx.imgix.net/Adidas-D-Lillard-Two-PDX-Carpet.jpg?fit=fill&bg=FFFFFF&w=300&h=214&auto=format,compress&trim=color&q=90&dpr=2&updated_at=1538080256",https://stockx.com/adidas-d-lillard-2-pdx-carpet
Basketball,Men,"https://stockx.imgix.net/Adidas-T-Mac-5-Rain.png?fit=fill&bg=FFFFFF&w=300&h=214&auto=format,compress&trim=color&q=90&dpr=2&updated_at=1538080256",https://stockx.com/adidas-t-mac-5-rain
Basketball,Men,"https://stockx.imgix.net/adidas-Dame-4-Camp.png?fit=fill&bg=FFFFFF&w=300&h=214&auto=format,compress&trim=color&q=90&dpr=2&updated_at=1538080256",https://stockx.com/adidas-dame-4-camp
Basketball,Men,"https://stockx-assets.imgix.net/media/New-Product-Placeholder-Default.jpg?auto=compress,format",https://stockx.com/adidas-the-nike-kobe-black
Basketball,Men,"https://stockx.imgix.net/Adidas-Crazy-2-Basketball-Shoes-Silver-Metallic-Light-Yellow-Night-Flash.jpg?fit=fill&bg=FFFFFF&w=300&h=214&auto=format,compress&trim=color&q=90&dpr=2&updated_at=1538080256",https://stockx.com/adidas-crazy-2-basketball-shoes-silver-metallic-light-yellow-night-flash
Basketball,Men,"https://stockx.imgix.net/Adidas-Harden-Volume-1-No-Brakes.png?fit=fill&bg=FFFFFF&w=300&h=214&auto=format,compress&trim=color&q=90&dpr=2&updated_at=1538080256",https://stockx.com/adidas-harden-volume-1-no-brakes
Basketball,Men,"https://stockx.imgix.net/adidas-T-Mac-Millennium-White-Gold.png?fit=fill&bg=FFFFFF&w=300&h=214&auto=format,compress&trim=color&q=90&dpr=2&updated_at=1546368484",https://stockx.com/adidas-t-mac-millennium-white-gold
Basketball,Men,"https://stockx.imgix.net/Adidas-Crazylight-Boost-2-5-James-Harden-Cargo.jpg?fit=fill&bg=FFFFFF&w=300&h=214&auto=format,compress&trim=color&q=90&dpr=2&updated_at=1551301680",https://stockx.com/adidas-crazylight-boost-2-5-james-harden-cargo
Basketball,Men,"https://stockx.imgix.net/Adidas-Dame-4-Start-To-Finish.png?fit=fill&bg=FFFFFF&w=300&h=214&auto=format,compress&trim=color&q=90&dpr=2&updated_at=1538080256",https://stockx.com/adidas-dame-4-start-to-finish
Basketball,Men,"https://stockx.imgix.net/adidas-Streetball-Grey-Two-Active-Purple.png?fit=fill&bg=FFFFFF&w=300&h=214&auto=format,compress&trim=color&q=90&dpr=2&updated_at=1578035965",https://stockx.com/adidas-streetball-grey-two-active-purple
Basketball,Men,"https://stockx.imgix.net/adidas-D-Lillard-2-Core-Black-Vivid-Red.jpg?fit=fill&bg=FFFFFF&w=300&h=214&auto=format,compress&trim=color&q=90&dpr=2&updated_at=1538080256",https://stockx.com/adidas-d-lillard-2-core-black-vivid-red
Basketball,Men,"https://stockx.imgix.net/adidas-Marquee-Boost-Top-Ten-40th-Anniversary-1.png?fit=fill&bg=FFFFFF&w=300&h=214&auto=format,compress&trim=color&q=90&dpr=2&updated_at=1563478246",https://stockx.com/adidas-marquee-boost-top-ten-40th-anniversary
Basketball,Men,"https://stockx.imgix.net/Adidas-Dame-Dolla-Carbon.png?fit=fill&bg=FFFFFF&w=300&h=214&auto=format,compress&trim=color&q=90&dpr=2&updated_at=1538080256",https://stockx.com/adidas-dame-dolla-carbon
Basketball,Men,"https://stockx-assets.imgix.net/media/New-Product-Placeholder-Default.jpg?auto=compress,format",https://stockx.com/adidas-crazy-8-night-of-the-ballin-dead
Basketball,Men,"https://stockx.imgix.net/Adidas-Crazy-8-Iman-Shumpert.png?fit=fill&bg=FFFFFF&w=300&h=214&auto=format,compress&trim=color&q=90&dpr=2&updated_at=1538080256",https://stockx.com/adidas-crazy-8-iman-shumpert
Basketball,Men,"https://stockx.imgix.net/adidas-Crazyquick-2-Damian-Lillard.png?fit=fill&bg=FFFFFF&w=300&h=214&auto=format,compress&trim=color&q=90&dpr=2&updated_at=1541654197",https://stockx.com/adidas-crazyquick-2-damian-lillard
Basketball,Men,"https://stockx.imgix.net/adidas-Harden-Stepback-Core-Black-Team-Royal-Blue.png?fit=fill&bg=FFFFFF&w=300&h=214&auto=format,compress&trim=color&q=90&dpr=2&updated_at=1581707008",https://stockx.com/adidas-harden-stepback-core-black-team-royal-blue
Basketball,Men,"https://stockx.imgix.net/adidas-Crazy-97-NYC-Iman-Shumpert.jpg?fit=fill&bg=FFFFFF&w=300&h=214&auto=format,compress&trim=color&q=90&dpr=2&updated_at=1538080256",https://stockx.com/adidas-crazy-97-nyc-iman-shumpert
Basketball,Men,"https://stockx.imgix.net/Adidas-Crazy-8-Adv-Snake.png?fit=fill&bg=FFFFFF&w=300&h=214&auto=format,compress&trim=color&q=90&dpr=2&updated_at=1538080256",https://stockx.com/adidas-crazy-8-adv-snake
Basketball,Men,"https://stockx.imgix.net/adidas-Pro-Next-2019-Collegiate-Royal.png?fit=fill&bg=FFFFFF&w=300&h=214&auto=format,compress&trim=color&q=90&dpr=2&updated_at=1581706750",https://stockx.com/adidas-pro-next-2019-collegiate-royal
Basketball,Men,"https://stockx.imgix.net/adidas-TS-Lite-AMR-Black-Black-Blue.jpg?fit=fill&bg=FFFFFF&w=300&h=214&auto=format,compress&trim=color&q=90&dpr=2&updated_at=1538080256",https://stockx.com/adidas-ts-lite-amr-black-black-blue
Basketball,Men,"https://stockx.imgix.net/adidas-Pro-Bounce-2019-Low-Scarlet.png?fit=fill&bg=FFFFFF&w=300&h=214&auto=format,compress&trim=color&q=90&dpr=2&updated_at=1581707129",https://stockx.com/adidas-pro-bounce-2019-low-scarlet
Basketball,Men,"https://stockx.imgix.net/adidas-Pro-Next-2019-Core-Black-Could-White.png?fit=fill&bg=FFFFFF&w=300&h=214&auto=format,compress&trim=color&q=90&dpr=2&updated_at=1581706744",https://stockx.com/adidas-pro-next-2019-core-black-could-white
Basketball,Men,"https://stockx.imgix.net/Adidas-TS-Lightswitch-Gil-Halo-3.png?fit=fill&bg=FFFFFF&w=300&h=214&auto=format,compress&trim=color&q=90&dpr=2&updated_at=1538080256",https://stockx.com/adidas-ts-lightswitch-gil-halo-3
Basketball,Men,"https://stockx.imgix.net/Adidas-Crazy-8-Adv-Black-Platinum.png?fit=fill&bg=FFFFFF&w=300&h=214&auto=format,compress&trim=color&q=90&dpr=2&updated_at=1538080256",https://stockx.com/adidas-crazy-8-adv-black-platinum
Basketball,Men,"https://stockx.imgix.net/adidas-adiZero-Crazy-Light-2-Light-Onix.png?fit=fill&bg=FFFFFF&w=300&h=214&auto=format,compress&trim=color&q=90&dpr=2&updated_at=1547015506",https://stockx.com/adidas-adizero-crazy-light-2-light-onix
Basketball,Men,"https://stockx.imgix.net/adidas-D-Rose-7-Halloween-2016.png?fit=fill&bg=FFFFFF&w=300&h=214&auto=format,compress&trim=color&q=90&dpr=2&updated_at=1543983874",https://stockx.com/adidas-d-rose-7-halloween-2016
Basketball,Men,"https://stockx.imgix.net/Adidas-Crazy-8-Adv-Collegiate-Burgundy.png?fit=fill&bg=FFFFFF&w=300&h=214&auto=format,compress&trim=color&q=90&dpr=2&updated_at=1556132295",https://stockx.com/adidas-crazy-8-adv-collegiate-burgundy
Basketball,Men,"https://stockx.imgix.net/adidas-Crazy-8-Wool-Grey.png?fit=fill&bg=FFFFFF&w=300&h=214&auto=format,compress&trim=color&q=90&dpr=2&updated_at=1544255901",https://stockx.com/adidas-crazy-8-wool-grey
Basketball,Men,"https://stockx.imgix.net/adidas-Crazy-1-Vivid-Mint-Night-Grey-Red.jpg?fit=fill&bg=FFFFFF&w=300&h=214&auto=format,compress&trim=color&q=90&dpr=2&updated_at=1538080256",https://stockx.com/adidas-crazy-1-vivid-mint-night-grey-red
Basketball,Men,"https://stockx.imgix.net/adidas-Pro-Next-2019-Collegiate-Navy.png?fit=fill&bg=FFFFFF&w=300&h=214&auto=format,compress&trim=color&q=90&dpr=2&updated_at=1581706748",https://stockx.com/adidas-pro-next-2019-collegiate-navy
Basketball,Men,"https://stockx.imgix.net/adidas-Crazy-Explosive-Scarlet.jpg?fit=fill&bg=FFFFFF&w=300&h=214&auto=format,compress&trim=color&q=90&dpr=2&updated_at=1574022512",https://stockx.com/adidas-crazy-explosive-scarlet
Basketball,Men,"https://stockx.imgix.net/adidas-Harden-Vol-2-LS-Buckle-Desert.png?fit=fill&bg=FFFFFF&w=300&h=214&auto=format,compress&trim=color&q=90&dpr=2&updated_at=1538080256",https://stockx.com/adidas-harden-vol-2-ls-buckle-desert
Basketball,Men,"https://stockx.imgix.net/Adidas-Crazylight-Boost-Triple-White-James-Harden-Product.jpg?fit=fill&bg=FFFFFF&w=300&h=214&auto=format,compress&trim=color&q=90&dpr=2&updated_at=1598377195",https://stockx.com/adidas-crazylight-boost-triple-white-james-harden
Basketball,Men,"https://stockx-assets.imgix.net/media/New-Product-Placeholder-Default.jpg?auto=compress,format",https://stockx.com/adidas-crazy-2-basketball-shoes-cblack-ftw-white-power-purple
Basketball,Men,"https://stockx-assets.imgix.net/media/New-Product-Placeholder-Default.jpg?auto=compress,format",https://stockx.com/adidas-crazy-8-basketball-sneakers-black-white-black
Basketball,Men,"https://stockx-assets.imgix.net/media/New-Product-Placeholder-Default.jpg?auto=compress,format",https://stockx.com/adidas-mutombo-tr-block-black-noir
Basketball,Men,"https://stockx.imgix.net/adidas-Pro-Next-2019-Cloud-White-Grey-Two.png?fit=fill&bg=FFFFFF&w=300&h=214&auto=format,compress&trim=color&q=90&dpr=2&updated_at=1581706747",https://stockx.com/adidas-pro-next-2019-cloud-white-grey-two
Basketball,Men,"https://stockx.imgix.net/adidas-Crazy-Explosive-White.jpg?fit=fill&bg=FFFFFF&w=300&h=214&auto=format,compress&trim=color&q=90&dpr=2&updated_at=1574021200",https://stockx.com/adidas-crazy-explosivehite
Basketball,Men,"https://stockx.imgix.net/Adidas-Dame-Dolla-Grey.png?fit=fill&bg=FFFFFF&w=300&h=214&auto=format,compress&trim=color&q=90&dpr=2&updated_at=1538080256",https://stockx.com/adidas-dame-dolla-grey
Basketball,Men,"https://stockx.imgix.net/adidas-Harden-Stepback-Cloud-White.png?fit=fill&bg=FFFFFF&w=300&h=214&auto=format,compress&trim=color&q=90&dpr=2&updated_at=1581706995",https://stockx.com/adidas-harden-stepback-cloud-white
Basketball,Men,"https://stockx.imgix.net/adidas-Pro-Next-2019-Could-White-Core-Black.png?fit=fill&bg=FFFFFF&w=300&h=214&auto=format,compress&trim=color&q=90&dpr=2&updated_at=1581706753",https://stockx.com/adidas-pro-next-2019-could-white-core-black
Basketball,Men,"https://stockx.imgix.net/adidas-D-Rose-773-IV-Light-Onix.jpg?fit=fill&bg=FFFFFF&w=300&h=214&auto=format,compress&trim=color&q=90&dpr=2&updated_at=1574022527",https://stockx.com/adidas-d-rose-773-iv-light-onix
Basketball,Men,"https://stockx.imgix.net/adidas-Dame-4-Onix.png?fit=fill&bg=FFFFFF&w=300&h=214&auto=format,compress&trim=color&q=90&dpr=2&updated_at=1545109831",https://stockx.com/adidas-dame-4-onix
Basketball,Men,"https://stockx.imgix.net/adidas-Pro-Next-2019-Cloud-White.png?fit=fill&bg=FFFFFF&w=300&h=214&auto=format,compress&trim=color&q=90&dpr=2&updated_at=1581706742",https://stockx.com/adidas-pro-next-2019-cloud-white
Basketball,Men,"https://stockx.imgix.net/adidas-Mutombo-2-Black-White-Yellow.jpg?fit=fill&bg=FFFFFF&w=300&h=214&auto=format,compress&trim=color&q=90&dpr=2&updated_at=1538080256",https://stockx.com/adidas-mutombo-2-black-white-yellow
Basketball,Men,"https://stockx.imgix.net/adidas-Crazy-Explosive-Core-Black.jpg?fit=fill&bg=FFFFFF&w=300&h=214&auto=format,compress&trim=color&q=90&dpr=2&updated_at=1574021199",https://stockx.com/adidas-crazy-explosive-core-black
Basketball,Men,"https://stockx.imgix.net/adidas-Pro-Next-2019-Crystal-White.png?fit=fill&bg=FFFFFF&w=300&h=214&auto=format,compress&trim=color&q=90&dpr=2&updated_at=1581706755",https://stockx.com/adidas-pro-next-2019-crystal-white
Basketball,Men,"https://stockx.imgix.net/Adidas-Crazy-8-Kobe-Black-White.jpg?fit=fill&bg=FFFFFF&w=300&h=214&auto=format,compress&trim=color&q=90&dpr=2&updated_at=1538080256",https://stockx.com/adidas-crazy-8-black-white
Basketball,Men,"https://stockx.imgix.net/adidas-N3xt-L3v3l-Core-Black-Multi-Color-Print-Product.jpg?fit=fill&bg=FFFFFF&w=300&h=214&auto=format,compress&trim=color&q=90&dpr=2&updated_at=1573502731",https://stockx.com/adidas-n3xt-l3v3l-core-black-multi-color-print
Basketball,Men,"https://stockx.imgix.net/adidas-Streetball-White-Multi.jpg?fit=fill&bg=FFFFFF&w=300&h=214&auto=format,compress&trim=color&q=90&dpr=2&updated_at=1563470902",https://stockx.com/adidas-streetball-white-multi
Basketball,Men,"https://stockx.imgix.net/adidas-Y-3-BYW-Bball-White-Black.png?fit=fill&bg=FFFFFF&w=300&h=214&auto=format,compress&trim=color&q=90&dpr=2&updated_at=1544807978",https://stockx.com/adidas-y-3-byw-bball-white-black
Basketball,Men,"https://stockx.imgix.net/adidas-Streetball-Flash-Orange.jpg?fit=fill&bg=FFFFFF&w=300&h=214&auto=format,compress&trim=color&q=90&dpr=2&updated_at=1563470901",https://stockx.com/adidas-streetball-flash-orange
Basketball,Men,"https://stockx.imgix.net/Adidas-Harden-Vol-2-LS-Grey-Five-Product.jpg?fit=fill&bg=FFFFFF&w=300&h=214&auto=format,compress&trim=color&q=90&dpr=2&updated_at=1573502731",https://stockx.com/adidas-harden-vol-2-ls-grey-five
Basketball,Men,"https://stockx.imgix.net/adidas-Harden-Vol-3-Core-Black-Active-Blue-Product.jpg?fit=fill&bg=FFFFFF&w=300&h=214&auto=format,compress&trim=color&q=90&dpr=2&updated_at=1583360568",https://stockx.com/adidas-harden-vol-3-core-black-active-blue
Basketball,Men,"https://stockx.imgix.net/adidas-Dame-5-Clear-Mint-Legend-Marine-Product.jpg?fit=fill&bg=FFFFFF&w=300&h=214&auto=format,compress&trim=color&q=90&dpr=2&updated_at=1569617843",https://stockx.com/adidas-dame-5-clear-mint-legend-marine
Basketball,Men,"https://stockx.imgix.net/adidas-Marquee-Boost-White-Black.png?fit=fill&bg=FFFFFF&w=300&h=214&auto=format,compress&trim=color&q=90&dpr=2&updated_at=1543374111",https://stockx.com/adidas-marquee-boost-white-black
Basketball,Men,"https://stockx.imgix.net/adidas-Dame-5-Home-Product.jpg?fit=fill&bg=FFFFFF&w=300&h=214&auto=format,compress&trim=color&q=90&dpr=2&updated_at=1578691530",https://stockx.com/adidas-dame-5-home
Basketball,Men,"https://stockx.imgix.net/adidas-Dame-5-Away.png?fit=fill&bg=FFFFFF&w=300&h=214&auto=format,compress&trim=color&q=90&dpr=2&updated_at=1548739380",https://stockx.com/adidas-dame-5-away
Basketball,Men,"https://stockx.imgix.net/Adidas-Mutombo-OG-2013-Product.jpg?fit=fill&bg=FFFFFF&w=300&h=214&auto=format,compress&trim=color&q=90&dpr=2&updated_at=1584757351",https://stockx.com/adidas-mutombo-og-2013
Basketball,Men,"https://stockx.imgix.net/Adidas-Harden-Vol-1-Scarlet.png?fit=fill&bg=FFFFFF&w=300&h=214&auto=format,compress&trim=color&q=90&dpr=2&updated_at=1538080256",https://stockx.com/adidas-harden-vol-1-scarlet
Basketball,Men,"https://stockx.imgix.net/adidas-Dame-5-Black-Gold-White.png?fit=fill&bg=FFFFFF&w=300&h=214&auto=format,compress&trim=color&q=90&dpr=2&updated_at=1556684246",https://stockx.com/adidas-dame-5-black-gold-white
Basketball,Men,"https://stockx.imgix.net/Adidas-Harden-BTE-X-MVP-2018.png?fit=fill&bg=FFFFFF&w=300&h=214&auto=format,compress&trim=color&q=90&dpr=2&updated_at=1538080256",https://stockx.com/adidas-harden-bte-x-mvp-2018
Basketball,Men,"https://stockx.imgix.net/adidas-Pro-Bounce-2018-Kristaps-Porzingis-Unicorn-Product.jpg?fit=fill&bg=FFFFFF&w=300&h=214&auto=format,compress&trim=color&q=90&dpr=2&updated_at=1570212466",https://stockx.com/adidas-pro-bounce-2018-kristaps-porzingis-unicorn
Basketball,Men,"https://stockx.imgix.net/adidas-Harden-Vol-2-USA-Product.jpg?fit=fill&bg=FFFFFF&w=300&h=214&auto=format,compress&trim=color&q=90&dpr=2&updated_at=1538080256",https://stockx.com/adidas-harden-vol-2-usa
Basketball,Men,"https://stockx.imgix.net/Adidas-Dame-4-Core-Black-Product.jpg?fit=fill&bg=FFFFFF&w=300&h=214&auto=format,compress&trim=color&q=90&dpr=2&updated_at=1598377218",https://stockx.com/adidas-dame-4-core-black
Basketball,Men,"https://stockx.imgix.net/Adidas-D-Rose-3-0-Nightmare-Before-Christmas-Product.jpg?fit=fill&bg=FFFFFF&w=300&h=214&auto=format,compress&trim=color&q=90&dpr=2&updated_at=1543951556",https://stockx.com/adidas-d-rose-3-0-nightmare-before-christmas
Basketball,Men,"https://stockx.imgix.net/adidas-Streetball-White-Black-Product.jpg?fit=fill&bg=FFFFFF&w=300&h=214&auto=format,compress&trim=color&q=90&dpr=2&updated_at=1576006585",https://stockx.com/adidas-streetball-white-black
Basketball,Men,"https://stockx.imgix.net/Adidas-Crazy-Explosive-Low-Day-One-Black.png?fit=fill&bg=FFFFFF&w=300&h=214&auto=format,compress&trim=color&q=90&dpr=2&updated_at=1538080256",https://stockx.com/adidas-crazy-explosive-low-day-one-black
Basketball,Men,"https://stockx.imgix.net/adidas-Marquee-Boost-Raw-White-Cloud-White.png?fit=fill&bg=FFFFFF&w=300&h=214&auto=format,compress&trim=color&q=90&dpr=2&updated_at=1543464174",https://stockx.com/adidas-marquee-boost-raw-white-cloud-white
Basketball,Men,"https://stockx.imgix.net/adidas-Crazy-2-Purple-White-Black-Product.jpg?fit=fill&bg=FFFFFF&w=300&h=214&auto=format,compress&trim=color&q=90&dpr=2&updated_at=1581110770",https://stockx.com/adidas-crazy-2-purple-white-black
Basketball,Men,"https://stockx.imgix.net/adidas-Marquee-Boost-Low-Footwear-White.png?fit=fill&bg=FFFFFF&w=300&h=214&auto=format,compress&trim=color&q=90&dpr=2&updated_at=1543374109",https://stockx.com/adidas-marquee-boost-low-footwear-white
Basketball,Men,"https://stockx.imgix.net/adidas-Crazy-Explosive-2017-Grey.jpg?fit=fill&bg=FFFFFF&w=300&h=214&auto=format,compress&trim=color&q=90&dpr=2&updated_at=1574021198",https://stockx.com/adidas-crazy-explosive-2017-grey
Basketball,Men,"https://stockx.imgix.net/adidas-Crazy-Explosive-2017-Collegiate-Navy.jpg?fit=fill&bg=FFFFFF&w=300&h=214&auto=format,compress&trim=color&q=90&dpr=2&updated_at=1574021196",https://stockx.com/adidas-crazy-explosive-2017-collegiate-navy
Basketball,Men,"https://stockx.imgix.net/Adidas-Crazy-1-Packer-Shoes-Awards-Season.jpg?fit=fill&bg=FFFFFF&w=300&h=214&auto=format,compress&trim=color&q=90&dpr=2&updated_at=1538080256",https://stockx.com/adidas-crazy-1-packer-shoes-awards-season
Basketball,Men,"https://stockx.imgix.net/Adidas-D-Lillard-Three-Athur-Ashe-BHM-Product.jpg?fit=fill&bg=FFFFFF&w=300&h=214&auto=format,compress&trim=color&q=90&dpr=2&updated_at=1598609051",https://stockx.com/adidas-d-lillard-three-athur-ashe-bhm
Basketball,Men,"https://stockx.imgix.net/Adidas-Crazy-1-Florist-John-Wall.png?fit=fill&bg=FFFFFF&w=300&h=214&auto=format,compress&trim=color&q=90&dpr=2&updated_at=1538080256",https://stockx.com/adidas-crazy-1-florist-john-wall
Basketball,Men,"https://stockx.imgix.net/Adidas-Harden-LS-Holiday-Heat.png?fit=fill&bg=FFFFFF&w=300&h=214&auto=format,compress&trim=color&q=90&dpr=2&updated_at=1538080256",https://stockx.com/adidas-harden-ls-holiday-heat
Basketball,Men,"https://stockx.imgix.net/adidas-Harden-Stepback-Core-Black-Signal-Coral.png?fit=fill&bg=FFFFFF&w=300&h=214&auto=format,compress&trim=color&q=90&dpr=2&updated_at=1581707013",https://stockx.com/adidas-harden-stepback-core-black-signal-coral
Basketball,Men,"https://stockx.imgix.net/Adidas-Crazy-97-Kobe-Vino-Pack.jpg?fit=fill&bg=FFFFFF&w=300&h=214&auto=format,compress&trim=color&q=90&dpr=2&updated_at=1538080256",https://stockx.com/adidas-crazy-97-kobe-vino-pack
Basketball,Men,"https://stockx.imgix.net/Adidas-Harden-LS-Nightlife.png?fit=fill&bg=FFFFFF&w=300&h=214&auto=format,compress&trim=color&q=90&dpr=2&updated_at=1538080256",https://stockx.com/adidas-harden-ls-nightlife
Basketball,Men,"https://stockx.imgix.net/Adidas-Harden-Vol-2-LS-Core-Black-Product.jpg?fit=fill&bg=FFFFFF&w=300&h=214&auto=format,compress&trim=color&q=90&dpr=2&updated_at=1573502731",https://stockx.com/adidas-harden-vol-2-ls-core-black
Basketball,Men,"https://stockx.imgix.net/adidas-Marquee-Boost-Low-Lakers.png?fit=fill&bg=FFFFFF&w=300&h=214&auto=format,compress&trim=color&q=90&dpr=2&updated_at=1543374113",https://stockx.com/adidas-marquee-boost-low-lakers
Basketball,Men,"https://stockx.imgix.net/Adidas-Crazy-1-Adv-Running-White.png?fit=fill&bg=FFFFFF&w=300&h=214&auto=format,compress&trim=color&q=90&dpr=2&updated_at=1538080256",https://stockx.com/adidas-crazy-1-adv-running-white
Basketball,Men,"https://stockx.imgix.net/adidas-Dame-3-Collegiate-Royal.png?fit=fill&bg=FFFFFF&w=300&h=214&auto=format,compress&trim=color&q=90&dpr=2&updated_at=1546067199",https://stockx.com/adidas-dame-3-collegiate-royal
Basketball,Men,"https://stockx.imgix.net/Adidas-D-Rose-7-Black-History-Month-2017.png?fit=fill&bg=FFFFFF&w=300&h=214&auto=format,compress&trim=color&q=90&dpr=2&updated_at=1538080256",https://stockx.com/adidas-d-rose-7-black-history-month-2017
Basketball,Men,"https://stockx.imgix.net/adidas-Dame-5-Storytelling.png?fit=fill&bg=FFFFFF&w=300&h=214&auto=format,compress&trim=color&q=90&dpr=2&updated_at=1554401136",https://stockx.com/adidas-dame-5-storytelling
Basketball,Men,"https://stockx.imgix.net/adidas-Mutumbo-Royal.jpg?fit=fill&bg=FFFFFF&w=300&h=214&auto=format,compress&trim=color&q=90&dpr=2&updated_at=1566244670",https://stockx.com/adidas-mutumbo-royal
Basketball,Men,"https://stockx.imgix.net/adidas-T-Mac-Millennium-Collegiate-Red.png?fit=fill&bg=FFFFFF&w=300&h=214&auto=format,compress&trim=color&q=90&dpr=2&updated_at=1543464173",https://stockx.com/adidas-t-mac-millennium-collegiate-red
Basketball,Men,"https://stockx.imgix.net/Adidas-Crazy-Team-2017-Day-One-Black.png?fit=fill&bg=FFFFFF&w=300&h=214&auto=format,compress&trim=color&q=90&dpr=2&updated_at=1538080256",https://stockx.com/adidas-crazy-team-2017-day-one-black
Basketball,Men,"https://stockx.imgix.net/Adidas-Crazy-Explosive-17-Kristaps-Porzingis-PE.png?fit=fill&bg=FFFFFF&w=300&h=214&auto=format,compress&trim=color&q=90&dpr=2&updated_at=1538080256",https://stockx.com/adidas-crazy-explosive-17-kristaps-porzingis-pe
Basketball,Men,"https://stockx.imgix.net/Adidas-Crazy-8-Adv-Night-Cargo.png?fit=fill&bg=FFFFFF&w=300&h=214&auto=format,compress&trim=color&q=90&dpr=2&updated_at=1538080256",https://stockx.com/adidas-crazy-8-adv-night-cargo
Basketball,Men,"https://stockx.imgix.net/Adidas-Harden-Vol-2-Indiana.png?fit=fill&bg=FFFFFF&w=300&h=214&auto=format,compress&trim=color&q=90&dpr=2&updated_at=1538080256",https://stockx.com/adidas-harden-vol-2-indiana
Basketball,Men,"https://stockx.imgix.net/Adidas-Harden-Vol-1-Fear-The-Fork.png?fit=fill&bg=FFFFFF&w=300&h=214&auto=format,compress&trim=color&q=90&dpr=2&updated_at=1538080256",https://stockx.com/adidas-harden-vol-1-fear-the-fork
Basketball,Men,"https://stockx.imgix.net/Adidas-Harden-Vol-1-Grayvy.png?fit=fill&bg=FFFFFF&w=300&h=214&auto=format,compress&trim=color&q=90&dpr=2&updated_at=1538080256",https://stockx.com/adidas-harden-vol-1-grayvy
Basketball,Men,"https://stockx.imgix.net/adidas-D-Rose-9-Grey.png?fit=fill&bg=FFFFFF&w=300&h=214&auto=format,compress&trim=color&q=90&dpr=2&updated_at=1538080256",https://stockx.com/adidas-d-rose-9-grey
Basketball,Men,"https://stockx.imgix.net/adidas-Crazy-Light-Boost-2018-Black-Gold.png?fit=fill&bg=FFFFFF&w=300&h=214&auto=format,compress&trim=color&q=90&dpr=2&updated_at=1544161611",https://stockx.com/adidas-crazy-light-boost-2018-black-gold
Basketball,Men,"https://stockx.imgix.net/Adidas-Crazylight-Boost-2016-Harden-USA-Product.jpg?fit=fill&bg=FFFFFF&w=300&h=214&auto=format,compress&trim=color&q=90&dpr=2&updated_at=1598377195",https://stockx.com/adidas-crazylight-boost-2016-harden-usa
Basketball,Men,"https://stockx.imgix.net/Adidas-Dame-4-Un-Dyed.png?fit=fill&bg=FFFFFF&w=300&h=214&auto=format,compress&trim=color&q=90&dpr=2&updated_at=1538080256",https://stockx.com/adidas-dame-4-un-dyed
Basketball,Men,"https://stockx.imgix.net/Adidas-Crazy-8-Adv-White-Black-Red.png?fit=fill&bg=FFFFFF&w=300&h=214&auto=format,compress&trim=color&q=90&dpr=2&updated_at=1538080256",https://stockx.com/adidas-crazy-8-adv-white-black-red
Basketball,Men,"https://stockx.imgix.net/adidas-Dame-4-Stats.png?fit=fill&bg=FFFFFF&w=300&h=214&auto=format,compress&trim=color&q=90&dpr=2&updated_at=1538080256",https://stockx.com/adidas-dame-4-stats
Basketball,Men,"https://stockx.imgix.net/Adidas-Crazy-8-Glacier-Ice-Camo.png?fit=fill&bg=FFFFFF&w=300&h=214&auto=format,compress&trim=color&q=90&dpr=2&updated_at=1538080256",https://stockx.com/adidas-crazy-8-glacier-ice-camo
Basketball,Men,"https://stockx.imgix.net/Adidas-Mutombo-2-Originals-Basketball-Shoe-Cblack-Cblack-Cburgu.jpg?fit=fill&bg=FFFFFF&w=300&h=214&auto=format,compress&trim=color&q=90&dpr=2&updated_at=1538080256",https://stockx.com/adidas-mutombo-2-originals-basketball-shoe-cblack-cblack-cburgu
Basketball,Men,"https://stockx.imgix.net/adidas-Streetball-Cloud-White.jpg?fit=fill&bg=FFFFFF&w=300&h=214&auto=format,compress&trim=color&q=90&dpr=2&updated_at=1584639789",https://stockx.com/adidas-streetball-cloud-white
Basketball,Men,"https://stockx.imgix.net/adidas-D-Rose-773-2I-Court-Green.jpg?fit=fill&bg=FFFFFF&w=300&h=214&auto=format,compress&trim=color&q=90&dpr=2&updated_at=1574022521",https://stockx.com/adidas-d-rose-773-2i-court-green
Basketball,Men,"https://stockx.imgix.net/Adidas-D-Rose-7-Arthur-Ashe-BHM-1.png?fit=fill&bg=FFFFFF&w=300&h=214&auto=format,compress&trim=color&q=90&dpr=2&updated_at=1563396272",https://stockx.com/adidas-d-rose-7-arthur-ashe-bhm
Basketball,Men,"https://stockx.imgix.net/adidas-Pro-Vision-Cloud-White-Core-Black.png?fit=fill&bg=FFFFFF&w=300&h=214&auto=format,compress&trim=color&q=90&dpr=2&updated_at=1543464172",https://stockx.com/adidas-pro-vision-cloud-white-core-black
Basketball,Men,"https://stockx.imgix.net/adidas-Dame-3-White.jpg?fit=fill&bg=FFFFFF&w=300&h=214&auto=format,compress&trim=color&q=90&dpr=2&updated_at=1574022528",https://stockx.com/adidas-dame-3-white
Basketball,Men,"https://stockx.imgix.net/adidas-Dame-3-Static.png?fit=fill&bg=FFFFFF&w=300&h=214&auto=format,compress&trim=color&q=90&dpr=2&updated_at=1547971696",https://stockx.com/adidas-dame-3-static
Basketball,Men,"https://stockx-assets.imgix.net/media/New-Product-Placeholder-Default.jpg?auto=compress,format",https://stockx.com/adidas-crazy-8-basketball-sneakers-core-black-collegiate-royal-orange
Basketball,Men,"https://stockx.imgix.net/Adidas-Harden-Volpt-1-Milled-Leather.png?fit=fill&bg=FFFFFF&w=300&h=214&auto=format,compress&trim=color&q=90&dpr=2&updated_at=1538080256",https://stockx.com/adidas-harden-volpt-1-milled-leather
Basketball,Men,"https://stockx.imgix.net/adidas-D-Lillard-2-Rip-City.png?fit=fill&bg=FFFFFF&w=300&h=214&auto=format,compress&trim=color&q=90&dpr=2&updated_at=1556132501",https://stockx.com/adidas-d-lillard-2-rip-city
Basketball,Men,"https://stockx.imgix.net/Adidas-Crazy-8-Metallic-Gold.png?fit=fill&bg=FFFFFF&w=300&h=214&auto=format,compress&trim=color&q=90&dpr=2&updated_at=1538080256",https://stockx.com/adidas-crazy-8-metallic-gold
Basketball,Men,"https://stockx.imgix.net/Adidas-Harden-Vol-2-McDonalds-All-American-2018.png?fit=fill&bg=FFFFFF&w=300&h=214&auto=format,compress&trim=color&q=90&dpr=2&updated_at=1538080256",https://stockx.com/adidas-harden-vol-2-mcdonalds-all-american-2018
Basketball,Men,"https://stockx.imgix.net/adidas-Harden-Stepback-Core-Black-Grey-Six.png?fit=fill&bg=FFFFFF&w=300&h=214&auto=format,compress&trim=color&q=90&dpr=2&updated_at=1581707012",https://stockx.com/adidas-harden-stepback-core-black-grey-six
Basketball,Men,"https://stockx.imgix.net/adidas-Crazy-Explosive-Low-BHM.png?fit=fill&bg=FFFFFF&w=300&h=214&auto=format,compress&trim=color&q=90&dpr=2&updated_at=1550772996",https://stockx.com/adidas-crazy-explosive-low-bhm
Basketball,Men,"https://stockx-assets.imgix.net/media/New-Product-Placeholder-Default.jpg?auto=compress,format",https://stockx.com/adidas-d-rose-3-great-chicago-fire
Basketball,Men,"https://stockx.imgix.net/adidas-D-Rose-4-Boardwalk.png?fit=fill&bg=FFFFFF&w=300&h=214&auto=format,compress&trim=color&q=90&dpr=2&updated_at=1538080256",https://stockx.com/adidas-d-rose-4-boardwalk
Basketball,Men,"https://stockx.imgix.net/Adidas-D-Lillard-2-White-Multi-Color.png?fit=fill&bg=FFFFFF&w=300&h=214&auto=format,compress&trim=color&q=90&dpr=2&updated_at=1538080256",https://stockx.com/adidas-d-lillard-2-white-multi-color
Basketball,Men,"https://stockx-assets.imgix.net/media/New-Product-Placeholder-Default.jpg?auto=compress,format",https://stockx.com/adidas-n3xt-l3v3l-mcdonalds-all-american-pe-2019
Basketball,Men,"https://stockx.imgix.net/Adidas-D-Rose-6-Black-History-Month-2016.png?fit=fill&bg=FFFFFF&w=300&h=214&auto=format,compress&trim=color&q=90&dpr=2&updated_at=1538080256",https://stockx.com/adidas-d-rose-6-black-history-month-2016
Basketball,Men,"https://stockx.imgix.net/Adidas-Crazy-Team-2017-Day-One-Clay-Brown.png?fit=fill&bg=FFFFFF&w=300&h=214&auto=format,compress&trim=color&q=90&dpr=2&updated_at=1538080256",https://stockx.com/adidas-crazy-team-2017-day-one-clay-brown
Basketball,Men,"https://stockx.imgix.net/Adidas-Harden-Vol-2-Arizona-State.png?fit=fill&bg=FFFFFF&w=300&h=214&auto=format,compress&trim=color&q=90&dpr=2&updated_at=1538080256",https://stockx.com/adidas-harden-vol-2-arizona-state
Basketball,Men,"https://stockx.imgix.net/adidas-C-10-White.jpg?fit=fill&bg=FFFFFF&w=300&h=214&auto=format,compress&trim=color&q=90&dpr=2&updated_at=1561744888",https://stockx.com/adidas-c-10-white
Basketball,Men,"https://stockx.imgix.net/adidas-adiZero-Crazy-Light-2-LA.png?fit=fill&bg=FFFFFF&w=300&h=214&auto=format,compress&trim=color&q=90&dpr=2&updated_at=1538080256",https://stockx.com/adidas-adizero-crazy-light-2-la
Basketball,Men,"https://stockx.imgix.net/adidas-Harden-B-E-2-White.jpg?fit=fill&bg=FFFFFF&w=300&h=214&auto=format,compress&trim=color&q=90&dpr=2&updated_at=1574022532",https://stockx.com/adidas-harden-b-e-2hite
Basketball,Men,"https://stockx.imgix.net/Adidas-Dame-4-Black-Gold-Scarlet.png?fit=fill&bg=FFFFFF&w=300&h=214&auto=format,compress&trim=color&q=90&dpr=2&updated_at=1538080256",https://stockx.com/adidas-dame-4-black-gold-scarlet
Basketball,Men,"https://stockx.imgix.net/adidas-Marquee-Boost-Low-Black-Gold.png?fit=fill&bg=FFFFFF&w=300&h=214&auto=format,compress&trim=color&q=90&dpr=2&updated_at=1551154726",https://stockx.com/adidas-marquee-boost-low-black-gold
Basketball,Men,"https://stockx.imgix.net/adidas-TS-Lite-AMR-Heat-Of-The-Bull.jpg?fit=fill&bg=FFFFFF&w=300&h=214&auto=format,compress&trim=color&q=90&dpr=2&updated_at=1538080256",https://stockx.com/adidas-ts-lite-amr-heat-of-the-bull
Basketball,Men,"https://stockx.imgix.net/Adidas-Harden-LS-LA-Life.png?fit=fill&bg=FFFFFF&w=300&h=214&auto=format,compress&trim=color&q=90&dpr=2&updated_at=1538080256",https://stockx.com/adidas-harden-ls-la-life
Basketball,Men,"https://stockx.imgix.net/adidas-Pro-Bounce-18-Low-Andrew-Wiggins.png?fit=fill&bg=FFFFFF&w=300&h=214&auto=format,compress&trim=color&q=90&dpr=2&updated_at=1538449326",https://stockx.com/adidas-pro-bounce-18-low-andrew-wiggins
Basketball,Men,"https://stockx-assets.imgix.net/media/New-Product-Placeholder-Default.jpg?auto=compress,format",https://stockx.com/adidas-d-rose-4pt5-black-black-lstsca
Basketball,Men,"https://stockx.imgix.net/Adidas-Harden-Vol-2-Texas-A-M.png?fit=fill&bg=FFFFFF&w=300&h=214&auto=format,compress&trim=color&q=90&dpr=2&updated_at=1538080256",https://stockx.com/adidas-harden-vol-2-texas-a-m
Basketball,Men,"https://stockx.imgix.net/Adidas-Crazy-Explosive-2017-Low-Gradient.png?fit=fill&bg=FFFFFF&w=300&h=214&auto=format,compress&trim=color&q=90&dpr=2&updated_at=1538080256",https://stockx.com/adidas-crazy-explosive-2017-low-gradient
Basketball,Men,"https://stockx.imgix.net/Adidas-Harden-Vol-2-Power-Red.png?fit=fill&bg=FFFFFF&w=300&h=214&auto=format,compress&trim=color&q=90&dpr=2&updated_at=1538080256",https://stockx.com/adidas-harden-vol-2-power-red
Basketball,Men,"https://stockx.imgix.net/adidas-Crazy-Explosive-2017-Linen.png?fit=fill&bg=FFFFFF&w=300&h=214&auto=format,compress&trim=color&q=90&dpr=2&updated_at=1552149730",https://stockx.com/adidas-crazy-explosive-2017-linen
Basketball,Men,"https://stockx.imgix.net/adidas-D-Rose-773-IV-4-Dark-Green.jpg?fit=fill&bg=FFFFFF&w=300&h=214&auto=format,compress&trim=color&q=90&dpr=2&updated_at=1574022524",https://stockx.com/adidas-d-rose-773-iv-4-dark-green
Basketball,Men,"https://stockx.imgix.net/Adidas-Team-Signature-Commander-Kevin-Garnett.png?fit=fill&bg=FFFFFF&w=300&h=214&auto=format,compress&trim=color&q=90&dpr=2&updated_at=1538080256",https://stockx.com/adidas-team-signature-commander-kevin-garnett
Basketball,Men,"https://stockx.imgix.net/adidas-D-Rose-773-2-Forest.jpg?fit=fill&bg=FFFFFF&w=300&h=214&auto=format,compress&trim=color&q=90&dpr=2&updated_at=1574022518",https://stockx.com/adidas-d-rose-773-2-forest
Basketball,Men,"https://stockx.imgix.net/adidas-D-Rose-773-2-Light-Maroon.jpg?fit=fill&bg=FFFFFF&w=300&h=214&auto=format,compress&trim=color&q=90&dpr=2&updated_at=1574022519",https://stockx.com/adidas-d-rose-773-2-light-maroon
Basketball,Men,"https://stockx.imgix.net/adidas-D-Lillard-1-Rip-City.png?fit=fill&bg=FFFFFF&w=300&h=214&auto=format,compress&trim=color&q=90&dpr=2&updated_at=1538080256",https://stockx.com/adidas-d-lillard-1-rip-city
Basketball,Men,"https://stockx.imgix.net/adidas-D-Rose-4-5-Iridescent.png?fit=fill&bg=FFFFFF&w=300&h=214&auto=format,compress&trim=color&q=90&dpr=2&updated_at=1550626376",https://stockx.com/adidas-d-rose-4-5-iridescent
Basketball,Men,"https://stockx.imgix.net/adidas-D-Rose-773-2-Black-One.jpg?fit=fill&bg=FFFFFF&w=300&h=214&auto=format,compress&trim=color&q=90&dpr=2&updated_at=1574022516",https://stockx.com/adidas-d-rose-773-2-black-one
Basketball,Men,"https://stockx.imgix.net/adidas-Dame-3-Maroon.jpg?fit=fill&bg=FFFFFF&w=300&h=214&auto=format,compress&trim=color&q=90&dpr=2&updated_at=1574022529",https://stockx.com/adidas-dame-3-maroon
Basketball,Men,"https://stockx-assets.imgix.net/media/New-Product-Placeholder-Default.jpg?auto=compress,format",https://stockx.com/adidas-mutombo-tr-block-runwhite-black
Basketball,Men,"https://stockx.imgix.net/adidas-D-Rose-4-5-Brenda.png?fit=fill&bg=FFFFFF&w=300&h=214&auto=format,compress&trim=color&q=90&dpr=2&updated_at=1540436586",https://stockx.com/adidas-d-rose-4-5-brenda
Basketball,Men,"https://stockx.imgix.net/adidas-D-Lillard-2-Scarlet-Red.jpg?fit=fill&bg=FFFFFF&w=300&h=214&auto=format,compress&trim=color&q=90&dpr=2&updated_at=1561744893",https://stockx.com/adidas-d-lillard-2-scarlet-red
Basketball,Men,"https://stockx.imgix.net/adidas-Crazy-Explosive-Blue.jpg?fit=fill&bg=FFFFFF&w=300&h=214&auto=format,compress&trim=color&q=90&dpr=2&updated_at=1574021199",https://stockx.com/adidas-crazy-explosive-blue
Basketball,Men,"https://stockx-assets.imgix.net/media/New-Product-Placeholder-Default.jpg?auto=compress,format",https://stockx.com/adidas-carzy-97-bahmin-black
Basketball,Men,"https://stockx.imgix.net/adidas-Crazy-2-Light-Onix-Black-White.jpg?fit=fill&bg=FFFFFF&w=300&h=214&auto=format,compress&trim=color&q=90&dpr=2&updated_at=1538080256",https://stockx.com/adidas-crazy-2-light-onix-black-white
Basketball,Men,"https://stockx.imgix.net/Adidas-Crazy-Explosive-Low-LGBT-Pride.png?fit=fill&bg=FFFFFF&w=300&h=214&auto=format,compress&trim=color&q=90&dpr=2&updated_at=1538080256",https://stockx.com/adidas-crazy-explosive-low-lgbt-pride
Basketball,Men,"https://stockx.imgix.net/Adidas-Dame-Dolla-Tan.png?fit=fill&bg=FFFFFF&w=300&h=214&auto=format,compress&trim=color&q=90&dpr=2&updated_at=1538080256",https://stockx.com/adidas-dame-dolla-tan
Basketball,Men,"https://stockx.imgix.net/adidas-Adipure-Crazyquick-Lead-White-Black.jpg?fit=fill&bg=FFFFFF&w=300&h=214&auto=format,compress&trim=color&q=90&dpr=2&updated_at=1538080256",https://stockx.com/adidas-adipure-crazyquick-lead-white-black
Basketball,Men,"https://stockx-assets.imgix.net/media/New-Product-Placeholder-Default.jpg?auto=compress,format",https://stockx.com/adidas-t-mac-1-avengers-hulk
Basketball,Men,"https://stockx.imgix.net/adidas-D-Lillard-2-Tennis-Ball.png?fit=fill&bg=FFFFFF&w=300&h=214&auto=format,compress&trim=color&q=90&dpr=2&updated_at=1547182559",https://stockx.com/adidas-d-lillard-2-tennis-ball
Basketball,Men,"https://stockx.imgix.net/Adidas-TS-Pro-Model-Kansas-Jayhawks.jpg?fit=fill&bg=FFFFFF&w=300&h=214&auto=format,compress&trim=color&q=90&dpr=2&updated_at=1538080256",https://stockx.com/adidas-ts-pro-model-kansas-jayhawks
Basketball,Men,"https://stockx.imgix.net/Adidas-Harden-Vol-2-Mississippi-State.png?fit=fill&bg=FFFFFF&w=300&h=214&auto=format,compress&trim=color&q=90&dpr=2&updated_at=1538080256",https://stockx.com/adidas-harden-vol-2-mississippi-state
Basketball,Men,"https://stockx.imgix.net/Adidas-Title-Run-Basketball-Shoe-Semi-Solar-Yellow-Solar-Red-Core-Black.jpg?fit=fill&bg=FFFFFF&w=300&h=214&auto=format,compress&trim=color&q=90&dpr=2&updated_at=1538080256",https://stockx.com/adidas-title-run-basketball-shoe-semi-solar-yellow-solar-red-core-black
Basketball,Men,"https://stockx.imgix.net/adidas-J-Wall-2-BHM-2016.png?fit=fill&bg=FFFFFF&w=300&h=214&auto=format,compress&trim=color&q=90&dpr=2&updated_at=1555470928",https://stockx.com/adidas-j-wall-2-bhm-2016
Basketball,Men,"https://stockx.imgix.net/adidas-D-Rose-773-IV-Core-Black.jpg?fit=fill&bg=FFFFFF&w=300&h=214&auto=format,compress&trim=color&q=90&dpr=2&updated_at=1574022525",https://stockx.com/adidas-d-rose-773-iv-core-black
Basketball,Men,"https://stockx.imgix.net/adidas-Dame-3-By-Any-Means.png?fit=fill&bg=FFFFFF&w=300&h=214&auto=format,compress&trim=color&q=90&dpr=2&updated_at=1548475764",https://stockx.com/adidas-dame-3-by-any-means
Basketball,Men,"https://stockx.imgix.net/adidas-Pro-Bounce-Mid-2018-Andrew-Wiggins-PE.png?fit=fill&bg=FFFFFF&w=300&h=214&auto=format,compress&trim=color&q=90&dpr=2&updated_at=1539657950",https://stockx.com/adidas-pro-bounce-mid-2018-andrew-wiggins-pe
Basketball,Men,"https://stockx.imgix.net/Adidas-Harden-Vol-2-Louisville.png?fit=fill&bg=FFFFFF&w=300&h=214&auto=format,compress&trim=color&q=90&dpr=2&updated_at=1538080256",https://stockx.com/adidas-harden-vol-2-louisville
Basketball,Men,"https://stockx.imgix.net/adidas-D-Lillard-2-Stay-Ready.png?fit=fill&bg=FFFFFF&w=300&h=214&auto=format,compress&trim=color&q=90&dpr=2&updated_at=1538080256",https://stockx.com/adidas-d-lillard-2-stay-ready
Basketball,Men,"https://stockx.imgix.net/adidas-D-Lillard-2-Green.jpg?fit=fill&bg=FFFFFF&w=300&h=214&auto=format,compress&trim=color&q=90&dpr=2&updated_at=1574022516",https://stockx.com/adidas-d-lillard-2-green
Basketball,Men,"https://stockx.imgix.net/adidas-Crazy-Shadow-2-Running-White.jpg?fit=fill&bg=FFFFFF&w=300&h=214&auto=format,compress&trim=color&q=90&dpr=2&updated_at=1574022514",https://stockx.com/adidas-crazy-shadow-2-runninghite
Basketball,Men,"https://stockx.imgix.net/Adidas-D-Rose-4pt5-Zebra.png?fit=fill&bg=FFFFFF&w=300&h=214&auto=format,compress&trim=color&q=90&dpr=2&updated_at=1538080256",https://stockx.com/adidas-d-rose-4pt5-zebra
Basketball,Men,"https://stockx-assets.imgix.net/media/New-Product-Placeholder-Default.jpg?auto=compress,format",https://stockx.com/adidas-gil-zero-low-vegas
Basketball,Men,"https://stockx.imgix.net/adidas-Crazy-Explosive-Green.jpg?fit=fill&bg=FFFFFF&w=300&h=214&auto=format,compress&trim=color&q=90&dpr=2&updated_at=1574022511",https://stockx.com/adidas-crazy-explosive-green
Basketball,Men,"https://stockx.imgix.net/adidas-AS-SMU-Adizero-Crazy-Light-Kel-Solid.jpg?fit=fill&bg=FFFFFF&w=300&h=214&auto=format,compress&trim=color&q=90&dpr=2&updated_at=1574021195",https://stockx.com/adidas-as-smu-adizero-crazy-light-kel-solid
Basketball,Men,"https://stockx.imgix.net/Adidas-D-Lillard-3-All-Star-2017.png?fit=fill&bg=FFFFFF&w=300&h=214&auto=format,compress&trim=color&q=90&dpr=2&updated_at=1538080256",https://stockx.com/adidas-d-lillard-3-all-star-2017
Basketball,Men,"https://stockx.imgix.net/adidas-D-Rose-773-IV-Maroon.jpg?fit=fill&bg=FFFFFF&w=300&h=214&auto=format,compress&trim=color&q=90&dpr=2&updated_at=1574022527",https://stockx.com/adidas-d-rose-773-iv-maroon
Basketball,Men,"https://stockx.imgix.net/Adidas-Outrival-White-Metallic-Silver-Black.jpg?fit=fill&bg=FFFFFF&w=300&h=214&auto=format,compress&trim=color&q=90&dpr=2&updated_at=1538080256",https://stockx.com/adidas-outrival-white-metallic-silver-black
Basketball,Men,"https://stockx.imgix.net/adidas-Title-Run-Blue-White-Black.jpg?fit=fill&bg=FFFFFF&w=300&h=214&auto=format,compress&trim=color&q=90&dpr=2&updated_at=1538080256",https://stockx.com/adidas-title-run-blue-white-black
Basketball,Men,"https://stockx.imgix.net/adidas-Crazy-Explosive-Black-White.png?fit=fill&bg=FFFFFF&w=300&h=214&auto=format,compress&trim=color&q=90&dpr=2&updated_at=1549075273",https://stockx.com/adidas-crazy-explosive-black-white
Basketball,Men,"https://stockx.imgix.net/adidas-TS-Lightspeed-T-Mac-PE.png?fit=fill&bg=FFFFFF&w=300&h=214&auto=format,compress&trim=color&q=90&dpr=2&updated_at=1562858418",https://stockx.com/adidas-ts-lightspeed-t-mac-pe
Basketball,Men,"https://stockx.imgix.net/adidas-Crazylight-Boost-Low-2016-Chinese-New-Year.png?fit=fill&bg=FFFFFF&w=300&h=214&auto=format,compress&trim=color&q=90&dpr=2&updated_at=1540436583",https://stockx.com/adidas-crazylight-boost-low-2016-chinese-new-year
Basketball,Men,"https://stockx.imgix.net/adidas-D-Rose-773-IV-White.jpg?fit=fill&bg=FFFFFF&w=300&h=214&auto=format,compress&trim=color&q=90&dpr=2&updated_at=1574022526",https://stockx.com/adidas-d-rose-773-iv-white
Basketball,Men,"https://stockx.imgix.net/adidas-D-Rose-773-2I-Collegiate-Navy.jpg?fit=fill&bg=FFFFFF&w=300&h=214&auto=format,compress&trim=color&q=90&dpr=2&updated_at=1574022521",https://stockx.com/adidas-d-rose-773-2i-collegiate-navy
Basketball,Men,"https://stockx.imgix.net/adidas-Dame-3-Power-Red.jpg?fit=fill&bg=FFFFFF&w=300&h=214&auto=format,compress&trim=color&q=90&dpr=2&updated_at=1574022530",https://stockx.com/adidas-dame-3-power-red
Basketball,Men,"https://stockx.imgix.net/adidas-Crazy-Explosive-Solid-Grey.jpg?fit=fill&bg=FFFFFF&w=300&h=214&auto=format,compress&trim=color&q=90&dpr=2&updated_at=1574022513",https://stockx.com/adidas-crazy-explosive-solid-grey
Basketball,Men,"https://stockx.imgix.net/Adidas-Crazy-1-Adv-Grey-Two.png?fit=fill&bg=FFFFFF&w=300&h=214&auto=format,compress&trim=color&q=90&dpr=2&updated_at=1538080256",https://stockx.com/adidas-crazy-1-adv-grey-two
Basketball,Men,"https://stockx.imgix.net/adidas-Crazy-Explosive-2017-Dark-Green.jpg?fit=fill&bg=FFFFFF&w=300&h=214&auto=format,compress&trim=color&q=90&dpr=2&updated_at=1574021197",https://stockx.com/adidas-crazy-explosive-2017-dark-green
Basketball,Men,"https://stockx.imgix.net/adidas-Dame-3-Navy.jpg?fit=fill&bg=FFFFFF&w=300&h=214&auto=format,compress&trim=color&q=90&dpr=2&updated_at=1574022529",https://stockx.com/adidas-dame-3-navy
Basketball,Men,"https://stockx.imgix.net/adidas-Harden-Vol-1-Black-Ops-Xeno.png?fit=fill&bg=FFFFFF&w=300&h=214&auto=format,compress&trim=color&q=90&dpr=2&updated_at=1553364782",https://stockx.com/adidas-harden-vol-1-black-ops-xeno
Basketball,Men,"https://stockx.imgix.net/adidas-Explosive-Bounce-Scarlet.jpg?fit=fill&bg=FFFFFF&w=300&h=214&auto=format,compress&trim=color&q=90&dpr=2&updated_at=1574022532",https://stockx.com/adidas-explosive-bounce-scarlet
Basketball,Men,"https://stockx.imgix.net/adidas-T-Mac-Millennium-Cloud-White-Gold-Metallic.png?fit=fill&bg=FFFFFF&w=300&h=214&auto=format,compress&trim=color&q=90&dpr=2&updated_at=1543464173",https://stockx.com/adidas-t-mac-millennium-cloud-white-gold-metallic
Basketball,Men,"https://stockx-assets.imgix.net/media/New-Product-Placeholder-Default.jpg?auto=compress,format",https://stockx.com/adidas-c-10-cbalck-redsld
Basketball,Men,"https://stockx.imgix.net/adidas-Return-Of-the-Mac-Core-Black.jpg?fit=fill&bg=FFFFFF&w=300&h=214&auto=format,compress&trim=color&q=90&dpr=2&updated_at=1574022533",https://stockx.com/adidas-return-of-the-mac-core-black
Basketball,Men,"https://stockx-assets.imgix.net/media/New-Product-Placeholder-Default.jpg?auto=compress,format",https://stockx.com/adidas-as-smu-crzy-shadow-2-vicred-runwht
Basketball,Men,"https://stockx.imgix.net/adidas-Crazy-Explosive-2017-Maroon.jpg?fit=fill&bg=FFFFFF&w=300&h=214&auto=format,compress&trim=color&q=90&dpr=2&updated_at=1574021198",https://stockx.com/adidas-crazy-explosive-2017-maroon
Basketball,Men,"https://stockx.imgix.net/Adidas-Crazy-8-Adv-Platinum.png?fit=fill&bg=FFFFFF&w=300&h=214&auto=format,compress&trim=color&q=90&dpr=2&updated_at=1538080256",https://stockx.com/adidas-crazy-8-adv-platinum
Basketball,Men,"https://stockx.imgix.net/Adidas-TS-Lightspeed-N-Kansas-Jayhawks.jpg?fit=fill&bg=FFFFFF&w=300&h=214&auto=format,compress&trim=color&q=90&dpr=2&updated_at=1538080256",https://stockx.com/adidas-ts-lightspeed-n-kansas-jayhawks
Basketball,Men,"https://stockx-assets.imgix.net/media/New-Product-Placeholder-Default.jpg?auto=compress,format",https://stockx.com/adidas-mutombo-tr-block-c-white-black-red
Basketball,Men,"https://stockx.imgix.net/adidas-Crazy-Team-2017-White.jpg?fit=fill&bg=FFFFFF&w=300&h=214&auto=format,compress&trim=color&q=90&dpr=2&updated_at=1574022515",https://stockx.com/adidas-crazy-team-2017-white
Basketball,Men,"https://stockx.imgix.net/Adidas-TS-Lightswitch-Gil-EA-Sports-NBA-Live-08.png?fit=fill&bg=FFFFFF&w=300&h=214&auto=format,compress&trim=color&q=90&dpr=2&updated_at=1538080256",https://stockx.com/adidas-ts-lightswitch-gil-ea-sports-nba-live-08
Basketball,Men,"https://stockx.imgix.net/adidas-Dame-4-Tribal.png?fit=fill&bg=FFFFFF&w=300&h=214&auto=format,compress&trim=color&q=90&dpr=2&updated_at=1538080256",https://stockx.com/adidas-dame-4-tribal
Basketball,Men,"https://stockx.imgix.net/adidas-Crazy-2-Mint-Green-Grey-White.jpg?fit=fill&bg=FFFFFF&w=300&h=214&auto=format,compress&trim=color&q=90&dpr=2&updated_at=1538080256",https://stockx.com/adidas-crazy-2-mint-green-grey-white
Basketball,Men,"https://stockx.imgix.net/adidas-AS-SMU-Adipure-Mono-Black-Gold.jpg?fit=fill&bg=FFFFFF&w=300&h=214&auto=format,compress&trim=color&q=90&dpr=2&updated_at=1538080256",https://stockx.com/adidas-as-smu-adipure-mono-black-gold
Basketball,Men,"https://stockx.imgix.net/adidas-Crazy-Shadow-2-Collegiate-Royal.jpg?fit=fill&bg=FFFFFF&w=300&h=214&auto=format,compress&trim=color&q=90&dpr=2&updated_at=1574022513",https://stockx.com/adidas-crazy-shadow-2-collegiate-royal
Basketball,Men,"https://stockx-assets.imgix.net/media/New-Product-Placeholder-Default.jpg?auto=compress,format",https://stockx.com/adidas-team-bounce-basketball-run-white-silver
Basketball,Men,"https://stockx.imgix.net/adidas-SM-Mad-Bounce-NBA-NCAA-WH-White.jpg?fit=fill&bg=FFFFFF&w=300&h=214&auto=format,compress&trim=color&q=90&dpr=2&updated_at=1574022536",https://stockx.com/adidas-sm-mad-bounce-nba-ncaahhite
Basketball,Men,"https://stockx-assets.imgix.net/media/New-Product-Placeholder-Default.jpg?auto=compress,format",https://stockx.com/adidas-harden-b-e-3-fiba-2019
Basketball,Men,"https://stockx-assets.imgix.net/media/New-Product-Placeholder-Default.jpg?auto=compress,format",https://stockx.com/adidas-pro-vision-captain-marvel-ace
Basketball,Men,"https://stockx-assets.imgix.net/media/New-Product-Placeholder-Default.jpg?auto=compress,format",https://stockx.com/adidas-marquee-boost-fiba-2019
Basketball,Men,"https://stockx-assets.imgix.net/media/New-Product-Placeholder-Default.jpg?auto=compress,format",https://stockx.com/adidas-low-sports-basketball-sneakers-white-metallic-silver
Basketball,Men,"https://stockx.imgix.net/adidas-D-Rose-773-2I-Crown-Royal.jpg?fit=fill&bg=FFFFFF&w=300&h=214&auto=format,compress&trim=color&q=90&dpr=2&updated_at=1574022522",https://stockx.com/adidas-d-rose-773-2i-crown-royal
Basketball,Men,"https://stockx.imgix.net/adidas-Mutombo-TR-Block-Red.jpg?fit=fill&bg=FFFFFF&w=300&h=214&auto=format,compress&trim=color&q=90&dpr=2&updated_at=1561744899",https://stockx.com/adidas-mutombo-tr-block-red
Basketball,Men,"https://stockx.imgix.net/adidas-Transcend-Core-Black.jpg?fit=fill&bg=FFFFFF&w=300&h=214&auto=format,compress&trim=color&q=90&dpr=2&updated_at=1574022537",https://stockx.com/adidas-transcend-core-black
Basketball,Men,"https://stockx.imgix.net/adidas-D-Rose-773-2-Collegiate-Navy.jpg?fit=fill&bg=FFFFFF&w=300&h=214&auto=format,compress&trim=color&q=90&dpr=2&updated_at=1574022517",https://stockx.com/adidas-d-rose-773-2-collegiate-navy
Basketball,Men,"https://stockx-assets.imgix.net/media/New-Product-Placeholder-Default.jpg?auto=compress,format",https://stockx.com/adidas-harden-vol-2-trolli-mvp
Basketball,Men,"https://stockx.imgix.net/adidas-Pro-Next-2019-Light-Onix.png?fit=fill&bg=FFFFFF&w=300&h=214&auto=format,compress&trim=color&q=90&dpr=2&updated_at=1581706751",https://stockx.com/adidas-pro-next-2019-light-onix
Basketball,Men,"https://stockx.imgix.net/adidas-Crazy-8-Adv-Core-Black-Off-White.png?fit=fill&bg=FFFFFF&w=300&h=214&auto=format,compress&trim=color&q=90&dpr=2&updated_at=1538080256",https://stockx.com/adidas-crazy-8-adv-core-black-off-white
Basketball,Men,"https://stockx.imgix.net/adidas-Pro-Next-2019-Glory-Blue.png?fit=fill&bg=FFFFFF&w=300&h=214&auto=format,compress&trim=color&q=90&dpr=2&updated_at=1581706745",https://stockx.com/adidas-pro-next-2019-glory-blue
Basketball,Men,"https://stockx.imgix.net/adidas-Crazy-2-Green.jpg?fit=fill&bg=FFFFFF&w=300&h=214&auto=format,compress&trim=color&q=90&dpr=2&updated_at=1539703018",https://stockx.com/adidas-crazy-2-green
Basketball,Men,"https://stockx.imgix.net/Adidas-Mad-Clima-Kansas-Jayhawks.jpg?fit=fill&bg=FFFFFF&w=300&h=214&auto=format,compress&trim=color&q=90&dpr=2&updated_at=1538080256",https://stockx.com/adidas-mad-clima-kansas-jayhawks
Basketball,Men,"https://stockx.imgix.net/Adidas-Harden-Vol-1-Pensole.png?fit=fill&bg=FFFFFF&w=300&h=214&auto=format,compress&trim=color&q=90&dpr=2&updated_at=1538080256",https://stockx.com/adidas-harden-vol-1-pensole
Basketball,Men,"https://stockx.imgix.net/adidas-Pro-Bounce-Low-2018-Jaylen-Brown.png?fit=fill&bg=FFFFFF&w=300&h=214&auto=format,compress&trim=color&q=90&dpr=2&updated_at=1540948661",https://stockx.com/adidas-pro-bounce-low-2018-jaylen-brown
Basketball,Men,"https://stockx.imgix.net/adidas-Pro-Bounce-2019-Low-Collegiate-Navy.png?fit=fill&bg=FFFFFF&w=300&h=214&auto=format,compress&trim=color&q=90&dpr=2&updated_at=1581707130",https://stockx.com/adidas-pro-bounce-2019-low-collegiate-navy
Basketball,Men,"https://stockx.imgix.net/adidas-D-Rose-773-2-Running-White.jpg?fit=fill&bg=FFFFFF&w=300&h=214&auto=format,compress&trim=color&q=90&dpr=2&updated_at=1574022519",https://stockx.com/adidas-d-rose-773-2-runninghite
Basketball,Men,"https://stockx-assets.imgix.net/media/New-Product-Placeholder-Default.jpg?auto=compress,format",https://stockx.com/adidas-pro-bounce-low-2019-fiba-2019
Basketball,Men,"https://stockx.imgix.net/adidas-Hoops-20-Core-Black.jpg?fit=fill&bg=FFFFFF&w=300&h=214&auto=format,compress&trim=color&q=90&dpr=2&updated_at=1588008560",https://stockx.com/adidas-hoops-20-core-black
Basketball,Men,"https://stockx.imgix.net/adidas-Pro-Next-2019-Core-Black.png?fit=fill&bg=FFFFFF&w=300&h=214&auto=format,compress&trim=color&q=90&dpr=2&updated_at=1581706741",https://stockx.com/adidas-pro-next-2019-core-black
Basketball,Men,"https://stockx.imgix.net/adidas-D-Rose-773-2-Technical-Grey.jpg?fit=fill&bg=FFFFFF&w=300&h=214&auto=format,compress&trim=color&q=90&dpr=2&updated_at=1574022520",https://stockx.com/adidas-d-rose-773-2-technical-grey
Basketball,Men,"https://stockx.imgix.net/adidas-SM-Mad-Bounce-NBA-NCAA-BC-Core-Navy.jpg?fit=fill&bg=FFFFFF&w=300&h=214&auto=format,compress&trim=color&q=90&dpr=2&updated_at=1574022535",https://stockx.com/adidas-sm-mad-bounce-nba-ncaa-bc-core-navy
Basketball,Men,"https://stockx.imgix.net/adidas-D-Rose-773-2I-Light-Onix.jpg?fit=fill&bg=FFFFFF&w=300&h=214&auto=format,compress&trim=color&q=90&dpr=2&updated_at=1574022524",https://stockx.com/adidas-d-rose-773-2i-light-onix
Basketball,Men,"https://stockx.imgix.net/adidas-Explosive-Bounce-Grey-Four.jpg?fit=fill&bg=FFFFFF&w=300&h=214&auto=format,compress&trim=color&q=90&dpr=2&updated_at=1574022531",https://stockx.com/adidas-explosive-bounce-grey-four
