Soccer,Men,"https://stockx.imgix.net/adidas-Predator-Tango-18-Black-Red.png?fit=fill&bg=FFFFFF&w=300&h=214&auto=format,compress&trim=color&q=90&dpr=2&updated_at=1538080256",https://stockx.com/adidas-predator-tango-18-black-red
Soccer,Men,"https://stockx.imgix.net/adidas-Cleat-Bape-Camo-v2.png?fit=fill&bg=FFFFFF&w=300&h=214&auto=format,compress&trim=color&q=90&dpr=2&updated_at=1568211094",https://stockx.com/adidas-cleat-bape-camo
Soccer,Men,"https://stockx.imgix.net/adidas-Predator-Accelerator-FG-25-Year-Pack-Zidane-Product.jpg?fit=fill&bg=FFFFFF&w=300&h=214&auto=format,compress&trim=color&q=90&dpr=2&updated_at=1555964329",https://stockx.com/adidas-predator-accelerator-fg-25-year-pack-zidane
Soccer,Men,"https://stockx.imgix.net/adidas-Cleat-Bape-Black-Product.jpg?fit=fill&bg=FFFFFF&w=300&h=214&auto=format,compress&trim=color&q=90&dpr=2&updated_at=1557949181",https://stockx.com/adidas-cleat-bape-black
Soccer,Men,"https://stockx.imgix.net/adidas-Predator-Precision-FG-25-Year-Pack-David-Beckham.png?fit=fill&bg=FFFFFF&w=300&h=214&auto=format,compress&trim=color&q=90&dpr=2&updated_at=1551932753",https://stockx.com/adidas-predator-precision-fg-25-year-pack-david-beckham
Soccer,Men,"https://stockx.imgix.net/Adidas-Copa-Mundial-Turf-Trainer-Kith-Cobras.png?fit=fill&bg=FFFFFF&w=300&h=214&auto=format,compress&trim=color&q=90&dpr=2&updated_at=1538080256",https://stockx.com/adidas-copa-mundial-turf-trainer-kith-cobras
Soccer,Men,"https://stockx.imgix.net/adidas-Predator-Accelerator-Trainers-Solar-Yellow.png?fit=fill&bg=FFFFFF&w=300&h=214&auto=format,compress&trim=color&q=90&dpr=2&updated_at=1538080256",https://stockx.com/adidas-predator-accelerator-trainers-solar-yellow
Soccer,Men,"https://stockx.imgix.net/adidas-Predator-Tango-18-1-Core-Black.png?fit=fill&bg=FFFFFF&w=300&h=214&auto=format,compress&trim=color&q=90&dpr=2&updated_at=1538080256",https://stockx.com/adidas-predator-tango-18-1-core-black
Soccer,Men,"https://stockx.imgix.net/adidas-Copa-Mid-Firm-Ground-GTX-Cleat-Core-Black-Legend-Ink.png?fit=fill&bg=FFFFFF&w=300&h=214&auto=format,compress&trim=color&q=90&dpr=2&updated_at=1542089435",https://stockx.com/adidas-copa-mid-firm-ground-gtx-cleat-core-black-legend-ink
Soccer,Men,"https://stockx.imgix.net/Adidas-Predator-Precision-Turf-Blue-White-Red.png?fit=fill&bg=FFFFFF&w=300&h=214&auto=format,compress&trim=color&q=90&dpr=2&updated_at=1538080256",https://stockx.com/adidas-predator-precision-turf-blue-white-red
Soccer,Men,"https://stockx.imgix.net/adidas-Predator-Precision-TR-25-Year-Pack-David-Beckham.png?fit=fill&bg=FFFFFF&w=300&h=214&auto=format,compress&trim=color&q=90&dpr=2&updated_at=1551932755",https://stockx.com/adidas-predator-precision-tr-25-year-pack-david-beckham
Soccer,Men,"https://stockx.imgix.net/adidas-Predator-Accelerator-Black-White-Red-Product.jpg?fit=fill&bg=FFFFFF&w=300&h=214&auto=format,compress&trim=color&q=90&dpr=2&updated_at=1579298154",https://stockx.com/adidas-predator-accelerator-black-white-red
Soccer,Men,"https://stockx.imgix.net/adidas-X-19-Firm-Ground-Cleat-Silver-Metallic-Hi-Res-Red.png?fit=fill&bg=FFFFFF&w=300&h=214&auto=format,compress&trim=color&q=90&dpr=2&updated_at=1559190415",https://stockx.com/adidas-x-19-firm-ground-cleat-silver-metallic-hi-res-red
Soccer,Men,"https://stockx.imgix.net/adidas-Predator-Tango-18-Clear-Orange.png?fit=fill&bg=FFFFFF&w=300&h=214&auto=format,compress&trim=color&q=90&dpr=2&updated_at=1552459959",https://stockx.com/adidas-predator-tango-18-clear-orange
Soccer,Men,"https://stockx.imgix.net/Adidas-Accelerator-Cleat-David-Beckham-White.png?fit=fill&bg=FFFFFF&w=300&h=214&auto=format,compress&trim=color&q=90&dpr=2&updated_at=1538080256",https://stockx.com/adidas-accelerator-cleat-david-beckham-white
Soccer,Men,"https://stockx.imgix.net/Adidas-Predator-Tango-18-Black-Gold.png?fit=fill&bg=FFFFFF&w=300&h=214&auto=format,compress&trim=color&q=90&dpr=2&updated_at=1538080256",https://stockx.com/adidas-predator-tango-18-black-gold
Soccer,Men,"https://stockx.imgix.net/Adidas-Paul-Pogba-Ace-Tango-17pt1-Core-Black-Matte-Gold.jpg?fit=fill&bg=FFFFFF&w=300&h=214&auto=format,compress&trim=color&q=90&dpr=2&updated_at=1538080256",https://stockx.com/adidas-paul-pogba-ace-tango-17pt1-core-black-matte-gold
Soccer,Men,"https://stockx.imgix.net/adidas-Nemeziz-19-Firm-Ground-Cleat-Active-Red.png?fit=fill&bg=FFFFFF&w=300&h=214&auto=format,compress&trim=color&q=90&dpr=2&updated_at=1559190413",https://stockx.com/adidas-nemeziz-19-firm-ground-cleat-active-red
Soccer,Men,"https://stockx.imgix.net/adidas-Predator-Accelerator-Firm-Ground-Cleat-Black-White-Red-Product.jpg?fit=fill&bg=FFFFFF&w=300&h=214&auto=format,compress&trim=color&q=90&dpr=2&updated_at=1538080256",https://stockx.com/adidas-predator-accelerator-firm-ground-cleat-black-white-red
Soccer,Men,"https://stockx.imgix.net/adidas-Copa-Mid-Gosha-Rubchinskiy-White-Black.png?fit=fill&bg=FFFFFF&w=300&h=214&auto=format,compress&trim=color&q=90&dpr=2&updated_at=1538080256",https://stockx.com/adidas-copa-mid-gosha-rubchinskiy-white-black
Soccer,Men,"https://stockx.imgix.net/Adidas-Predator-Tango-18-White-Black-Coral.png?fit=fill&bg=FFFFFF&w=300&h=214&auto=format,compress&trim=color&q=90&dpr=2&updated_at=1538080256",https://stockx.com/adidas-predator-tango-18-white-black-coral
Soccer,Men,"https://stockx.imgix.net/adidas-Nemeziz-Tango-18-1-Core-Black-Product.jpg?fit=fill&bg=FFFFFF&w=300&h=214&auto=format,compress&trim=color&q=90&dpr=2&updated_at=1549049741",https://stockx.com/adidas-nemeziz-tango-18-1-core-black
Soccer,Men,"https://stockx.imgix.net/adidas-Predator-Accelerator-FG-Solar-Yellow.png?fit=fill&bg=FFFFFF&w=300&h=214&auto=format,compress&trim=color&q=90&dpr=2&updated_at=1538080256",https://stockx.com/adidas-predator-accelerator-fg-solar-yellow
Soccer,Men,"https://stockx.imgix.net/adidas-Copa-Mid-Gosha-Rubchinskiy-Solar-Yellow.png?fit=fill&bg=FFFFFF&w=300&h=214&auto=format,compress&trim=color&q=90&dpr=2&updated_at=1538080256",https://stockx.com/adidas-copa-mid-gosha-rubchinskiy-solar-yellow
Soccer,Men,"https://stockx.imgix.net/adidas-Predator-Precision-FG-Blue-Grey-Collegiate-Red.png?fit=fill&bg=FFFFFF&w=300&h=214&auto=format,compress&trim=color&q=90&dpr=2&updated_at=1538080256",https://stockx.com/adidas-predator-precision-fg-blue-grey-collegiate-red
Soccer,Men,"https://stockx.imgix.net/Adidas-Accelerator-Turf-David-Beckham-Red.png?fit=fill&bg=FFFFFF&w=300&h=214&auto=format,compress&trim=color&q=90&dpr=2&updated_at=1538080256",https://stockx.com/adidas-accelerator-turf-david-beckham-red
Soccer,Men,"https://stockx.imgix.net/Adidas-Paul-Pogba-PureControl-Firm-Ground-Cleats-Core-Black-Matte-Gold.png?fit=fill&bg=FFFFFF&w=300&h=214&auto=format,compress&trim=color&q=90&dpr=2&updated_at=1538080256",https://stockx.com/adidas-paul-pogba-purecontrol-firm-ground-cleats-core-black-matte-gold
Soccer,Men,"https://stockx.imgix.net/Adidas-Copa-Mundial-17-Cleat-Kith-Cobras.png?fit=fill&bg=FFFFFF&w=300&h=214&auto=format,compress&trim=color&q=90&dpr=2&updated_at=1538080256",https://stockx.com/adidas-copa-mundial-17-cleat-kith-cobras
Soccer,Men,"https://stockx.imgix.net/adidas-Nemeziz-Messi-19-1-Firm-Ground-Cleat-White-Solar-Red-Football-Blue.png?fit=fill&bg=FFFFFF&w=300&h=214&auto=format,compress&trim=color&q=90&dpr=2&updated_at=1559190412",https://stockx.com/adidas-nemeziz-messi-19-1-firm-ground-cleat-white-solar-red-football-blue
Soccer,Men,"https://stockx.imgix.net/Adidas-Paul-Pogba-Ace-Tango-17pt1-Purecontrol-TF-Core-Black-Matte-Gold.png?fit=fill&bg=FFFFFF&w=300&h=214&auto=format,compress&trim=color&q=90&dpr=2&updated_at=1538080256",https://stockx.com/adidas-paul-pogba-ace-tango-17pt1-purecontrol-tf-core-black-matte-gold
Soccer,Men,"https://stockx.imgix.net/adidas-Indoor-Comp-Spezial-Cloud-White.png?fit=fill&bg=FFFFFF&w=300&h=214&auto=format,compress&trim=color&q=90&dpr=2&updated_at=1538080256",https://stockx.com/adidas-indoor-comp-spezial-cloud-white
Soccer,Men,"https://stockx.imgix.net/adidas-Copa-19-1-Firm-Ground-Cleat-Off-White-Solar-Red.png?fit=fill&bg=FFFFFF&w=300&h=214&auto=format,compress&trim=color&q=90&dpr=2&updated_at=1550175943",https://stockx.com/adidas-copa-19-1-firm-ground-cleat-off-white-solar-red
Soccer,Men,"https://stockx.imgix.net/Adidas-Nemeziz-Tango-17pt1-Kith-Rays.png?fit=fill&bg=FFFFFF&w=300&h=214&auto=format,compress&trim=color&q=90&dpr=2&updated_at=1538080256",https://stockx.com/adidas-nemeziz-tango-17pt1-kith-rays
Soccer,Men,"https://stockx.imgix.net/adidas-Copa-19-Firm-Ground-Cleat-Off-White-Solar-Red.png?fit=fill&bg=FFFFFF&w=300&h=214&auto=format,compress&trim=color&q=90&dpr=2&updated_at=1542089437",https://stockx.com/adidas-copa-19-firm-ground-cleat-off-white-solar-red
Soccer,Men,"https://stockx.imgix.net/adidas-Copa-18-TR-Collegiate-Navy-Product.jpg?fit=fill&bg=FFFFFF&w=300&h=214&auto=format,compress&trim=color&q=90&dpr=2&updated_at=1561401515",https://stockx.com/adidas-copa-18-tr-collegiate-navy
Soccer,Men,"https://stockx.imgix.net/Adidas-Copa-Super-Gosha-Rubchinskiy-Navy.png?fit=fill&bg=FFFFFF&w=300&h=214&auto=format,compress&trim=color&q=90&dpr=2&updated_at=1551905559",https://stockx.com/adidas-copa-super-gosha-rubchinskiy-navy
Soccer,Men,"https://stockx.imgix.net/Adidas-ACE-17-Paul-Pogba-Brown-Camo.png?fit=fill&bg=FFFFFF&w=300&h=214&auto=format,compress&trim=color&q=90&dpr=2&updated_at=1538080256",https://stockx.com/adidas-ace-17-paul-pogba-brown-camo
Soccer,Men,"https://stockx.imgix.net/Adidas-Nemeziz-Tango-17pt1-Kith-Flamingos.png?fit=fill&bg=FFFFFF&w=300&h=214&auto=format,compress&trim=color&q=90&dpr=2&updated_at=1538080256",https://stockx.com/adidas-nemeziz-tango-17pt1-kith-flamingos
Soccer,Men,"https://stockx.imgix.net/Adidas-Ace-17pt1-Primeknit-SG-Boot-Black-Blue.png?fit=fill&bg=FFFFFF&w=300&h=214&auto=format,compress&trim=color&q=90&dpr=2&updated_at=1538080256",https://stockx.com/adidas-ace-17pt1-primeknit-sg-boot-black-blue
Soccer,Men,"https://stockx-assets.imgix.net/media/New-Product-Placeholder-Default.jpg?auto=compress,format",https://stockx.com/adidas-copa-super-gosha-rubchinskiy-burgundy
Soccer,Men,"https://stockx.imgix.net/adidas-Mundial-Team-Modern-Craft-Cleat-Core-Black.png?fit=fill&bg=FFFFFF&w=300&h=214&auto=format,compress&trim=color&q=90&dpr=2&updated_at=1548989343",https://stockx.com/adidas-mundial-team-modern-craft-cleat-core-black
Soccer,Men,"https://stockx.imgix.net/Adidas-Messi-10-10-Boot-2016.png?fit=fill&bg=FFFFFF&w=300&h=214&auto=format,compress&trim=color&q=90&dpr=2&updated_at=1538080256",https://stockx.com/adidas-messi-10-10-boot-2016
Soccer,Men,"https://stockx.imgix.net/adidas-Predator-19-Firm-Ground-Paul-Pogba.png?fit=fill&bg=FFFFFF&w=300&h=214&auto=format,compress&trim=color&q=90&dpr=2&updated_at=1555382692",https://stockx.com/adidas-predator-19-firm-ground-paul-pogba
Soccer,Men,"https://stockx.imgix.net/adidas-Predator-Tango-18-1-Solar-Yellow.png?fit=fill&bg=FFFFFF&w=300&h=214&auto=format,compress&trim=color&q=90&dpr=2&updated_at=1546067188",https://stockx.com/adidas-predator-tango-18-1-solar-yellow
Soccer,Men,"https://stockx.imgix.net/adidas-Indoor-Super-Noble-Indigo.png?fit=fill&bg=FFFFFF&w=300&h=214&auto=format,compress&trim=color&q=90&dpr=2&updated_at=1538080256",https://stockx.com/adidas-indoor-super-noble-indigo
Soccer,Men,"https://stockx.imgix.net/Adidas-Nemeziz-Tango-17pt1-Magnetic-Storm.png?fit=fill&bg=FFFFFF&w=300&h=214&auto=format,compress&trim=color&q=90&dpr=2&updated_at=1538080256",https://stockx.com/adidas-nemeziz-tango-17pt1-magnetic-storm
Soccer,Men,"https://stockx.imgix.net/Adidas-Copa-Trainer-Gosha-Rubchinskiy-Black.png?fit=fill&bg=FFFFFF&w=300&h=214&auto=format,compress&trim=color&q=90&dpr=2&updated_at=1538080256",https://stockx.com/adidas-copa-trainer-gosha-rubchinskiy-black
Soccer,Men,"https://stockx.imgix.net/Adidas-ACE-17pt1-Paul-Pogba-Brown-Camo.png?fit=fill&bg=FFFFFF&w=300&h=214&auto=format,compress&trim=color&q=90&dpr=2&updated_at=1538080256",https://stockx.com/adidas-ace-17pt1-paul-pogba-brown-camo
Soccer,Men,"https://stockx.imgix.net/adidas-Predator-Accelerator-TR-25-Year-Pack-Zidane.png?fit=fill&bg=FFFFFF&w=300&h=214&auto=format,compress&trim=color&q=90&dpr=2&updated_at=1551932754",https://stockx.com/adidas-predator-accelerator-tr-25-year-pack-zidane
Soccer,Men,"https://stockx.imgix.net/adidas-Predator-Tango-18-Hi-Res-Blue.png?fit=fill&bg=FFFFFF&w=300&h=214&auto=format,compress&trim=color&q=90&dpr=2&updated_at=1550721994",https://stockx.com/adidas-predator-tango-18-hi-res-blue
Soccer,Men,"https://stockx.imgix.net/adidas-Predator-19-Firm-Ground-Cleat-Silver-Black-Red.png?fit=fill&bg=FFFFFF&w=300&h=214&auto=format,compress&trim=color&q=90&dpr=2&updated_at=1559190414",https://stockx.com/adidas-predator-19-firm-ground-cleat-silver-black-red
Soccer,Men,"https://stockx.imgix.net/adidas-Predator-19-Paul-Pogba.png?fit=fill&bg=FFFFFF&w=300&h=214&auto=format,compress&trim=color&q=90&dpr=2&updated_at=1555382690",https://stockx.com/adidas-predator-19-paul-pogba
Soccer,Men,"https://stockx.imgix.net/Adidas-Predator-Tango-18-Trace-Olive.png?fit=fill&bg=FFFFFF&w=300&h=214&auto=format,compress&trim=color&q=90&dpr=2&updated_at=1538080256",https://stockx.com/adidas-predator-tango-18-trace-olive
Soccer,Men,"https://stockx.imgix.net/Adidas-Nemeziz-Tango-17pt1-Kith-Cobras.png?fit=fill&bg=FFFFFF&w=300&h=214&auto=format,compress&trim=color&q=90&dpr=2&updated_at=1538080256",https://stockx.com/adidas-nemeziz-tango-17pt1-kith-cobras
Soccer,Men,"https://stockx.imgix.net/adidas-X-19-1-Firm-Ground-Bright-Cyan.png?fit=fill&bg=FFFFFF&w=300&h=214&auto=format,compress&trim=color&q=90&dpr=2&updated_at=1564724157",https://stockx.com/adidas-x-19-1-firm-ground-bright-cyan
Soccer,Men,"https://stockx.imgix.net/adidas-Predator-Tango-18-Trace-Royal.png?fit=fill&bg=FFFFFF&w=300&h=214&auto=format,compress&trim=color&q=90&dpr=2&updated_at=1541133341",https://stockx.com/adidas-predator-tango-18-trace-royal
Soccer,Men,"https://stockx.imgix.net/adidas-Copa-19-Firm-Ground-Cleat-Core-Black-Hi-Res-Red.jpg?fit=fill&bg=FFFFFF&w=300&h=214&auto=format,compress&trim=color&q=90&dpr=2&updated_at=1567608040",https://stockx.com/adidas-copa-19-firm-ground-cleat-core-black-hi-res-red
Soccer,Men,"https://stockx.imgix.net/Adidas-X-18-TR-World-Cup-2018-Sonic-Yellow.png?fit=fill&bg=FFFFFF&w=300&h=214&auto=format,compress&trim=color&q=90&dpr=2&updated_at=1538080256",https://stockx.com/adidas-x-18-tr-world-cup-2018-sonic-yellow
Soccer,Men,"https://stockx.imgix.net/Adidas-Nemeziz-Tango-17pt1-White-Black.png?fit=fill&bg=FFFFFF&w=300&h=214&auto=format,compress&trim=color&q=90&dpr=2&updated_at=1538080256",https://stockx.com/adidas-nemeziz-tango-17pt1-white-black
Soccer,Men,"https://stockx.imgix.net/adidas-Copa-19-1-Firm-Ground-Cloud-White-Solar-Lime.png?fit=fill&bg=FFFFFF&w=300&h=214&auto=format,compress&trim=color&q=90&dpr=2&updated_at=1561785889",https://stockx.com/adidas-copa-19-1-firm-ground-cloud-white-solar-lime
Soccer,Men,"https://stockx.imgix.net/adidas-P-Absolado-LZ-TRX-FG-Green.jpg?fit=fill&bg=FFFFFF&w=300&h=214&auto=format,compress&trim=color&q=90&dpr=2&updated_at=1539703021",https://stockx.com/adidas-p-absolado-lz-trx-fg-green
Soccer,Men,"https://stockx.imgix.net/adidas-Afterburner-6-Iced-Out-Pack.png?fit=fill&bg=FFFFFF&w=300&h=214&auto=format,compress&trim=color&q=90&dpr=2&updated_at=1562614242",https://stockx.com/adidas-afterburner-6-iced-out-pack
Soccer,Men,"https://stockx.imgix.net/adidas-Indoor-Super-London-to-Manchester.jpg?fit=fill&bg=FFFFFF&w=300&h=214&auto=format,compress&trim=color&q=90&dpr=2&updated_at=1561164978",https://stockx.com/adidas-indoor-super-london-to-manchester
Soccer,Men,"https://stockx.imgix.net/adidas-Ace-17-PureControl-FG-Champagne.png?fit=fill&bg=FFFFFF&w=300&h=214&auto=format,compress&trim=color&q=90&dpr=2&updated_at=1548989343",https://stockx.com/adidas-ace-17-purecontrol-fg-champagne
Soccer,Men,"https://stockx.imgix.net/Adidas-Nemeziz-Tango-17pt1-Energy-Blue.png?fit=fill&bg=FFFFFF&w=300&h=214&auto=format,compress&trim=color&q=90&dpr=2&updated_at=1538080256",https://stockx.com/adidas-nemeziz-tango-17pt1-energy-blue
Soccer,Men,"https://stockx.imgix.net/Adidas-Copa-Super-Gosha-Rubchinskiy-Green.png?fit=fill&bg=FFFFFF&w=300&h=214&auto=format,compress&trim=color&q=90&dpr=2&updated_at=1563395797",https://stockx.com/adidas-copa-super-gosha-rubchinskiy-green
Soccer,Men,"https://stockx.imgix.net/adidas-As-Smu-Supercharge-Low-Fly-Black-Black-Black.jpg?fit=fill&bg=FFFFFF&w=300&h=214&auto=format,compress&trim=color&q=90&dpr=2&updated_at=1538080256",https://stockx.com/adidas-as-smu-supercharge-low-fly-black-black-black
Soccer,Men,"https://stockx.imgix.net/adidas-Cleat-AM4ATL-Atlanta.png?fit=fill&bg=FFFFFF&w=300&h=214&auto=format,compress&trim=color&q=90&dpr=2&updated_at=1548907577",https://stockx.com/adidas-cleat-am4atl-atlanta
Soccer,Men,"https://stockx.imgix.net/Adidas-X-18-TR-World-Cup-2018-Football-Blue.png?fit=fill&bg=FFFFFF&w=300&h=214&auto=format,compress&trim=color&q=90&dpr=2&updated_at=1538080256",https://stockx.com/adidas-x-18-tr-world-cup-2018-football-blue
Soccer,Men,"https://stockx.imgix.net/adidas-Predator-Tango-18pt1-Black-Red.jpg?fit=fill&bg=FFFFFF&w=300&h=214&auto=format,compress&trim=color&q=90&dpr=2&updated_at=1571865413",https://stockx.com/adidas-predator-tango-18pt1-black-red
Soccer,Men,"https://stockx.imgix.net/adidas-Freak-CARBON-Low-White.jpg?fit=fill&bg=FFFFFF&w=300&h=214&auto=format,compress&trim=color&q=90&dpr=2&updated_at=1574022600",https://stockx.com/adidas-freak-carbon-low-white
Soccer,Men,"https://stockx.imgix.net/adidas-Nemeziz-18-FG-Black-Red.jpg?fit=fill&bg=FFFFFF&w=300&h=214&auto=format,compress&trim=color&q=90&dpr=2&updated_at=1565038631",https://stockx.com/adidas-nemeziz-18-fg-black-red
Soccer,Men,"https://stockx.imgix.net/Adidas-Copa-Trainer-Gosha-Rubchinskiy-White.png?fit=fill&bg=FFFFFF&w=300&h=214&auto=format,compress&trim=color&q=90&dpr=2&updated_at=1538080256",https://stockx.com/adidas-copa-trainer-gosha-rubchinskiy-white
Soccer,Men,"https://stockx.imgix.net/adidas-Indoor-Super-Clear-Brown.png?fit=fill&bg=FFFFFF&w=300&h=214&auto=format,compress&trim=color&q=90&dpr=2&updated_at=1538080256",https://stockx.com/adidas-indoor-super-clear-brown
Soccer,Men,"https://stockx.imgix.net/adidas-Copa-17pt3-Fg-Black.jpg?fit=fill&bg=FFFFFF&w=300&h=214&auto=format,compress&trim=color&q=90&dpr=2&updated_at=1561744891",https://stockx.com/adidas-copa-17pt3-fg-black
Soccer,Men,"https://stockx.imgix.net/adidas-P-Absolion-FG-Power-White.jpg?fit=fill&bg=FFFFFF&w=300&h=214&auto=format,compress&trim=color&q=90&dpr=2&updated_at=1561744900",https://stockx.com/adidas-p-absolion-fg-power-white
Soccer,Men,"https://stockx.imgix.net/adidas-Copa-Tango-18-1-TR-Core-Black.png?fit=fill&bg=FFFFFF&w=300&h=214&auto=format,compress&trim=color&q=90&dpr=2&updated_at=1538080256",https://stockx.com/adidas-copa-tango-18-1-tr-core-black
Soccer,Men,"https://stockx.imgix.net/adidas-X-Tango-18-1-Core-Black.png?fit=fill&bg=FFFFFF&w=300&h=214&auto=format,compress&trim=color&q=90&dpr=2&updated_at=1538080256",https://stockx.com/adidas-x-tango-18-1-core-black
Soccer,Men,"https://stockx.imgix.net/Adidas-Copa-Trainer-Gosha-Rubchinskiy-Grey.png?fit=fill&bg=FFFFFF&w=300&h=214&auto=format,compress&trim=color&q=90&dpr=2&updated_at=1538080256",https://stockx.com/adidas-copa-trainer-gosha-rubchinskiy-grey
Soccer,Men,"https://stockx.imgix.net/adidas-Copa-Mid-Turf-GTX-Core-Black-Legend-Ink.png?fit=fill&bg=FFFFFF&w=300&h=214&auto=format,compress&trim=color&q=90&dpr=2&updated_at=1542089436",https://stockx.com/adidas-copa-mid-turf-gtx-core-black-legend-ink
Soccer,Men,"https://stockx.imgix.net/adidas-Copa-Super-Black-White-Red.png?fit=fill&bg=FFFFFF&w=300&h=214&auto=format,compress&trim=color&q=90&dpr=2&updated_at=1538080256",https://stockx.com/adidas-copa-super-black-white-red
Soccer,Men,"https://stockx.imgix.net/adidas-Copa-Mid-Trainer-GTX-Core-Black-Legend-Ink.png?fit=fill&bg=FFFFFF&w=300&h=214&auto=format,compress&trim=color&q=90&dpr=2&updated_at=1542089435",https://stockx.com/adidas-copa-mid-trainer-gtx-core-black-legend-ink
Soccer,Men,"https://stockx-assets.imgix.net/media/New-Product-Placeholder-Default.jpg?auto=compress,format",https://stockx.com/adidas-indoor-gazelle-size
Soccer,Men,"https://stockx.imgix.net/adidas-Copa-Tango-17-1-Crowning-Glory.png?fit=fill&bg=FFFFFF&w=300&h=214&auto=format,compress&trim=color&q=90&dpr=2&updated_at=1548989349",https://stockx.com/adidas-copa-tango-17-1-crowning-glory
