Iniki,Men,"https://stockx.imgix.net/adidas-I-5923-Black-White-Gum-Product.jpg?fit=fill&bg=FFFFFF&w=300&h=214&auto=format,compress&trim=color&q=90&dpr=2&updated_at=1569617843",https://stockx.com/adidas-i-5923-black-white-gum
Iniki,Men,"https://stockx.imgix.net/Adidas-Iniki-Runner-Black-White-Gum.png?fit=fill&bg=FFFFFF&w=300&h=214&auto=format,compress&trim=color&q=90&dpr=2&updated_at=1538080256",https://stockx.com/adidas-iniki-runner-black-white-gum
Iniki,Men,"https://stockx.imgix.net/Adidas-I-5923-Red-Gold.png?fit=fill&bg=FFFFFF&w=300&h=214&auto=format,compress&trim=color&q=90&dpr=2&updated_at=1538080256",https://stockx.com/adidas-i-5923-red-gold
Iniki,Men,"https://stockx.imgix.net/adidas-I-5923-Chalk-Pearl-Core-Black-Product.jpg?fit=fill&bg=FFFFFF&w=300&h=214&auto=format,compress&trim=color&q=90&dpr=2&updated_at=1555709657",https://stockx.com/adidas-i-5923-chalk-pearl-core-black
Iniki,Men,"https://stockx.imgix.net/adidas-I-5923-Ash-Green-Raw-Amber.png?fit=fill&bg=FFFFFF&w=300&h=214&auto=format,compress&trim=color&q=90&dpr=2&updated_at=1539407106",https://stockx.com/adidas-i-5923-ash-green-raw-amber
Iniki,Men,"https://stockx.imgix.net/Adidas-Iniki-Runner-Collegiate-Navy-Product.jpg?fit=fill&bg=FFFFFF&w=300&h=214&auto=format,compress&trim=color&q=90&dpr=2&updated_at=1570212056",https://stockx.com/adidas-iniki-runner-collegiate-navy
Iniki,Men,"https://stockx.imgix.net/adidas-I-5923-White-Gum-Product.jpg?fit=fill&bg=FFFFFF&w=300&h=214&auto=format,compress&trim=color&q=90&dpr=2&updated_at=1570825053",https://stockx.com/adidas-i-5923-white-gum
Iniki,Men,"https://stockx.imgix.net/adidas-I-5923-White-Black-Product.jpg?fit=fill&bg=FFFFFF&w=300&h=214&auto=format,compress&trim=color&q=90&dpr=2&updated_at=1543951914",https://stockx.com/adidas-i-5923-white-black
Iniki,Men,"https://stockx.imgix.net/Adidas-Iniki-Runner-Grey-Four-Core-Black.jpeg?fit=fill&bg=FFFFFF&w=300&h=214&auto=format,compress&trim=color&q=90&dpr=2&updated_at=1598649249",https://stockx.com/adidas-iniki-runner-grey-four-core-black
Iniki,Men,"https://stockx.imgix.net/adidas-I-5923-Grey-Four-Gum-Product.jpg?fit=fill&bg=FFFFFF&w=300&h=214&auto=format,compress&trim=color&q=90&dpr=2&updated_at=1575076215",https://stockx.com/adidas-i-5923-grey-four-gum
Iniki,Men,"https://stockx.imgix.net/adidas-I-5923-Neighborhood-Olive-Product.jpg?fit=fill&bg=FFFFFF&w=300&h=214&auto=format,compress&trim=color&q=90&dpr=2&updated_at=1556653833",https://stockx.com/adidas-i-5923-neighborhood-olive
Iniki,Men,"https://stockx.imgix.net/adidas-I-5923-Maroon.png?fit=fill&bg=FFFFFF&w=300&h=214&auto=format,compress&trim=color&q=90&dpr=2&updated_at=1538080256",https://stockx.com/adidas-i-5923-maroon
Iniki,Men,"https://stockx.imgix.net/Adidas-I-5923-Vista-Grey.jpg?fit=fill&bg=FFFFFF&w=300&h=214&auto=format,compress&trim=color&q=90&dpr=2&updated_at=1555949990",https://stockx.com/adidas-i-5923-vista-grey
Iniki,Men,"https://stockx.imgix.net/Adidas-Iniki-Runner-Green-White-Gum-Product.jpg?fit=fill&bg=FFFFFF&w=300&h=214&auto=format,compress&trim=color&q=90&dpr=2&updated_at=1570212073",https://stockx.com/adidas-iniki-runner-green-white-gum
Iniki,Men,"https://stockx.imgix.net/adidas-I-5923-White-Navy-Gum.png?fit=fill&bg=FFFFFF&w=300&h=214&auto=format,compress&trim=color&q=90&dpr=2&updated_at=1539833257",https://stockx.com/adidas-i-5923-white-navy-gum
Iniki,Men,"https://stockx.imgix.net/adidas-I-5923-Cloud-White-Bold-Green-Product.jpg?fit=fill&bg=FFFFFF&w=300&h=214&auto=format,compress&trim=color&q=90&dpr=2&updated_at=1583360568",https://stockx.com/adidas-i-5923-cloud-white-bold-green
Iniki,Men,"https://stockx.imgix.net/Adidas-I-5923-Trace-Purple-Product.jpg?fit=fill&bg=FFFFFF&w=300&h=214&auto=format,compress&trim=color&q=90&dpr=2&updated_at=1553972452",https://stockx.com/adidas-i-5923-trace-purple
Iniki,Men,"https://stockx.imgix.net/adidas-I-5923-Black-Boost-Product.jpg?fit=fill&bg=FFFFFF&w=300&h=214&auto=format,compress&trim=color&q=90&dpr=2&updated_at=1548138971",https://stockx.com/adidas-i-5923-black-boost
Iniki,Men,"https://stockx.imgix.net/Adidas-I-5923-Neighborhood-Core-Black-Product.jpg?fit=fill&bg=FFFFFF&w=300&h=214&auto=format,compress&trim=color&q=90&dpr=2&updated_at=1538080256",https://stockx.com/adidas-i-5923-neighborhood-core-black
Iniki,Men,"https://stockx.imgix.net/adidas-I-5923-Core-Black.png?fit=fill&bg=FFFFFF&w=300&h=214&auto=format,compress&trim=color&q=90&dpr=2&updated_at=1545220002",https://stockx.com/adidas-i-5923-core-black
Iniki,Men,"https://stockx.imgix.net/adidas-I-5923-Mesa-Product.jpg?fit=fill&bg=FFFFFF&w=300&h=214&auto=format,compress&trim=color&q=90&dpr=2&updated_at=1555709673",https://stockx.com/adidas-i-5923-mesa
Iniki,Men,"https://stockx.imgix.net/adidas-I-5923-Navy-Orange.png?fit=fill&bg=FFFFFF&w=300&h=214&auto=format,compress&trim=color&q=90&dpr=2&updated_at=1554401384",https://stockx.com/adidas-i-5923-navy-orange
Iniki,Men,"https://stockx.imgix.net/adidas-I-5923-Navy-Gum.jpg?fit=fill&bg=FFFFFF&w=300&h=214&auto=format,compress&trim=color&q=90&dpr=2&updated_at=1566244690",https://stockx.com/adidas-i-5923-navy-gum
Iniki,Men,"https://stockx.imgix.net/Adidas-Iniki-Runner-Pride-Of-The-70s-USA-Product.jpg?fit=fill&bg=FFFFFF&w=300&h=214&auto=format,compress&trim=color&q=90&dpr=2&updated_at=1538080256",https://stockx.com/adidas-iniki-runner-pride-of-the-70s-usa
Iniki,Men,"https://stockx.imgix.net/Adidas-Iniki-Runner-Red-White-Gum-Product.jpg?fit=fill&bg=FFFFFF&w=300&h=214&auto=format,compress&trim=color&q=90&dpr=2&updated_at=1598377218",https://stockx.com/adidas-iniki-runner-red-white-gum
Iniki,Men,"https://stockx.imgix.net/Adidas-Iniki-Runner-End-Bodega.png?fit=fill&bg=FFFFFF&w=300&h=214&auto=format,compress&trim=color&q=90&dpr=2&updated_at=1538080256",https://stockx.com/adidas-iniki-runner-end-bodega
Iniki,Men,"https://stockx.imgix.net/adidas-I-5923-Raw-Brown-Product.jpg?fit=fill&bg=FFFFFF&w=300&h=214&auto=format,compress&trim=color&q=90&dpr=2&updated_at=1577992775",https://stockx.com/adidas-i-5923-raw-brown
Iniki,Men,"https://stockx.imgix.net/adidas-I-5923-Base-Green.png?fit=fill&bg=FFFFFF&w=300&h=214&auto=format,compress&trim=color&q=90&dpr=2&updated_at=1547535707",https://stockx.com/adidas-i-5923-base-green
Iniki,Men,"https://stockx.imgix.net/adidas-I-5923-Clear-Yellow-Solar-Red.png?fit=fill&bg=FFFFFF&w=300&h=214&auto=format,compress&trim=color&q=90&dpr=2&updated_at=1538080256",https://stockx.com/adidas-i-5923-clear-yellow-solar-red
Iniki,Men,"https://stockx.imgix.net/adidas-I-5923-Hi-Res-Blue-Solar-Red.png?fit=fill&bg=FFFFFF&w=300&h=214&auto=format,compress&trim=color&q=90&dpr=2&updated_at=1538080256",https://stockx.com/adidas-i-5923-hi-res-blue-solar-red
Iniki,Men,"https://stockx.imgix.net/adidas-I-5923-Collegiate-Navy-Collegiate-Red-Product.jpg?fit=fill&bg=FFFFFF&w=300&h=214&auto=format,compress&trim=color&q=90&dpr=2&updated_at=1582323566",https://stockx.com/adidas-i-5923-collegiate-navy-collegiate-red
Iniki,Men,"https://stockx.imgix.net/adidas-I-5923-Pride-Pack-2018-Product.jpg?fit=fill&bg=FFFFFF&w=300&h=214&auto=format,compress&trim=color&q=90&dpr=2&updated_at=1570721558",https://stockx.com/adidas-i-5923-pride-pack-2018
Iniki,Men,"https://stockx.imgix.net/adidas-Iniki-Runner-Pride-Of-The-70s-USA-I-5923-Version-Product.jpg?fit=fill&bg=FFFFFF&w=300&h=214&auto=format,compress&trim=color&q=90&dpr=2&updated_at=1559843261",https://stockx.com/adidas-iniki-runner-pride-of-the-70s-usa-i-5923-version
Iniki,Men,"https://stockx.imgix.net/Adidas-Iniki-Runner-Vista-Grey-Product.jpg?fit=fill&bg=FFFFFF&w=300&h=214&auto=format,compress&trim=color&q=90&dpr=2&updated_at=1598377218",https://stockx.com/adidas-iniki-runner-vista-grey
Iniki,Men,"https://stockx.imgix.net/Adidas-Iniki-Runner-Easy-Blue-Product.jpg?fit=fill&bg=FFFFFF&w=300&h=214&auto=format,compress&trim=color&q=90&dpr=2&updated_at=1538080256",https://stockx.com/adidas-iniki-runner-easy-blue
Iniki,Men,"https://stockx.imgix.net/Adidas-Iniki-Runner-Navy-White-Gum.png?fit=fill&bg=FFFFFF&w=300&h=214&auto=format,compress&trim=color&q=90&dpr=2&updated_at=1538080256",https://stockx.com/adidas-iniki-runner-navy-white-gum
Iniki,Men,"https://stockx.imgix.net/Adidas-Iniki-Runner-White-Navy-Gum.png?fit=fill&bg=FFFFFF&w=300&h=214&auto=format,compress&trim=color&q=90&dpr=2&updated_at=1538080256",https://stockx.com/adidas-iniki-runner-white-navy-gum
Iniki,Men,"https://stockx.imgix.net/Adidas-I-5923-Sneakersnstuff-Dark-Blue.png?fit=fill&bg=FFFFFF&w=300&h=214&auto=format,compress&trim=color&q=90&dpr=2&updated_at=1538080256",https://stockx.com/adidas-i-5923-sneakersnstuff-dark-blue
Iniki,Men,"https://stockx.imgix.net/Adidas-Iniki-Runner-Pearl-Grey.png?fit=fill&bg=FFFFFF&w=300&h=214&auto=format,compress&trim=color&q=90&dpr=2&updated_at=1538080256",https://stockx.com/adidas-iniki-runner-pearl-grey
Iniki,Men,"https://stockx.imgix.net/Adidas-N-5923-Black-White-Product.jpg?fit=fill&bg=FFFFFF&w=300&h=214&auto=format,compress&trim=color&q=90&dpr=2&updated_at=1551742301",https://stockx.com/adidas-n-5923-black-white
Iniki,Men,"https://stockx.imgix.net/Adidas-I-5923-Hawaiian-Thunderstorm.png?fit=fill&bg=FFFFFF&w=300&h=214&auto=format,compress&trim=color&q=90&dpr=2&updated_at=1538080256",https://stockx.com/adidas-i-5923-hawaiian-thunderstorm
Iniki,Men,"https://stockx.imgix.net/Adidas-Iniki-Runner-Grey-Turbo-Gum-Product.jpg?fit=fill&bg=FFFFFF&w=300&h=214&auto=format,compress&trim=color&q=90&dpr=2&updated_at=1565620674",https://stockx.com/adidas-iniki-runner-grey-turbo-gum
Iniki,Men,"https://stockx.imgix.net/Adidas-Iniki-Runner-Core-Black-Product.jpg?fit=fill&bg=FFFFFF&w=300&h=214&auto=format,compress&trim=color&q=90&dpr=2&updated_at=1598377218",https://stockx.com/adidas-iniki-runner-core-black
Iniki,Men,"https://stockx.imgix.net/Adidas-I-5923-Core-Black-Grey-Three.png?fit=fill&bg=FFFFFF&w=300&h=214&auto=format,compress&trim=color&q=90&dpr=2&updated_at=1538080256",https://stockx.com/adidas-i-5923-core-black-grey-three
Iniki,Men,"https://stockx.imgix.net/adidas-I-5923-Manchester-Showers.png?fit=fill&bg=FFFFFF&w=300&h=214&auto=format,compress&trim=color&q=90&dpr=2&updated_at=1538080256",https://stockx.com/adidas-i-5923-manchester-showers
Iniki,Men,"https://stockx.imgix.net/adidas-I-5923-Branch.png?fit=fill&bg=FFFFFF&w=300&h=214&auto=format,compress&trim=color&q=90&dpr=2&updated_at=1538080256",https://stockx.com/adidas-i-5923-branch
Iniki,Men,"https://stockx.imgix.net/Adidas-Iniki-Runner-Black-White.png?fit=fill&bg=FFFFFF&w=300&h=214&auto=format,compress&trim=color&q=90&dpr=2&updated_at=1538080256",https://stockx.com/adidas-iniki-runner-black-white
Iniki,Men,"https://stockx.imgix.net/Adidas-Iniki-Runner-London-Bred.png?fit=fill&bg=FFFFFF&w=300&h=214&auto=format,compress&trim=color&q=90&dpr=2&updated_at=1538080256",https://stockx.com/adidas-iniki-runner-london-bred
Iniki,Men,"https://stockx.imgix.net/Adidas-N-5923-Navy-White.png?fit=fill&bg=FFFFFF&w=300&h=214&auto=format,compress&trim=color&q=90&dpr=2&updated_at=1538080256",https://stockx.com/adidas-n-5923-navy-white
Iniki,Men,"https://stockx.imgix.net/Adidas-N-5923-Burgundy-White.png?fit=fill&bg=FFFFFF&w=300&h=214&auto=format,compress&trim=color&q=90&dpr=2&updated_at=1538080256",https://stockx.com/adidas-n-5923-burgundy-white
Iniki,Men,"https://stockx.imgix.net/Adidas-I-5923-Red-White.jpg?fit=fill&bg=FFFFFF&w=300&h=214&auto=format,compress&trim=color&q=90&dpr=2&updated_at=1538080256",https://stockx.com/adidas-i-5923-red-white
Iniki,Men,"https://stockx.imgix.net/Adidas-Iniki-Runner-Mystery-Red.png?fit=fill&bg=FFFFFF&w=300&h=214&auto=format,compress&trim=color&q=90&dpr=2&updated_at=1538080256",https://stockx.com/adidas-iniki-runner-mystery-red
Iniki,Men,"https://stockx.imgix.net/Adidas-Iniki-Runner-Goldenrod-Product.jpg?fit=fill&bg=FFFFFF&w=300&h=214&auto=format,compress&trim=color&q=90&dpr=2&updated_at=1538080256",https://stockx.com/adidas-iniki-runner-goldenrod
Iniki,Men,"https://stockx.imgix.net/Adidas-Iniki-Runner-Red-White-Product.jpg?fit=fill&bg=FFFFFF&w=300&h=214&auto=format,compress&trim=color&q=90&dpr=2&updated_at=1598377218",https://stockx.com/adidas-iniki-runner-red-white
Iniki,Men,"https://stockx.imgix.net/Adidas-Iniki-Runner-Solar-Yellow.png?fit=fill&bg=FFFFFF&w=300&h=214&auto=format,compress&trim=color&q=90&dpr=2&updated_at=1538080256",https://stockx.com/adidas-iniki-runner-solar-yellow
Iniki,Men,"https://stockx.imgix.net/Adidas-I-5923-Core-Red.png?fit=fill&bg=FFFFFF&w=300&h=214&auto=format,compress&trim=color&q=90&dpr=2&updated_at=1538080256",https://stockx.com/adidas-i-5923-core-red
Iniki,Men,"https://stockx.imgix.net/Adidas-I-5923-Sneakersnstuff-St-Pale-Nude-1.png?fit=fill&bg=FFFFFF&w=300&h=214&auto=format,compress&trim=color&q=90&dpr=2&updated_at=1538080256",https://stockx.com/adidas-i-5923-sneakersnstuff-st-pale-nude
Iniki,Men,"https://stockx.imgix.net/adidas-I-5923-Red-Gum.jpg?fit=fill&bg=FFFFFF&w=300&h=214&auto=format,compress&trim=color&q=90&dpr=2&updated_at=1566244692",https://stockx.com/adidas-i-5923-red-gum
Iniki,Men,"https://stockx.imgix.net/Adidas-I-5923-Crystal-White.png?fit=fill&bg=FFFFFF&w=300&h=214&auto=format,compress&trim=color&q=90&dpr=2&updated_at=1538080256",https://stockx.com/adidas-i-5923-crystal-white
Iniki,Men,"https://stockx.imgix.net/Adidas-I-5923-Collegiate-Burgundy-Product.jpg?fit=fill&bg=FFFFFF&w=300&h=214&auto=format,compress&trim=color&q=90&dpr=2&updated_at=1552670232",https://stockx.com/adidas-i-5923-collegiate-burgundy
Iniki,Men,"https://stockx.imgix.net/Adidas-Iniki-Runner-White-Red-Gum.png?fit=fill&bg=FFFFFF&w=300&h=214&auto=format,compress&trim=color&q=90&dpr=2&updated_at=1538080256",https://stockx.com/adidas-iniki-runner-white-red-gum
Iniki,Men,"https://stockx.imgix.net/Adidas-Iniki-Runner-Pearl-Grey-International-Version.png?fit=fill&bg=FFFFFF&w=300&h=214&auto=format,compress&trim=color&q=90&dpr=2&updated_at=1538080256",https://stockx.com/adidas-iniki-runner-pearl-grey-international-version
Iniki,Men,"https://stockx.imgix.net/Adidas-Iniki-CLS-White-Black.png?fit=fill&bg=FFFFFF&w=300&h=214&auto=format,compress&trim=color&q=90&dpr=2&updated_at=1538080256",https://stockx.com/adidas-iniki-cls-white-black
Iniki,Men,"https://stockx.imgix.net/adidas-N-5923-Raw-Khaki-Footwear-White.png?fit=fill&bg=FFFFFF&w=300&h=214&auto=format,compress&trim=color&q=90&dpr=2&updated_at=1553832160",https://stockx.com/adidas-n-5923-raw-khaki-footwear-white
