Human Race,Men,"https://stockx.imgix.net/adidas-NMD-HU-Pharrell-Human-Made-White-Red-Product.jpg?fit=fill&bg=FFFFFF&w=300&h=214&auto=format,compress&trim=color&q=90&dpr=2&updated_at=1569962704",https://stockx.com/adidas-nmd-hu-pharrell-human-made-white-red
Human Race,Men,"https://stockx.imgix.net/adidas-NMD-Hu-Pharrell-Mother-Product.jpg?fit=fill&bg=FFFFFF&w=300&h=214&auto=format,compress&trim=color&q=90&dpr=2&updated_at=1538080256",https://stockx.com/adidas-nmd-hu-pharrell-mother
Human Race,Men,"https://stockx.imgix.net/adidas-NMD-Hu-Pharrell-Solar-Pack-Red-Product.jpg?fit=fill&bg=FFFFFF&w=300&h=214&auto=format,compress&trim=color&q=90&dpr=2&updated_at=1538080256",https://stockx.com/adidas-nmd-hu-pharrell-solar-pack-red
Human Race,Men,"https://stockx.imgix.net/adidas-Solar-Hu-Glide-Human-Made-White-Red.png?fit=fill&bg=FFFFFF&w=300&h=214&auto=format,compress&trim=color&q=90&dpr=2&updated_at=1569438775",https://stockx.com/adidas-solar-hu-glide-human-made-white-red
Human Race,Men,"https://stockx.imgix.net/adidas-NMD-Hu-Pharrell-Solar-Pack-Orange.png?fit=fill&bg=FFFFFF&w=300&h=214&auto=format,compress&trim=color&q=90&dpr=2&updated_at=1538080256",https://stockx.com/adidas-nmd-hu-pharrell-solar-pack-orange
Human Race,Men,"https://stockx.imgix.net/adidas-Pharrell-Tennis-Hu-Human-Made-White-Red.png?fit=fill&bg=FFFFFF&w=300&h=214&auto=format,compress&trim=color&q=90&dpr=2&updated_at=1569858047",https://stockx.com/adidas-pharrell-tennis-hu-human-made-white-red
Human Race,Men,"https://stockx.imgix.net/Adidas-NMD-HU-Pharrell-Williams-Yellow-Product.jpg?fit=fill&bg=FFFFFF&w=300&h=214&auto=format,compress&trim=color&q=90&dpr=2&updated_at=1598377195",https://stockx.com/adidas-nmd-pharrell-hu-human-race-yellow
Human Race,Men,"https://stockx.imgix.net/Adidas-Human-Race-NMD-Pharrell-x-Chanel-Black.png?fit=fill&bg=FFFFFF&w=300&h=214&auto=format,compress&trim=color&q=90&dpr=2&updated_at=1538080256",https://stockx.com/adidas-human-race-nmd-pharrell-x-chanel
Human Race,Men,"https://stockx.imgix.net/Adidas-NMD-HU-Pharrell-Williams-Scarlet-Product.jpg?fit=fill&bg=FFFFFF&w=300&h=214&auto=format,compress&trim=color&q=90&dpr=2&updated_at=1598377218",https://stockx.com/adidas-nmd-hu-pharrell-williams-scarlet
Human Race,Men,"https://stockx.imgix.net/Adidas-Human-Race-NMD-HU-Pharrell-You-Nerd.jpg?fit=fill&bg=FFFFFF&w=300&h=214&auto=format,compress&trim=color&q=90&dpr=2&updated_at=1581448701",https://stockx.com/adidas-human-race-nmd-hu-pharrell-you-nerd
Human Race,Men,"https://stockx.imgix.net/Adidas-Tennis-Hu-Pharrell-Multi-Color-Product.jpg?fit=fill&bg=FFFFFF&w=300&h=214&auto=format,compress&trim=color&q=90&dpr=2&updated_at=1546678915",https://stockx.com/adidas-tennis-hu-pharrell-multi-color
Human Race,Men,"https://stockx.imgix.net/adidas-NMD-Hu-Pharrell-Now-Is-Her-Time-Cream-White-Product.jpg?fit=fill&bg=FFFFFF&w=300&h=214&auto=format,compress&trim=color&q=90&dpr=2&updated_at=1569008394",https://stockx.com/adidas-nmd-hu-pharrell-now-is-her-time-cream-white
Human Race,Men,"https://stockx.imgix.net/adidas-NMD-Hu-TR-Pharrell-Infinite-Species-Product.jpg?fit=fill&bg=FFFFFF&w=300&h=214&auto=format,compress&trim=color&q=90&dpr=2&updated_at=1569007123",https://stockx.com/adidas-nmd-hu-tr-pharrell-infinite-species
Human Race,Men,"https://stockx.imgix.net/adidas-NMD-Hu-Pharrell-Inspiration-Pack-Powder-Blue-Product.jpg?fit=fill&bg=FFFFFF&w=300&h=214&auto=format,compress&trim=color&q=90&dpr=2&updated_at=1543952047",https://stockx.com/adidas-nmd-hu-pharrell-inspiration-pack-powder-blue
Human Race,Men,"https://stockx.imgix.net/adidas-Tennis-HU-Pharrell-Carbon.png?fit=fill&bg=FFFFFF&w=300&h=214&auto=format,compress&trim=color&q=90&dpr=2&updated_at=1556201364",https://stockx.com/adidas-tennis-hu-pharrell-carbon
Human Race,Men,"https://stockx.imgix.net/adidas-NMD-Hu-Pharrell-x-Billionaire-Boys-Club-Multi-Color-Product.jpg?fit=fill&bg=FFFFFF&w=300&h=214&auto=format,compress&trim=color&q=90&dpr=2&updated_at=1561402413",https://stockx.com/adidas-nmd-hu-pharrell-x-billionaire-boys-club-multi-color
Human Race,Men,"https://stockx.imgix.net/adidas-Tennis-Hu-Pharrell-Williams-Triple-White-Product.jpg?fit=fill&bg=FFFFFF&w=300&h=214&auto=format,compress&trim=color&q=90&dpr=2&updated_at=1569617843",https://stockx.com/adidas-tennis-hu-pharrell-williams-triple-white
Human Race,Men,"https://stockx.imgix.net/adidas-NMD-Hu-Trail-Pharrell-Sun-Calm-Product.jpg?fit=fill&bg=FFFFFF&w=300&h=214&auto=format,compress&trim=color&q=90&dpr=2&updated_at=1569007143",https://stockx.com/adidas-nmd-hu-trail-pharrell-sun-calm
Human Race,Men,"https://stockx.imgix.net/adidas-Solar-Hu-Pharrell-Greyscale-Pack-White-Product.jpg?fit=fill&bg=FFFFFF&w=300&h=214&auto=format,compress&trim=color&q=90&dpr=2&updated_at=1570212975",https://stockx.com/adidas-solar-hu-pharrell-greyscale-pack-white
Human Race,Men,"https://stockx.imgix.net/Adidas-Human-Race-NMD-Pharrell-Holi-Festival-Pink-Glow-Product.jpg?fit=fill&bg=FFFFFF&w=300&h=214&auto=format,compress&trim=color&q=90&dpr=2&updated_at=1538080256",https://stockx.com/adidas-human-race-nmd-pharrell-holi-festival-pink-glow
Human Race,Men,"https://stockx.imgix.net/adidas-NMD-Hu-Pharrell-Inspiration-Pack-White-Product.jpg?fit=fill&bg=FFFFFF&w=300&h=214&auto=format,compress&trim=color&q=90&dpr=2&updated_at=1546678829",https://stockx.com/adidas-nmd-hu-pharrell-inspiration-pack-white
Human Race,Men,"https://stockx.imgix.net/adidas-NMD-Hu-Pharrell-Inspiration-Pack-Black-Product.jpg?fit=fill&bg=FFFFFF&w=300&h=214&auto=format,compress&trim=color&q=90&dpr=2&updated_at=1543951993",https://stockx.com/adidas-nmd-hu-pharrell-inspiration-pack-black
Human Race,Men,"https://stockx.imgix.net/Adidas-Human-Race-NMD-Pharrell-Cream-Product.jpg?fit=fill&bg=FFFFFF&w=300&h=214&auto=format,compress&trim=color&q=90&dpr=2&updated_at=1538080256",https://stockx.com/adidas-human-race-nmd-pharrell-cream
Human Race,Men,"https://stockx.imgix.net/adidas-NMD-Hu-Pharrell-Inspiration-Pack-Clear-Sky-Product.jpg?fit=fill&bg=FFFFFF&w=300&h=214&auto=format,compress&trim=color&q=90&dpr=2&updated_at=1543952013",https://stockx.com/adidas-nmd-hu-pharrell-inspiration-pack-clear-sky
Human Race,Men,"https://stockx.imgix.net/adidas-NMD-Hu-Pharrell-x-BBC-Blue-Plaid-Product.jpg?fit=fill&bg=FFFFFF&w=300&h=214&auto=format,compress&trim=color&q=90&dpr=2&updated_at=1557952653",https://stockx.com/adidas-nmd-hu-pharrell-x-bbc-blue-plaid
Human Race,Men,"https://stockx.imgix.net/Adidas-Human-Race-NMD-Pharrell-Multi-Color-Product.jpg?fit=fill&bg=FFFFFF&w=300&h=214&auto=format,compress&trim=color&q=90&dpr=2&updated_at=1538080256",https://stockx.com/adidas-human-race-nmd-pharrell-multi-color
Human Race,Men,"https://stockx.imgix.net/Adidas-Tennis-HU-Pharrell-Tactile-Blue-Product.jpg?fit=fill&bg=FFFFFF&w=300&h=214&auto=format,compress&trim=color&q=90&dpr=2&updated_at=1558643046",https://stockx.com/adidas-tennis-hu-pharrell-tactile-blue
Human Race,Men,"https://stockx.imgix.net/adidas-Solar-Hu-Glide-Pharrell-Inner-Light-Pack-Red-Product.jpg?fit=fill&bg=FFFFFF&w=300&h=214&auto=format,compress&trim=color&q=90&dpr=2&updated_at=1578691530",https://stockx.com/adidas-solar-hu-glide-pharrell-inner-light-pack-red
Human Race,Men,"https://stockx.imgix.net/Adidas-Tennis-HU-Pharrell-Holi-Green-Product.jpg?fit=fill&bg=FFFFFF&w=300&h=214&auto=format,compress&trim=color&q=90&dpr=2&updated_at=1580325806",https://stockx.com/adidas-tennis-hu-pharrell-holi-green
Human Race,Men,"https://stockx.imgix.net/Adidas-Tennis-HU-Pharrell-White-Green-Product.jpg?fit=fill&bg=FFFFFF&w=300&h=214&auto=format,compress&trim=color&q=90&dpr=2&updated_at=1570213087",https://stockx.com/adidas-tennis-hu-pharrell-white-green
Human Race,Men,"https://stockx.imgix.net/adidas-Tennis-Hu-V2-Pharrell-Core-Black.png?fit=fill&bg=FFFFFF&w=300&h=214&auto=format,compress&trim=color&q=90&dpr=2&updated_at=1550555344",https://stockx.com/adidas-tennis-hu-v2-pharrell-core-black
Human Race,Men,"https://stockx.imgix.net/adidas-NMD-Hu-Trail-Pharrell-Know-Soul-Product.jpg?fit=fill&bg=FFFFFF&w=300&h=214&auto=format,compress&trim=color&q=90&dpr=2&updated_at=1569007260",https://stockx.com/adidas-nmd-hu-trail-pharrell-know-soul
Human Race,Men,"https://stockx.imgix.net/Adidas-Human-Race-NMD-Pharrell-Pale-Nude-Product.jpg?fit=fill&bg=FFFFFF&w=300&h=214&auto=format,compress&trim=color&q=90&dpr=2&updated_at=1538080256",https://stockx.com/adidas-human-race-nmd-pharrell-pale-nude
Human Race,Men,"https://stockx.imgix.net/Adidas-Human-Race-NMD-Pharrell-Oreo-Product.jpg?fit=fill&bg=FFFFFF&w=300&h=214&auto=format,compress&trim=color&q=90&dpr=2&updated_at=1538080256",https://stockx.com/adidas-human-race-nmd-pharrell-oreo
Human Race,Men,"https://stockx.imgix.net/adidas-NMD-Hu-Pharrell-x-BBC-Green-Plaid.png?fit=fill&bg=FFFFFF&w=300&h=214&auto=format,compress&trim=color&q=90&dpr=2&updated_at=1558116061",https://stockx.com/adidas-nmd-hu-pharrell-x-bbc-green-plaid
Human Race,Men,"https://stockx.imgix.net/adidas-Solar-Hu-Glide-Pharrell-Inner-Light-Pack-Yellow.png?fit=fill&bg=FFFFFF&w=300&h=214&auto=format,compress&trim=color&q=90&dpr=2&updated_at=1569532427",https://stockx.com/adidas-solar-hu-glide-pharrell-inner-light-pack-yellow
Human Race,Men,"https://stockx.imgix.net/Adidas-NMD-Hu-Pharrell-X-Billionaire-Boys-Club-Navy-Pink-Product.jpg?fit=fill&bg=FFFFFF&w=300&h=214&auto=format,compress&trim=color&q=90&dpr=2&updated_at=1543952091",https://stockx.com/adidas-nmd-hu-pharrell-x-billionaire-boys-club-navy-pink
Human Race,Men,"https://stockx.imgix.net/adidas-Pw-Tennis-Hu-Black-Black-White.jpg?fit=fill&bg=FFFFFF&w=300&h=214&auto=format,compress&trim=color&q=90&dpr=2&updated_at=1538080256",https://stockx.com/adidas-pw-tennis-hu-black-black-white
Human Race,Men,"https://stockx.imgix.net/adidas-Solar-Hu-Glide-Multi-Color-Product.jpg?fit=fill&bg=FFFFFF&w=300&h=214&auto=format,compress&trim=color&q=90&dpr=2&updated_at=1538080256",https://stockx.com/adidas-solar-hu-glide-multi-color
Human Race,Men,"https://stockx.imgix.net/Adidas-Human-Race-NMD-Pharrell-Holi-Festival-Core-Black-Product.jpg?fit=fill&bg=FFFFFF&w=300&h=214&auto=format,compress&trim=color&q=90&dpr=2&updated_at=1538080256",https://stockx.com/adidas-human-race-nmd-pharrell-holi-festival-core-black
Human Race,Men,"https://stockx.imgix.net/Adidas-Tennis-HU-Pharrell-Beige.png?fit=fill&bg=FFFFFF&w=300&h=214&auto=format,compress&trim=color&q=90&dpr=2&updated_at=1538080256",https://stockx.com/adidas-tennis-hu-pharrell-beige
Human Race,Men,"https://stockx.imgix.net/adidas-Solar-Hu-Glide-Pharrell-Inner-Light-Pack-Purple-Product.jpg?fit=fill&bg=FFFFFF&w=300&h=214&auto=format,compress&trim=color&q=90&dpr=2&updated_at=1570212954",https://stockx.com/adidas-solar-hu-glide-pharrell-inner-light-pack-purple
Human Race,Men,"https://stockx.imgix.net/Adidas-Tennis-HU-Pharrell-Holi-Oreo-Product.jpg?fit=fill&bg=FFFFFF&w=300&h=214&auto=format,compress&trim=color&q=90&dpr=2&updated_at=1538080256",https://stockx.com/adidas-tennis-hu-pharrell-holi-oreo
Human Race,Men,"https://stockx.imgix.net/Adidas-Tennis-Hu-Pharrell-Solid-Dark-Blue.png?fit=fill&bg=FFFFFF&w=300&h=214&auto=format,compress&trim=color&q=90&dpr=2&updated_at=1538080256",https://stockx.com/adidas-tennis-hu-pharrell-solid-dark-blue
Human Race,Men,"https://stockx.imgix.net/Adidas-Tennis-HU-Pharrell-Holi-Tie-Dye-Product.jpg?fit=fill&bg=FFFFFF&w=300&h=214&auto=format,compress&trim=color&q=90&dpr=2&updated_at=1546582337",https://stockx.com/adidas-tennis-hu-pharrell-holi-tie-dye
Human Race,Men,"https://stockx.imgix.net/adidas-Tennis-Hu-V2-Pharrell-Solar-Pack-Yellow-Product.jpg?fit=fill&bg=FFFFFF&w=300&h=214&auto=format,compress&trim=color&q=90&dpr=2&updated_at=1549050037",https://stockx.com/adidas-tennis-hu-v2-pharrell-solar-pack-yellow
Human Race,Men,"https://stockx-assets.imgix.net/media/New-Product-Placeholder-Default.jpg?auto=compress,format",https://stockx.com/adidas-solar-hu-glide-pharrell-inner-light-pack-blue
Human Race,Men,"https://stockx.imgix.net/adidas-Tennis-Hu-V2-Pharrell-Off-White.png?fit=fill&bg=FFFFFF&w=300&h=214&auto=format,compress&trim=color&q=90&dpr=2&updated_at=1550555343",https://stockx.com/adidas-tennis-hu-v2-pharrell-off-white
Human Race,Men,"https://stockx.imgix.net/Adidas-Human-Race-NMD-Pharrell-x-BBC-Cotton-Candy.png?fit=fill&bg=FFFFFF&w=300&h=214&auto=format,compress&trim=color&q=90&dpr=2&updated_at=1538080256",https://stockx.com/adidas-human-race-nmd-pharrell-x-bbc-cotton-candy
Human Race,Men,"https://stockx.imgix.net/adidas-Solar-Hu-Pharrell-Greyscale-Pack-Black-Product.jpg?fit=fill&bg=FFFFFF&w=300&h=214&auto=format,compress&trim=color&q=90&dpr=2&updated_at=1574449936",https://stockx.com/adidas-solar-hu-pharrell-greyscale-pack-black
Human Race,Men,"https://stockx.imgix.net/adidas-Solar-Hu-Pharrell-Greyscale-Pack-Off-White.png?fit=fill&bg=FFFFFF&w=300&h=214&auto=format,compress&trim=color&q=90&dpr=2&updated_at=1563425375",https://stockx.com/adidas-solar-hu-pharrell-greyscale-pack-off-white
Human Race,Men,"https://stockx.imgix.net/Adidas-Human-Race-NMD-Pharrell-Holi-Festival-Product.jpg?fit=fill&bg=FFFFFF&w=300&h=214&auto=format,compress&trim=color&q=90&dpr=2&updated_at=1538080256",https://stockx.com/adidas-human-race-nmd-pharrell-holi-festival
Human Race,Men,"https://stockx.imgix.net/adidas-Solar-Hu-Pharrell-Chinese-New-Year-2019-Product.jpg?fit=fill&bg=FFFFFF&w=300&h=214&auto=format,compress&trim=color&q=90&dpr=2&updated_at=1549854774",https://stockx.com/adidas-solar-hu-pharrell-chinese-new-year-2019
Human Race,Men,"https://stockx.imgix.net/adidas-Solar-Hu-Pharrell-Greyscale-Pack-Grey-Product.jpg?fit=fill&bg=FFFFFF&w=300&h=214&auto=format,compress&trim=color&q=90&dpr=2&updated_at=1565620674",https://stockx.com/adidas-solar-hu-pharrell-greyscale-pack-grey
Human Race,Men,"https://stockx.imgix.net/adidas-Pharrell-NMD-HU-China-Pack-Peace-Blue-Product.jpg?fit=fill&bg=FFFFFF&w=300&h=214&auto=format,compress&trim=color&q=90&dpr=2&updated_at=1538080256",https://stockx.com/adidas-nmd-hu-china-pack-peace-blue
Human Race,Men,"https://stockx.imgix.net/Adidas-Human-Race-NMD-Pharrell-Sun-Glow-Product.jpg?fit=fill&bg=FFFFFF&w=300&h=214&auto=format,compress&trim=color&q=90&dpr=2&updated_at=1560365848",https://stockx.com/adidas-human-race-nmd-pharrell-sun-glow
Human Race,Men,"https://stockx.imgix.net/adidas-Tennis-Hu-V2-Pharrell-x-Billionaire-Boys-Club-Product.jpg?fit=fill&bg=FFFFFF&w=300&h=214&auto=format,compress&trim=color&q=90&dpr=2&updated_at=1546582396",https://stockx.com/adidas-tennis-hu-v2-pharrell-x-billionaire-boys-club
Human Race,Men,"https://stockx.imgix.net/adidas-Pharrell-NMD-HU-China-Pack-Youth-Green-Product.jpg?fit=fill&bg=FFFFFF&w=300&h=214&auto=format,compress&trim=color&q=90&dpr=2&updated_at=1538080256",https://stockx.com/adidas-nmd-hu-china-pack-youth-green
Human Race,Men,"https://stockx.imgix.net/adidas-NMD-Hu-Pharrell-Inspiration-Pack-Green-Product.jpg?fit=fill&bg=FFFFFF&w=300&h=214&auto=format,compress&trim=color&q=90&dpr=2&updated_at=1543952028",https://stockx.com/adidas-nmd-hu-pharrell-inspiration-pack-green
Human Race,Men,"https://stockx.imgix.net/adidas-Pharrell-NMD-HU-China-Pack-Passion-Red-Product.jpg?fit=fill&bg=FFFFFF&w=300&h=214&auto=format,compress&trim=color&q=90&dpr=2&updated_at=1538080256",https://stockx.com/adidas-nmd-hu-china-pack-passion-red
Human Race,Men,"https://stockx.imgix.net/adidas-Tennis-HU-Pharrell-Tactile-Rose-Product.jpg?fit=fill&bg=FFFFFF&w=300&h=214&auto=format,compress&trim=color&q=90&dpr=2&updated_at=1548139056",https://stockx.com/adidas-tennis-hu-pharrell-tactile-rose
Human Race,Men,"https://stockx.imgix.net/Adidas-Tennis-HU-Pharrell-Linen-Green.png?fit=fill&bg=FFFFFF&w=300&h=214&auto=format,compress&trim=color&q=90&dpr=2&updated_at=1538080256",https://stockx.com/adidas-tennis-hu-pharrell-linen-green
Human Race,Men,"https://stockx.imgix.net/Adidas-Tennis-HU-Pharrell-Light-Blue-Product.jpg?fit=fill&bg=FFFFFF&w=300&h=214&auto=format,compress&trim=color&q=90&dpr=2&updated_at=1574449936",https://stockx.com/adidas-tennis-hu-pharrell-light-blue
Human Race,Men,"https://stockx.imgix.net/Adidas-Tennis-Hu-Pharrell-Holi-Multi-Color-Product.jpg?fit=fill&bg=FFFFFF&w=300&h=214&auto=format,compress&trim=color&q=90&dpr=2&updated_at=1546582324",https://stockx.com/adidas-tennis-hu-pharrell-holi-multi-color
Human Race,Men,"https://stockx.imgix.net/Adidas-Tennis-HU-Pharrell-Holi-Red-Product.jpg?fit=fill&bg=FFFFFF&w=300&h=214&auto=format,compress&trim=color&q=90&dpr=2&updated_at=1570213068",https://stockx.com/adidas-tennis-hu-pharrell-holi-red
Human Race,Men,"https://stockx.imgix.net/Adidas-Tennis-HU-Pharrell-Holi-Blue-Product.jpg?fit=fill&bg=FFFFFF&w=300&h=214&auto=format,compress&trim=color&q=90&dpr=2&updated_at=1564168668",https://stockx.com/adidas-tennis-hu-pharrell-holi-blue
Human Race,Men,"https://stockx.imgix.net/Adidas-NMD-HU-Pharrell-Williams-Black-Product.jpg?fit=fill&bg=FFFFFF&w=300&h=214&auto=format,compress&trim=color&q=90&dpr=2&updated_at=1538080256",https://stockx.com/adidas-nmd-hu-pharrell-williams-black
Human Race,Men,"https://stockx.imgix.net/adidas-Solar-Hu-Glide-White.png?fit=fill&bg=FFFFFF&w=300&h=214&auto=format,compress&trim=color&q=90&dpr=2&updated_at=1538080256",https://stockx.com/adidas-solar-hu-glide-white
Human Race,Men,"https://stockx.imgix.net/Adidas-Tennis-HU-Pharrell-White-Yellow-Product.jpg?fit=fill&bg=FFFFFF&w=300&h=214&auto=format,compress&trim=color&q=90&dpr=2&updated_at=1562948358",https://stockx.com/adidas-tennis-hu-pharrell-white-yellow
Human Race,Men,"https://stockx.imgix.net/Adidas-Tennis-HU-Pharrell-Holi-Yellow-Product.jpg?fit=fill&bg=FFFFFF&w=300&h=214&auto=format,compress&trim=color&q=90&dpr=2&updated_at=1581110770",https://stockx.com/adidas-tennis-hu-pharrell-holi-yellow
Human Race,Men,"https://stockx.imgix.net/adidas-NMD-Hu-Pharrell-x-Nerd-Blue-Product.jpg?fit=fill&bg=FFFFFF&w=300&h=214&auto=format,compress&trim=color&q=90&dpr=2&updated_at=1543952107",https://stockx.com/adidas-nmd-hu-pharrell-x-nerd-blue
Human Race,Men,"https://stockx.imgix.net/Adidas-Tennis-HU-Pharrell-Tan.png?fit=fill&bg=FFFFFF&w=300&h=214&auto=format,compress&trim=color&q=90&dpr=2&updated_at=1538080256",https://stockx.com/adidas-tennis-hu-pharrell-tan
Human Race,Men,"https://stockx.imgix.net/Adidas-NMD-Hu-Pharrell-Nerd-Green-Yellow-Product.jpg?fit=fill&bg=FFFFFF&w=300&h=214&auto=format,compress&trim=color&q=90&dpr=2&updated_at=1543952066",https://stockx.com/adidas-nmd-hu-pharrell-nerd-green-yellow
Human Race,Men,"https://stockx.imgix.net/adidas-Ashurst-Spzl-Grey-One-Yellow.png?fit=fill&bg=FFFFFF&w=300&h=214&auto=format,compress&trim=color&q=90&dpr=2&updated_at=1591331053",https://stockx.com/adidas-ashurst-spzl-grey-one-yellow
Human Race,Men,"https://stockx.imgix.net/Adidas-Tennis-Hu-Pharrell-Solid-Blue.png?fit=fill&bg=FFFFFF&w=300&h=214&auto=format,compress&trim=color&q=90&dpr=2&updated_at=1538080256",https://stockx.com/adidas-tennis-hu-pharrell-solid-blue
Human Race,Men,"https://stockx.imgix.net/Adidas-Tennis-HU-Pharrell-Blank-Canvas-Product.jpg?fit=fill&bg=FFFFFF&w=300&h=214&auto=format,compress&trim=color&q=90&dpr=2&updated_at=1579298154",https://stockx.com/adidas-tennis-hu-pharrell-blank-canvas
Human Race,Men,"https://stockx.imgix.net/Adidas-Tennis-HU-Pharrell-Tactile-Green.png?fit=fill&bg=FFFFFF&w=300&h=214&auto=format,compress&trim=color&q=90&dpr=2&updated_at=1538080256",https://stockx.com/adidas-tennis-hu-pharrell-tactile-green
Human Race,Men,"https://stockx.imgix.net/adidas-Solar-Hu-Glide-Black-Product.jpg?fit=fill&bg=FFFFFF&w=300&h=214&auto=format,compress&trim=color&q=90&dpr=2&updated_at=1546582236",https://stockx.com/adidas-solar-hu-glide-black
Human Race,Men,"https://stockx.imgix.net/adidas-Tennis-Hu-V2-Pharrell-Solar-Pack-Scarlet.png?fit=fill&bg=FFFFFF&w=300&h=214&auto=format,compress&trim=color&q=90&dpr=2&updated_at=1538080256",https://stockx.com/adidas-tennis-hu-v2-pharrell-solar-pack-scarlet
Human Race,Men,"https://stockx.imgix.net/Adidas-Tennis-HU-Pharrell-Icey-Blue.png?fit=fill&bg=FFFFFF&w=300&h=214&auto=format,compress&trim=color&q=90&dpr=2&updated_at=1538080256",https://stockx.com/adidas-tennis-hu-pharrell-icey-blue
