EQT,Men,"https://stockx.imgix.net/Adidas-Eqt-Support-Mid-ADV-Primeknit-Dragon-Ball-Z-Shenron-Product.jpg?fit=fill&bg=FFFFFF&w=300&h=214&auto=format,compress&trim=color&q=90&dpr=2&updated_at=1548138940",https://stockx.com/adidas-eqt-support-mid-adv-primeknit-dragon-ball-z-shenron
EQT,Men,"https://stockx.imgix.net/Adidas-EQT-Support-Ultra-Pusha-T-Brown-Paper-Bag.png?fit=fill&bg=FFFFFF&w=300&h=214&auto=format,compress&trim=color&q=90&dpr=2&updated_at=1538080256",https://stockx.com/adidas-eqt-support-ultra-pusha-t-brown-paper-bag
EQT,Men,"https://stockx.imgix.net/Adidas-EQT-Support-Future-Bait-R-D-Black.png?fit=fill&bg=FFFFFF&w=300&h=214&auto=format,compress&trim=color&q=90&dpr=2&updated_at=1538080256",https://stockx.com/adidas-eqt-support-future-bait-r-d-black
EQT,Men,"https://stockx.imgix.net/adidas-EQT-Support-Mid-ADV-Primeknit-Dragon-Ball-Z-Super-Shenron-Product.jpg?fit=fill&bg=FFFFFF&w=300&h=214&auto=format,compress&trim=color&q=90&dpr=2&updated_at=1545956655",https://stockx.com/adidas-eqt-support-mid-adv-primeknit-dragon-ball-z-super-shenron
EQT,Men,"https://stockx.imgix.net/adidas-EQT-Support-91-18-Core-Black-Sub-Green-Product.jpg?fit=fill&bg=FFFFFF&w=300&h=214&auto=format,compress&trim=color&q=90&dpr=2&updated_at=1574449936",https://stockx.com/adidas-eqt-support-91-18-core-black-sub-green
EQT,Men,"https://stockx.imgix.net/Adidas-EQT-Support-Pusha-T-Greyscale-Product.jpg?fit=fill&bg=FFFFFF&w=300&h=214&auto=format,compress&trim=color&q=90&dpr=2&updated_at=1598377218",https://stockx.com/adidas-eqt-support-pusha-t-greyscale
EQT,Men,"https://stockx.imgix.net/Adidas-EQT-Support-ADV-Triple-White-2017.png?fit=fill&bg=FFFFFF&w=300&h=214&auto=format,compress&trim=color&q=90&dpr=2&updated_at=1538080256",https://stockx.com/adidas-eqt-support-adv-triple-white-2017
EQT,Men,"https://stockx.imgix.net/Adidas-EQT-Guidance-93-Pusha-T-Black-Market-Product.jpg?fit=fill&bg=FFFFFF&w=300&h=214&auto=format,compress&trim=color&q=90&dpr=2&updated_at=1598377195",https://stockx.com/adidas-eqt-guidance-93-pusha-t-black-market
EQT,Men,"https://stockx.imgix.net/adidas-EQT-Cushion-Adv-Off-White-Clear-Brown-Scarlet-Product.jpg?fit=fill&bg=FFFFFF&w=300&h=214&auto=format,compress&trim=color&q=90&dpr=2&updated_at=1565620674",https://stockx.com/adidas-eqt-cushion-adv-off-white-clear-brown-scarlet
EQT,Men,"https://stockx.imgix.net/Adidas-EQT-Running-Support-93-UNDFTD-Colette-Product.jpg?fit=fill&bg=FFFFFF&w=300&h=214&auto=format,compress&trim=color&q=90&dpr=2&updated_at=1576006585",https://stockx.com/adidas-eqt-running-support-93-undftd-colette
EQT,Men,"https://stockx.imgix.net/Adidas-EQT-Basketball-Adv-Carbon-Collegiate-Royal.png?fit=fill&bg=FFFFFF&w=300&h=214&auto=format,compress&trim=color&q=90&dpr=2&updated_at=1538080256",https://stockx.com/adidas-eqt-basketball-adv-carbon-collegiate-royal
EQT,Men,"https://stockx.imgix.net/adidas-ZX930-EQT-Micropacer.png?fit=fill&bg=FFFFFF&w=300&h=214&auto=format,compress&trim=color&q=90&dpr=2&updated_at=1550805398",https://stockx.com/adidas-zx930-eqt-micropacer
EQT,Men,"https://stockx.imgix.net/adidas-EQT-Support-93-17-Grey-Black-Scarlet.png?fit=fill&bg=FFFFFF&w=300&h=214&auto=format,compress&trim=color&q=90&dpr=2&updated_at=1538080256",https://stockx.com/adidas-eqt-support-93-17-grey-black-scarlet
EQT,Men,"https://stockx.imgix.net/adidas-ZX-930-X-EQT-Never-Made-Pack-Product.jpg?fit=fill&bg=FFFFFF&w=300&h=214&auto=format,compress&trim=color&q=90&dpr=2&updated_at=1554061980",https://stockx.com/adidas-zx-930-x-eqt-never-made-pack
EQT,Men,"https://stockx.imgix.net/Adidas-EQT-Support-ADV-Zebra.png?fit=fill&bg=FFFFFF&w=300&h=214&auto=format,compress&trim=color&q=90&dpr=2&updated_at=1538080256",https://stockx.com/adidas-eqt-support-adv-zebra
EQT,Men,"https://stockx.imgix.net/Adidas-EQT-Support-ADV-Black-Grey.png?fit=fill&bg=FFFFFF&w=300&h=214&auto=format,compress&trim=color&q=90&dpr=2&updated_at=1538080256",https://stockx.com/adidas-eqt-support-adv-black-grey
EQT,Men,"https://stockx.imgix.net/adidas-EQT-Support-Adv-Black-Black-White-Product.jpg?fit=fill&bg=FFFFFF&w=300&h=214&auto=format,compress&trim=color&q=90&dpr=2&updated_at=1548138917",https://stockx.com/adidas-eqt-support-adv-black-black-white
EQT,Men,"https://stockx.imgix.net/Adidas-EQT-Support-93-17-Gore-tex-Reflect-Protect-White-Product.jpg?fit=fill&bg=FFFFFF&w=300&h=214&auto=format,compress&trim=color&q=90&dpr=2&updated_at=1543951718",https://stockx.com/adidas-eqt-support-93-17-gore-tex-reflect-protect-white
EQT,Men,"https://stockx.imgix.net/Adidas-EQT-Support-93-17-Glitch-Black-White-Product.jpg?fit=fill&bg=FFFFFF&w=300&h=214&auto=format,compress&trim=color&q=90&dpr=2&updated_at=1555709562",https://stockx.com/adidas-eqt-support-93-17-glitch-black-white
EQT,Men,"https://stockx.imgix.net/Adidas-EQT-Support-93-16-Chinese-New-Year-Product.jpg?fit=fill&bg=FFFFFF&w=300&h=214&auto=format,compress&trim=color&q=90&dpr=2&updated_at=1598377218",https://stockx.com/adidas-eqt-support-93-16-chinese-new-year
EQT,Men,"https://stockx.imgix.net/Adidas-EQT-Support-Adv-Highs-And-Lows-Renaissance.png?fit=fill&bg=FFFFFF&w=300&h=214&auto=format,compress&trim=color&q=90&dpr=2&updated_at=1538080256",https://stockx.com/adidas-eqt-support-adv-highs-and-lows-renaissance
EQT,Men,"https://stockx.imgix.net/Adidas-EQT-Support-93-16-Avenue-Black.png?fit=fill&bg=FFFFFF&w=300&h=214&auto=format,compress&trim=color&q=90&dpr=2&updated_at=1538080256",https://stockx.com/adidas-eqt-support-93-16-avenue-black
EQT,Men,"https://stockx.imgix.net/Adidas-Elastic-Slip-On-Pharrell-EQT-Blue.jpg?fit=fill&bg=FFFFFF&w=300&h=214&auto=format,compress&trim=color&q=90&dpr=2&updated_at=1538080256",https://stockx.com/adidas-elastic-slip-on-pharrell-eqt-blue
EQT,Men,"https://stockx.imgix.net/Adidas-Eqt-Support-Rf-Off-White-Black-Brown.jpg?fit=fill&bg=FFFFFF&w=300&h=214&auto=format,compress&trim=color&q=90&dpr=2&updated_at=1538080256",https://stockx.com/adidas-eqt-support-rf-off-white-black-brown
EQT,Men,"https://stockx.imgix.net/Adidas-EQT-Support-93-17-Core-Black-Product.jpg?fit=fill&bg=FFFFFF&w=300&h=214&auto=format,compress&trim=color&q=90&dpr=2&updated_at=1543951702",https://stockx.com/adidas-eqt-support-93-17-core-black
EQT,Men,"https://stockx.imgix.net/adidas-EQT-Support-93-17-Black-White-Product.jpg?fit=fill&bg=FFFFFF&w=300&h=214&auto=format,compress&trim=color&q=90&dpr=2&updated_at=1543951666",https://stockx.com/adidas-eqt-support-93-17-black-white
EQT,Men,"https://stockx.imgix.net/Adidas-EQT-Support-Adv-Gucci.png?fit=fill&bg=FFFFFF&w=300&h=214&auto=format,compress&trim=color&q=90&dpr=2&updated_at=1538080256",https://stockx.com/adidas-eqt-support-adv-gucci
EQT,Men,"https://stockx.imgix.net/adidas-EQT-Support-91-18-Multi-Color-Bold-Orange-Product.jpg?fit=fill&bg=FFFFFF&w=300&h=214&auto=format,compress&trim=color&q=90&dpr=2&updated_at=1552670917",https://stockx.com/adidas-eqt-support-91-18-multi-color-bold-orange
EQT,Men,"https://stockx.imgix.net/Adidas-EQT-Support-93-16-Bait-R-D-White-Product.jpg?fit=fill&bg=FFFFFF&w=300&h=214&auto=format,compress&trim=color&q=90&dpr=2&updated_at=1543951648",https://stockx.com/adidas-eqt-support-93-16-bait-r-d-white
EQT,Men,"https://stockx.imgix.net/Adidas-EQT-Support-93-17-Core-Black-Turbo-Product.jpg?fit=fill&bg=FFFFFF&w=300&h=214&auto=format,compress&trim=color&q=90&dpr=2&updated_at=1598377218",https://stockx.com/adidas-eqt-support-93-17-core-black-turbo
EQT,Men,"https://stockx.imgix.net/Adidas-EQT-Support-93-17-Cream.png?fit=fill&bg=FFFFFF&w=300&h=214&auto=format,compress&trim=color&q=90&dpr=2&updated_at=1538080256",https://stockx.com/adidas-eqt-support-93-17-cream
EQT,Men,"https://stockx.imgix.net/adidas-EQT-91-18-Packer-Shoes-Adventure-Product.jpg?fit=fill&bg=FFFFFF&w=300&h=214&auto=format,compress&trim=color&q=90&dpr=2&updated_at=1543951629",https://stockx.com/adidas-eqt-91-18-packer-shoes-adventure
EQT,Men,"https://stockx.imgix.net/Adidas-EQT-Support-93-17-Mid-mastermind-Mystery-Ink-Product.jpg?fit=fill&bg=FFFFFF&w=300&h=214&auto=format,compress&trim=color&q=90&dpr=2&updated_at=1555709576",https://stockx.com/adidas-eqt-support-93-17-mid-mastermind-mystery-ink
EQT,Men,"https://stockx.imgix.net/adidas-EQT-Gazelle-Linen-Semi-Solar-Yellow.png?fit=fill&bg=FFFFFF&w=300&h=214&auto=format,compress&trim=color&q=90&dpr=2&updated_at=1562724764",https://stockx.com/adidas-eqt-gazelle-linen-semi-solar-yellow
EQT,Men,"https://stockx.imgix.net/Adidas-EQT-Support-Adv-White-Navy-Scarlet.png?fit=fill&bg=FFFFFF&w=300&h=214&auto=format,compress&trim=color&q=90&dpr=2&updated_at=1538080256",https://stockx.com/adidas-eqt-support-adv-white-navy-scarlet
EQT,Men,"https://stockx.imgix.net/Adidas-EQT-Running-Support-Black-Sub-Green.jpg?fit=fill&bg=FFFFFF&w=300&h=214&auto=format,compress&trim=color&q=90&dpr=2&updated_at=1573610014",https://stockx.com/adidas-eqt-running-support-black-sub-green
EQT,Men,"https://stockx.imgix.net/Adidas-EQT-Support-Future-White-Mountaineering-Navy-Product.jpg?fit=fill&bg=FFFFFF&w=300&h=214&auto=format,compress&trim=color&q=90&dpr=2&updated_at=1598377218",https://stockx.com/adidas-eqt-support-future-white-mountaineering-navy
EQT,Men,"https://stockx.imgix.net/Adidas-EQT-Support-ADV-Core-Black-Turbo.png?fit=fill&bg=FFFFFF&w=300&h=214&auto=format,compress&trim=color&q=90&dpr=2&updated_at=1538080256",https://stockx.com/adidas-eqt-support-adv-core-black-turbo
EQT,Men,"https://stockx.imgix.net/Adidas-EQT-Support-93-17-Yuanxiao.png?fit=fill&bg=FFFFFF&w=300&h=214&auto=format,compress&trim=color&q=90&dpr=2&updated_at=1538080256",https://stockx.com/adidas-eqt-support-93-17-yuanxiao
EQT,Men,"https://stockx.imgix.net/Adidas-EQT-Guidance-93-Pusha-T-King-Push-Product.jpg?fit=fill&bg=FFFFFF&w=300&h=214&auto=format,compress&trim=color&q=90&dpr=2&updated_at=1546678806",https://stockx.com/adidas-eqt-guidance-93-pusha-t-king-push
EQT,Men,"https://stockx.imgix.net/Adidas-EQT-Cushion-Adv-Grey-Sub-Green.png?fit=fill&bg=FFFFFF&w=300&h=214&auto=format,compress&trim=color&q=90&dpr=2&updated_at=1538080256",https://stockx.com/adidas-eqt-cushion-adv-grey-sub-green
EQT,Men,"https://stockx.imgix.net/Adidas-EQT-Basketball-Adv-Grey-One-Sub-Green.png?fit=fill&bg=FFFFFF&w=300&h=214&auto=format,compress&trim=color&q=90&dpr=2&updated_at=1538080256",https://stockx.com/adidas-eqt-basketball-adv-grey-one-sub-green
EQT,Men,"https://stockx.imgix.net/adidas-EQT-Gazelle-Solar-Yellow.png?fit=fill&bg=FFFFFF&w=300&h=214&auto=format,compress&trim=color&q=90&dpr=2&updated_at=1562724760",https://stockx.com/adidas-eqt-gazelle-solar-yellow
EQT,Men,"https://stockx.imgix.net/adidas-EQT-Gazelle-Semi-Coral.png?fit=fill&bg=FFFFFF&w=300&h=214&auto=format,compress&trim=color&q=90&dpr=2&updated_at=1562724764",https://stockx.com/adidas-eqt-gazelle-semi-coral
EQT,Men,"https://stockx.imgix.net/Adidas-EQT-Support-ADV-Primeknit-Core-Black-Turbo.png?fit=fill&bg=FFFFFF&w=300&h=214&auto=format,compress&trim=color&q=90&dpr=2&updated_at=1538080256",https://stockx.com/adidas-eqt-support-adv-primeknit-core-black-turbo
EQT,Men,"https://stockx.imgix.net/Adidas-EQT-Support-ADV-Triple-White.jpg?fit=fill&bg=FFFFFF&w=300&h=214&auto=format,compress&trim=color&q=90&dpr=2&updated_at=1538080256",https://stockx.com/adidas-eqt-support-adv-triple-white
EQT,Men,"https://stockx.imgix.net/Adidas-EQT-Support-ADV-Adventure-Winter-Grey-Two.png?fit=fill&bg=FFFFFF&w=300&h=214&auto=format,compress&trim=color&q=90&dpr=2&updated_at=1538080256",https://stockx.com/adidas-eqt-support-adv-adventure-winter-grey-two
EQT,Men,"https://stockx.imgix.net/Adidas-EQT-Support-93-16-Core-Black.png?fit=fill&bg=FFFFFF&w=300&h=214&auto=format,compress&trim=color&q=90&dpr=2&updated_at=1538080256",https://stockx.com/adidas-eqt-support-93-16-core-black
EQT,Men,"https://stockx.imgix.net/Adidas-EQT-Running-Guidance-93-Highs-and-Lows.jpg?fit=fill&bg=FFFFFF&w=300&h=214&auto=format,compress&trim=color&q=90&dpr=2&updated_at=1538080256",https://stockx.com/adidas-eqt-running-guidance-highs-and-lows
EQT,Men,"https://stockx.imgix.net/Adidas-EQT-Support-Ultra-White-Turbo.png?fit=fill&bg=FFFFFF&w=300&h=214&auto=format,compress&trim=color&q=90&dpr=2&updated_at=1538080256",https://stockx.com/adidas-eqt-support-ultra-white-turbo
EQT,Men,"https://stockx.imgix.net/Adidas-EQT-Support-RF-Ice-Purple-W.png?fit=fill&bg=FFFFFF&w=300&h=214&auto=format,compress&trim=color&q=90&dpr=2&updated_at=1538080256",https://stockx.com/adidas-eqt-support-rf-ice-purple
EQT,Men,"https://stockx.imgix.net/adidas-EQT-Running-Support-Ice-Grey-Toro.jpg?fit=fill&bg=FFFFFF&w=300&h=214&auto=format,compress&trim=color&q=90&dpr=2&updated_at=1571262595",https://stockx.com/adidas-eqt-running-support-ice-grey-toro
EQT,Men,"https://stockx.imgix.net/adidas-EQT-Ultra-Trace-Green.jpg?fit=fill&bg=FFFFFF&w=300&h=214&auto=format,compress&trim=color&q=90&dpr=2&updated_at=1580161330",https://stockx.com/adidas-eqt-ultra-trace-green
EQT,Men,"https://stockx.imgix.net/Adidas-EQT-Support-RF-Milled-Leather-Black.png?fit=fill&bg=FFFFFF&w=300&h=214&auto=format,compress&trim=color&q=90&dpr=2&updated_at=1538080256",https://stockx.com/adidas-eqt-support-rf-milled-leather-black
EQT,Men,"https://stockx.imgix.net/Adidas-EQT-Support-93-17-Triple-Black.png?fit=fill&bg=FFFFFF&w=300&h=214&auto=format,compress&trim=color&q=90&dpr=2&updated_at=1538080256",https://stockx.com/adidas-eqt-support-93-17-triple-black
EQT,Men,"https://stockx.imgix.net/Adidas-EQT-Running-Support-93-Big-Apple-Bait-Product.jpg?fit=fill&bg=FFFFFF&w=300&h=214&auto=format,compress&trim=color&q=90&dpr=2&updated_at=1598377195",https://stockx.com/adidas-eqt-running-support-93-big-apple-bait
EQT,Men,"https://stockx.imgix.net/adidas-EQT-Support-93-17-White-Turbo-Red-Product.jpg?fit=fill&bg=FFFFFF&w=300&h=214&auto=format,compress&trim=color&q=90&dpr=2&updated_at=1598377218",https://stockx.com/adidas-eqt-support-93-17-white-turbo-red
EQT,Men,"https://stockx.imgix.net/Adidas-EQT-Support-Ultra-mastermind-Black-Product.jpg?fit=fill&bg=FFFFFF&w=300&h=214&auto=format,compress&trim=color&q=90&dpr=2&updated_at=1578691530",https://stockx.com/adidas-eqt-support-ultra-mastermind-black
EQT,Men,"https://stockx.imgix.net/Adidas-EQT-Cushion-Adv-Grey-Product.jpg?fit=fill&bg=FFFFFF&w=300&h=214&auto=format,compress&trim=color&q=90&dpr=2&updated_at=1583533502",https://stockx.com/adidas-eqt-cushion-adv-grey
EQT,Men,"https://stockx.imgix.net/adidas-EQT-Support-93-17-Welding-Pack-Core-Black-Product.jpg?fit=fill&bg=FFFFFF&w=300&h=214&auto=format,compress&trim=color&q=90&dpr=2&updated_at=1549049853",https://stockx.com/adidas-eqt-support-93-17-welding-pack-core-black
EQT,Men,"https://stockx.imgix.net/Adidas-Crazy-97-EQT-Kobe-Bryant-1997-Slam-Dunk-Contest-Product.jpg?fit=fill&bg=FFFFFF&w=300&h=214&auto=format,compress&trim=color&q=90&dpr=2&updated_at=1586293681",https://stockx.com/adidas-crazy-97-eqt-kobe-bryant-1997-slam-dunk-contest
EQT,Men,"https://stockx.imgix.net/adidas-EQT-Support-91-18-Alphatype.png?fit=fill&bg=FFFFFF&w=300&h=214&auto=format,compress&trim=color&q=90&dpr=2&updated_at=1542687576",https://stockx.com/adidas-eqt-support-91-18-alphatype
EQT,Men,"https://stockx.imgix.net/adidas-Eqt-Support-Mid-Adv-Pk-Black-Black-Sub-Green.jpg?fit=fill&bg=FFFFFF&w=300&h=214&auto=format,compress&trim=color&q=90&dpr=2&updated_at=1538080256",https://stockx.com/adidas-eqt-support-mid-adv-pk-black-black-sub-green
EQT,Men,"https://stockx.imgix.net/Adidas-EQT-Support-93-17-Welding-Pack-Grey-Two.png?fit=fill&bg=FFFFFF&w=300&h=214&auto=format,compress&trim=color&q=90&dpr=2&updated_at=1538080256",https://stockx.com/adidas-eqt-support-93-17-welding-pack-grey-two
EQT,Men,"https://stockx.imgix.net/Adidas-EQT-Support-Ultra-mastermind-Mystery-Ink.png?fit=fill&bg=FFFFFF&w=300&h=214&auto=format,compress&trim=color&q=90&dpr=2&updated_at=1538080256",https://stockx.com/adidas-eqt-support-ultra-mastermind-mystery-ink
EQT,Men,"https://stockx.imgix.net/Adidas-EQT-Basketball-Adv-Core-Black-Sub-Green.png?fit=fill&bg=FFFFFF&w=300&h=214&auto=format,compress&trim=color&q=90&dpr=2&updated_at=1538080256",https://stockx.com/adidas-eqt-basketball-adv-core-black-sub-green
EQT,Men,"https://stockx.imgix.net/adidas-EQT-Support-Mid-Adv-Glow.png?fit=fill&bg=FFFFFF&w=300&h=214&auto=format,compress&trim=color&q=90&dpr=2&updated_at=1538080256",https://stockx.com/adidas-eqt-support-mid-adv-glow
EQT,Men,"https://stockx.imgix.net/Adidas-EQT-Support-ADV-Overkill-Coat-Of-Arms.png?fit=fill&bg=FFFFFF&w=300&h=214&auto=format,compress&trim=color&q=90&dpr=2&updated_at=1538080256",https://stockx.com/adidas-eqt-support-adv-overkill-coat-of-arms-
EQT,Men,"https://stockx.imgix.net/Adidas-EQT-Support-93-17-Glitch-Pink-Black-W.png?fit=fill&bg=FFFFFF&w=300&h=214&auto=format,compress&trim=color&q=90&dpr=2&updated_at=1538080256",https://stockx.com/adidas-eqt-support-93-17-glitch-pink-black
EQT,Men,"https://stockx.imgix.net/Adidas-EQT-Cushion-ADV-Triple-Black.png?fit=fill&bg=FFFFFF&w=300&h=214&auto=format,compress&trim=color&q=90&dpr=2&updated_at=1538080256",https://stockx.com/adidas-eqt-cushion-adv-triple-black
EQT,Men,"https://stockx.imgix.net/Adidas-EQT-Support-ADV-Snakeskin-Chalk-White.png?fit=fill&bg=FFFFFF&w=300&h=214&auto=format,compress&trim=color&q=90&dpr=2&updated_at=1538080256",https://stockx.com/adidas-eqt-support-adv-snakeskin-chalk-white
EQT,Men,"https://stockx.imgix.net/Adidas-EQT-Support-93-London-Product.jpg?fit=fill&bg=FFFFFF&w=300&h=214&auto=format,compress&trim=color&q=90&dpr=2&updated_at=1581110770",https://stockx.com/adidas-eqt-support-93-london
EQT,Men,"https://stockx.imgix.net/Adidas-EQT-Support-93-17-Milled-Leather-Black.png?fit=fill&bg=FFFFFF&w=300&h=214&auto=format,compress&trim=color&q=90&dpr=2&updated_at=1538080256",https://stockx.com/adidas-eqt-support-93-17-milled-leather-black
EQT,Men,"https://stockx.imgix.net/Adidas-EQT-Support-ADV-Core-Black-Sub-Green.png?fit=fill&bg=FFFFFF&w=300&h=214&auto=format,compress&trim=color&q=90&dpr=2&updated_at=1538080256",https://stockx.com/adidas-eqt-support-adv-core-black-sub-green
EQT,Men,"https://stockx.imgix.net/Adidas-EQT-Cushion-Adv-White-Black-Royal.png?fit=fill&bg=FFFFFF&w=300&h=214&auto=format,compress&trim=color&q=90&dpr=2&updated_at=1538080256",https://stockx.com/adidas-eqt-cushion-adv-white-black-royal
EQT,Men,"https://stockx.imgix.net/adidas-EQT-Cushion-91-Packer-Shoes-Adventure.jpg?fit=fill&bg=FFFFFF&w=300&h=214&auto=format,compress&trim=color&q=90&dpr=2&updated_at=1540083115",https://stockx.com/adidas-eqt-cushion-91-packer-shoes-adventure
EQT,Men,"https://stockx.imgix.net/Adidas-EQT-Support-Adv-Primeknit-Black-White.png?fit=fill&bg=FFFFFF&w=300&h=214&auto=format,compress&trim=color&q=90&dpr=2&updated_at=1538080256",https://stockx.com/adidas-eqt-support-adv-primeknit-black-white
EQT,Men,"https://stockx.imgix.net/adidas-EQT-Support-ADV-Atmos-Product.jpg?fit=fill&bg=FFFFFF&w=300&h=214&auto=format,compress&trim=color&q=90&dpr=2&updated_at=1538080256",https://stockx.com/adidas-eqt-support-adv-atmos
EQT,Men,"https://stockx.imgix.net/adidas-EQT-Gazelle-Collegiate-Navy-Red-Gold.png?fit=fill&bg=FFFFFF&w=300&h=214&auto=format,compress&trim=color&q=90&dpr=2&updated_at=1562724762",https://stockx.com/adidas-eqt-gazelle-collegiate-navy-red-gold
EQT,Men,"https://stockx.imgix.net/Adidas-EQT-Support-Sock-Core-Black-Sub-Green.png?fit=fill&bg=FFFFFF&w=300&h=214&auto=format,compress&trim=color&q=90&dpr=2&updated_at=1538080256",https://stockx.com/adidas-eqt-support-sock-core-black-sub-green
EQT,Men,"https://stockx.imgix.net/Adidas-EQT-Support-93-17-Off-White-Product.jpg?fit=fill&bg=FFFFFF&w=300&h=214&auto=format,compress&trim=color&q=90&dpr=2&updated_at=1565620674",https://stockx.com/adidas-eqt-support-93-17-off-white
EQT,Men,"https://stockx.imgix.net/Adidas-EQT-Support-93-16-Avenue-Tan.png?fit=fill&bg=FFFFFF&w=300&h=214&auto=format,compress&trim=color&q=90&dpr=2&updated_at=1538080256",https://stockx.com/adidas-eqt-support-93-16-avenue-tan
EQT,Men,"https://stockx.imgix.net/Adidas-EQT-Running-Support-Highs-and-Lows.png?fit=fill&bg=FFFFFF&w=300&h=214&auto=format,compress&trim=color&q=90&dpr=2&updated_at=1538080256",https://stockx.com/adidas-eqt-running-support-highs-and-lows
EQT,Men,"https://stockx.imgix.net/Adidas-EQT-Support-Ronnie-Fieg-NYC-Bravest.jpg?fit=fill&bg=FFFFFF&w=300&h=214&auto=format,compress&trim=color&q=90&dpr=2&updated_at=1538080256",https://stockx.com/adidas-eqt-support-93-ronnie-fieg-nyc-bravest
EQT,Men,"https://stockx.imgix.net/Adidas-EQT-Support-ADV-Parley-Blue-Spirit.png?fit=fill&bg=FFFFFF&w=300&h=214&auto=format,compress&trim=color&q=90&dpr=2&updated_at=1538080256",https://stockx.com/adidas-eqt-support-adv-parley-blue-spirit
EQT,Men,"https://stockx.imgix.net/adidas-EQT-Support-Adv-Black-White-Gum.png?fit=fill&bg=FFFFFF&w=300&h=214&auto=format,compress&trim=color&q=90&dpr=2&updated_at=1538080256",https://stockx.com/adidas-eqt-support-adv-black-white-gum
EQT,Men,"https://stockx.imgix.net/adidas-EQT-Support-Mid-Adv-Core-Black-Carbon.png?fit=fill&bg=FFFFFF&w=300&h=214&auto=format,compress&trim=color&q=90&dpr=2&updated_at=1538567919",https://stockx.com/adidas-eqt-support-mid-adv-core-black-carbon
EQT,Men,"https://stockx.imgix.net/adidas-EQT-Support-Sock-Grey-Two-Sub-Green.png?fit=fill&bg=FFFFFF&w=300&h=214&auto=format,compress&trim=color&q=90&dpr=2&updated_at=1556133764",https://stockx.com/adidas-eqt-support-sock-grey-two-sub-green
EQT,Men,"https://stockx.imgix.net/Adidas-EQT-Running-Support-93-Packer-Shoes-Micropacer.jpg?fit=fill&bg=FFFFFF&w=300&h=214&auto=format,compress&trim=color&q=90&dpr=2&updated_at=1538080256",https://stockx.com/adidas-eqt-running-support-93-packer-shoes-micropacer
EQT,Men,"https://stockx.imgix.net/Adidas-EQT-Support-Ultra-Primeknit-Materials-Blue.png?fit=fill&bg=FFFFFF&w=300&h=214&auto=format,compress&trim=color&q=90&dpr=2&updated_at=1538080256",https://stockx.com/adidas-eqt-support-ultra-primeknit-materials-blue
EQT,Men,"https://stockx.imgix.net/Adidas-EQT-Support-RF-Core-Black-Turbo.png?fit=fill&bg=FFFFFF&w=300&h=214&auto=format,compress&trim=color&q=90&dpr=2&updated_at=1538080256",https://stockx.com/adidas-eqt-support-rf-core-black-turbo
EQT,Men,"https://stockx.imgix.net/adidas-Eqt-Support-Adv-Black-White-Black.jpg?fit=fill&bg=FFFFFF&w=300&h=214&auto=format,compress&trim=color&q=90&dpr=2&updated_at=1538080256",https://stockx.com/adidas-eqt-support-adv-black-white-black
EQT,Men,"https://stockx.imgix.net/Adidas-EQT-Support-ADV-Grey-Black-Turbo-Red.png?fit=fill&bg=FFFFFF&w=300&h=214&auto=format,compress&trim=color&q=90&dpr=2&updated_at=1538080256",https://stockx.com/adidas-eqt-support-adv-grey-black-turbo-red
EQT,Men,"https://stockx.imgix.net/Adidas-EQT-Support-93-16-White-Product.jpg?fit=fill&bg=FFFFFF&w=300&h=214&auto=format,compress&trim=color&q=90&dpr=2&updated_at=1552670898",https://stockx.com/adidas-eqt-support-93-16-white
EQT,Men,"https://stockx.imgix.net/adidas-EQT-Support-Mid-Adv-Camo-Trace-Khaki.png?fit=fill&bg=FFFFFF&w=300&h=214&auto=format,compress&trim=color&q=90&dpr=2&updated_at=1540948662",https://stockx.com/adidas-eqt-support-mid-adv-camo-trace-khaki
EQT,Men,"https://stockx.imgix.net/adidas-EQT-Bask-Adv-Billionaire-Boys-Club-x-Neighborhood.png?fit=fill&bg=FFFFFF&w=300&h=214&auto=format,compress&trim=color&q=90&dpr=2&updated_at=1538792887",https://stockx.com/adidas-eqt-bask-adv-billionaire-boys-club-x-neighborhood
EQT,Men,"https://stockx.imgix.net/Adidas-EQT-ADV-Support-910-White-Core-Black-Product.jpg?fit=fill&bg=FFFFFF&w=300&h=214&auto=format,compress&trim=color&q=90&dpr=2&updated_at=1598377195",https://stockx.com/adidas-eqt-support-adv-910-white-core-black
EQT,Men,"https://stockx.imgix.net/Adidas-EQT-Support-ADV-Core-Black-Green-Vintage-Product.jpg?fit=fill&bg=FFFFFF&w=300&h=214&auto=format,compress&trim=color&q=90&dpr=2&updated_at=1598377195",https://stockx.com/adidas-eqt-support-adv-core-black-sub-green-vintage-white
EQT,Men,"https://stockx.imgix.net/Adidas-EQT-Running-Guidance-93-Sneakers76.png?fit=fill&bg=FFFFFF&w=300&h=214&auto=format,compress&trim=color&q=90&dpr=2&updated_at=1538080256",https://stockx.com/adidas-eqt-running-guidance-93-sneakers76
EQT,Men,"https://stockx.imgix.net/adidas-EQT-Support-Mid-Adv-Core-Black-Trace-Pink-Product.jpg?fit=fill&bg=FFFFFF&w=300&h=214&auto=format,compress&trim=color&q=90&dpr=2&updated_at=1548138929",https://stockx.com/adidas-eqt-support-mid-adv-core-black-trace-pink
EQT,Men,"https://stockx.imgix.net/Adidas-EQT-Cushion-Adv-Collegiate-Royal.png?fit=fill&bg=FFFFFF&w=300&h=214&auto=format,compress&trim=color&q=90&dpr=2&updated_at=1538080256",https://stockx.com/adidas-eqt-cushion-adv-collegiate-royal
EQT,Men,"https://stockx.imgix.net/Adidas-EQT-Cushion-Adv-Black-White-Royal.png?fit=fill&bg=FFFFFF&w=300&h=214&auto=format,compress&trim=color&q=90&dpr=2&updated_at=1538080256",https://stockx.com/adidas-eqt-cushion-adv-black-white-royal
EQT,Men,"https://stockx.imgix.net/adidas-Eqt-Support-Adv-Pk-Running-White-Running-White-Sub-Green.jpg?fit=fill&bg=FFFFFF&w=300&h=214&auto=format,compress&trim=color&q=90&dpr=2&updated_at=1538080256",https://stockx.com/adidas-eqt-support-adv-pk-running-white-running-white-sub-green
EQT,Men,"https://stockx.imgix.net/Adidas-EQT-Running-Guidance-93-Solebox.jpg?fit=fill&bg=FFFFFF&w=300&h=214&auto=format,compress&trim=color&q=90&dpr=2&updated_at=1538080256",https://stockx.com/adidas-eqt-running-guidance-solebox
EQT,Men,"https://stockx-assets.imgix.net/media/New-Product-Placeholder-Default.jpg?auto=compress,format",https://stockx.com/adidas-eqt-racing-overkill-taxi
EQT,Men,"https://stockx.imgix.net/Adidas-EQT-Support-Mid-Adv-Black-Equipment-Yellow.png?fit=fill&bg=FFFFFF&w=300&h=214&auto=format,compress&trim=color&q=90&dpr=2&updated_at=1538080256",https://stockx.com/adidas-eqt-support-mid-adv-black-equipment-yellow
EQT,Men,"https://stockx.imgix.net/adidas-EQT-Support-93-17-Scarlet-Core-Black.png?fit=fill&bg=FFFFFF&w=300&h=214&auto=format,compress&trim=color&q=90&dpr=2&updated_at=1538080256",https://stockx.com/adidas-eqt-support-93-17-scarlet-core-black
EQT,Men,"https://stockx.imgix.net/Adidas-EQT-Support-93-16-Concepts-Sage.png?fit=fill&bg=FFFFFF&w=300&h=214&auto=format,compress&trim=color&q=90&dpr=2&updated_at=1538080256",https://stockx.com/adidas-eqt-support-93-16-concepts-sage
EQT,Men,"https://stockx.imgix.net/Adidas-EQT-Support-93-17-Grey-Heather.png?fit=fill&bg=FFFFFF&w=300&h=214&auto=format,compress&trim=color&q=90&dpr=2&updated_at=1538080256",https://stockx.com/adidas-eqt-support-93-17-grey-heather
EQT,Men,"https://stockx.imgix.net/Adidas-EQT-Support-ADV-Olive-Cargo.png?fit=fill&bg=FFFFFF&w=300&h=214&auto=format,compress&trim=color&q=90&dpr=2&updated_at=1538080256",https://stockx.com/adidas-eqt-support-adv-olive-cargo
EQT,Men,"https://stockx.imgix.net/adidas-EQT-Support-Mid-Adv-Alphatype.png?fit=fill&bg=FFFFFF&w=300&h=214&auto=format,compress&trim=color&q=90&dpr=2&updated_at=1542687577",https://stockx.com/adidas-eqt-support-mid-adv-alphatype
EQT,Men,"https://stockx.imgix.net/adidas-EQT-Support-Mid-Adv-Talc-Clear-Mint.png?fit=fill&bg=FFFFFF&w=300&h=214&auto=format,compress&trim=color&q=90&dpr=2&updated_at=1538080256",https://stockx.com/adidas-eqt-support-mid-adv-talc-clear-mint
EQT,Men,"https://stockx.imgix.net/Adidas-EQT-Support-RF-White-Camo.png?fit=fill&bg=FFFFFF&w=300&h=214&auto=format,compress&trim=color&q=90&dpr=2&updated_at=1538080256",https://stockx.com/adidas-eqt-support-rf-white-camo
EQT,Men,"https://stockx.imgix.net/adidas-EQT-Gazelle-Semi-Coral-Active-Purple.png?fit=fill&bg=FFFFFF&w=300&h=214&auto=format,compress&trim=color&q=90&dpr=2&updated_at=1562724761",https://stockx.com/adidas-eqt-gazelle-semi-coral-active-purple
EQT,Men,"https://stockx.imgix.net/adidas-EQT-Bask-ADV-White-Red.jpg?fit=fill&bg=FFFFFF&w=300&h=214&auto=format,compress&trim=color&q=90&dpr=2&updated_at=1574371289",https://stockx.com/adidas-eqt-bask-adv-white-red
EQT,Men,"https://stockx.imgix.net/Adidas-EQT-Support-93-17-JD-Sports-Burgundy-Suede.png?fit=fill&bg=FFFFFF&w=300&h=214&auto=format,compress&trim=color&q=90&dpr=2&updated_at=1538080256",https://stockx.com/adidas-eqt-support-93-17-jd-sports-burgundy-suede
EQT,Men,"https://stockx.imgix.net/Adidas-EQT-Guidance-93-Malt.jpg?fit=fill&bg=FFFFFF&w=300&h=214&auto=format,compress&trim=color&q=90&dpr=2&updated_at=1538080256",https://stockx.com/adidas-eqt-guidance-93-malt
EQT,Men,"https://stockx.imgix.net/Adidas-EQT-Running-Guidance-White-Red-Black.jpg?fit=fill&bg=FFFFFF&w=300&h=214&auto=format,compress&trim=color&q=90&dpr=2&updated_at=1573609852",https://stockx.com/adidas-eqt-running-guidance-white-red-black
EQT,Men,"https://stockx.imgix.net/Adidas-EQT-Support-ADV-Core-Black-Turbo-White.png?fit=fill&bg=FFFFFF&w=300&h=214&auto=format,compress&trim=color&q=90&dpr=2&updated_at=1538080256",https://stockx.com/adidas-eqt-support-adv-core-black-turbo-white
EQT,Men,"https://stockx.imgix.net/Adidas-EQT-Running-Support-93-Tokyo.jpg?fit=fill&bg=FFFFFF&w=300&h=214&auto=format,compress&trim=color&q=90&dpr=2&updated_at=1538080256",https://stockx.com/adidas-eqt-running-support-93-tokyo
EQT,Men,"https://stockx.imgix.net/Adidas-EQT-Support-Ultra-Vintage-White.png?fit=fill&bg=FFFFFF&w=300&h=214&auto=format,compress&trim=color&q=90&dpr=2&updated_at=1538080256",https://stockx.com/adidas-eqt-support-ultra-vintage-white
EQT,Men,"https://stockx.imgix.net/adidas-EQT-Running-Support-White-Green-Lead.jpg?fit=fill&bg=FFFFFF&w=300&h=214&auto=format,compress&trim=color&q=90&dpr=2&updated_at=1571262594",https://stockx.com/adidas-eqt-running-support-white-green-lead
EQT,Men,"https://stockx.imgix.net/Adidas-EQT-Running-Support-Wool.png?fit=fill&bg=FFFFFF&w=300&h=214&auto=format,compress&trim=color&q=90&dpr=2&updated_at=1538080256",https://stockx.com/adidas-eqt-running-support-wool
EQT,Men,"https://stockx.imgix.net/Adidas-EQT-Support-ADV-Grey-Turbo-White-Product.jpg?fit=fill&bg=FFFFFF&w=300&h=214&auto=format,compress&trim=color&q=90&dpr=2&updated_at=1562948358",https://stockx.com/adidas-eqt-support-adv-grey-turbo-white
EQT,Men,"https://stockx.imgix.net/adidas-EQT-Support-ADV-Real-Coral.jpg?fit=fill&bg=FFFFFF&w=300&h=214&auto=format,compress&trim=color&q=90&dpr=2&updated_at=1561164980",https://stockx.com/adidas-eqt-support-adv-real-coral
EQT,Men,"https://stockx.imgix.net/Adidas-EQT-Support-Mid-Adv-SNS-EQT-Adv-Pack.png?fit=fill&bg=FFFFFF&w=300&h=214&auto=format,compress&trim=color&q=90&dpr=2&updated_at=1538080256",https://stockx.com/adidas-eqt-support-mid-adv-sns-eqt-adv-pack
EQT,Men,"https://stockx.imgix.net/Adidas-EQT-Support-Ultra-Primeknit-Vintage-White.png?fit=fill&bg=FFFFFF&w=300&h=214&auto=format,compress&trim=color&q=90&dpr=2&updated_at=1538080256",https://stockx.com/adidas-eqt-support-ultra-primeknit-vintage-white
EQT,Men,"https://stockx.imgix.net/Adidas-EQT-Support-93-17-Berlin-BVG.png?fit=fill&bg=FFFFFF&w=300&h=214&auto=format,compress&trim=color&q=90&dpr=2&updated_at=1538080256",https://stockx.com/adidas-eqt-support-93-17-berlin-bvg
EQT,Men,"https://stockx.imgix.net/Adidas-EQT-Support-93-16-Sub-Green.png?fit=fill&bg=FFFFFF&w=300&h=214&auto=format,compress&trim=color&q=90&dpr=2&updated_at=1538080256",https://stockx.com/adidas-eqt-support-93-16-sub-green
EQT,Men,"https://stockx.imgix.net/adidas-EQT-Cushion-2-Easy-Yellow-Grey-Two.png?fit=fill&bg=FFFFFF&w=300&h=214&auto=format,compress&trim=color&q=90&dpr=2&updated_at=1556075665",https://stockx.com/adidas-eqt-cushion-2-easy-yellow-grey-two
EQT,Men,"https://stockx.imgix.net/Adidas-EQT-Basketball-Adv-Collegiate-Navy-Real-Coral.png?fit=fill&bg=FFFFFF&w=300&h=214&auto=format,compress&trim=color&q=90&dpr=2&updated_at=1538080256",https://stockx.com/adidas-eqt-basketball-adv-collegiate-navy-real-coral
EQT,Men,"https://stockx.imgix.net/Adidas-EQT-Support-Adv-Kinetic-Maroon-Grey.png?fit=fill&bg=FFFFFF&w=300&h=214&auto=format,compress&trim=color&q=90&dpr=2&updated_at=1538080256",https://stockx.com/adidas-eqt-support-adv-kinetic-maroon-grey
EQT,Men,"https://stockx.imgix.net/adidas-EQT-Support-Adv-Grey-Three-Cloud-White.png?fit=fill&bg=FFFFFF&w=300&h=214&auto=format,compress&trim=color&q=90&dpr=2&updated_at=1563396569",https://stockx.com/adidas-eqt-support-adv-greythree-cloud-white
EQT,Men,"https://stockx.imgix.net/adidas-EQT-Support-Ultraboost-Clay-Cream.jpg?fit=fill&bg=FFFFFF&w=300&h=214&auto=format,compress&trim=color&q=90&dpr=2&updated_at=1580161327",https://stockx.com/adidas-eqt-support-ultraboost-clay-cream
EQT,Men,"https://stockx.imgix.net/adidas-Equipment-Running-Support-Clear-Pink.jpg?fit=fill&bg=FFFFFF&w=300&h=214&auto=format,compress&trim=color&q=90&dpr=2&updated_at=1574371287",https://stockx.com/adidas-equipment-running-support-clear-pink
EQT,Men,"https://stockx.imgix.net/Adidas-EQT-Running-Support-Palace-Fluro-Yellow.png?fit=fill&bg=FFFFFF&w=300&h=214&auto=format,compress&trim=color&q=90&dpr=2&updated_at=1538080256",https://stockx.com/adidas-eqt-running-support-palace-fluro-yellow
EQT,Men,"https://stockx.imgix.net/Adidas-EQT-Support-ADV-Static-Grey.jpg?fit=fill&bg=FFFFFF&w=300&h=214&auto=format,compress&trim=color&q=90&dpr=2&updated_at=1538145462",https://stockx.com/adidas-eqt-support-adv-static-grey
EQT,Men,"https://stockx.imgix.net/Adidas-EQT-Primeknit-Pack-Black-F15.jpg?fit=fill&bg=FFFFFF&w=300&h=214&auto=format,compress&trim=color&q=90&dpr=2&updated_at=1538080256",https://stockx.com/adidas-eqt-primeknit-pack-black-f15
EQT,Men,"https://stockx.imgix.net/Adidas-EQT-Support-ADV-Clear-Brown.png?fit=fill&bg=FFFFFF&w=300&h=214&auto=format,compress&trim=color&q=90&dpr=2&updated_at=1538080256",https://stockx.com/adidas-eqt-support-adv-clear-brown
EQT,Men,"https://stockx.imgix.net/Adidas-EQT-Support-93-Oddity-Luxe-Product.jpg?fit=fill&bg=FFFFFF&w=300&h=214&auto=format,compress&trim=color&q=90&dpr=2&updated_at=1598377195",https://stockx.com/adidas-eqt-support-93-oddity-luxe
EQT,Men,"https://stockx.imgix.net/Adidas-EQT-Support-Ultra-Primeknit-Materials-White.png?fit=fill&bg=FFFFFF&w=300&h=214&auto=format,compress&trim=color&q=90&dpr=2&updated_at=1538080256",https://stockx.com/adidas-eqt-support-ultra-primeknit-materials-white
EQT,Men,"https://stockx.imgix.net/Adidas-EQT-Support-RF-Footwear-White.png?fit=fill&bg=FFFFFF&w=300&h=214&auto=format,compress&trim=color&q=90&dpr=2&updated_at=1538080256",https://stockx.com/adidas-eqt-support-rf-footwear-white
EQT,Men,"https://stockx.imgix.net/Adidas-EQT-Support-93-Xeno.png?fit=fill&bg=FFFFFF&w=300&h=214&auto=format,compress&trim=color&q=90&dpr=2&updated_at=1538080256",https://stockx.com/adidas-eqt-support-93-xeno
EQT,Men,"https://stockx.imgix.net/Adidas-EQT-Running-Support-93-Packer-Shoes-SL80.jpg?fit=fill&bg=FFFFFF&w=300&h=214&auto=format,compress&trim=color&q=90&dpr=2&updated_at=1538080256",https://stockx.com/adidas-eqt-running-support-93-packer-shoes-sl80
EQT,Men,"https://stockx.imgix.net/adidas-EQT-Support-Adv-Summer-Spice.png?fit=fill&bg=FFFFFF&w=300&h=214&auto=format,compress&trim=color&q=90&dpr=2&updated_at=1538080256",https://stockx.com/adidas-eqt-support-adv-summer-spice
EQT,Men,"https://stockx.imgix.net/Adidas-EQT-Running-White-Mountaineering.png?fit=fill&bg=FFFFFF&w=300&h=214&auto=format,compress&trim=color&q=90&dpr=2&updated_at=1538080256",https://stockx.com/adidas-eqt-running-white-mountaineering
EQT,Men,"https://stockx.imgix.net/Adidas-EQT-Basketball-Adv-Triple-White.png?fit=fill&bg=FFFFFF&w=300&h=214&auto=format,compress&trim=color&q=90&dpr=2&updated_at=1538080256",https://stockx.com/adidas-eqt-basketball-adv-triple-white
EQT,Men,"https://stockx.imgix.net/Adidas-EQT-Support-Ultra-Frozen-Yellow.png?fit=fill&bg=FFFFFF&w=300&h=214&auto=format,compress&trim=color&q=90&dpr=2&updated_at=1538080256",https://stockx.com/adidas-eqt-support-ultra-frozen-yellow
EQT,Men,"https://stockx.imgix.net/Adidas-EQT-Support-ADV-Xeno.png?fit=fill&bg=FFFFFF&w=300&h=214&auto=format,compress&trim=color&q=90&dpr=2&updated_at=1538080256",https://stockx.com/adidas-eqt-support-adv-xeno
EQT,Men,"https://stockx.imgix.net/Adidas-EQT-Support-RF-Turbo-Pink-White.png?fit=fill&bg=FFFFFF&w=300&h=214&auto=format,compress&trim=color&q=90&dpr=2&updated_at=1538080256",https://stockx.com/adidas-eqt-support-rf-turbo-pink-white
EQT,Men,"https://stockx.imgix.net/adidas-EQT-Support-Adv-Chalk-Pearl.png?fit=fill&bg=FFFFFF&w=300&h=214&auto=format,compress&trim=color&q=90&dpr=2&updated_at=1541807044",https://stockx.com/adidas-eqt-support-adv-chalk-pearl
EQT,Men,"https://stockx.imgix.net/Adidas-EQT-Cushion-Adv-White-Equipment-Yellow.png?fit=fill&bg=FFFFFF&w=300&h=214&auto=format,compress&trim=color&q=90&dpr=2&updated_at=1538080256",https://stockx.com/adidas-eqt-cushion-adv-white-equipment-yellow
EQT,Men,"https://stockx.imgix.net/adidas-EQT-Support-Mid-Adv-Cloud-White.png?fit=fill&bg=FFFFFF&w=300&h=214&auto=format,compress&trim=color&q=90&dpr=2&updated_at=1538567920",https://stockx.com/adidas-eqt-support-mid-adv-cloud-white
EQT,Men,"https://stockx.imgix.net/Adidas-EQT-Running-Support-Night-Navy.png?fit=fill&bg=FFFFFF&w=300&h=214&auto=format,compress&trim=color&q=90&dpr=2&updated_at=1538080256",https://stockx.com/adidas-eqt-running-support-night-navy
EQT,Men,"https://stockx.imgix.net/Adidas-EQT-Support-ADV-Static-Blue.png?fit=fill&bg=FFFFFF&w=300&h=214&auto=format,compress&trim=color&q=90&dpr=2&updated_at=1538080256",https://stockx.com/adidas-eqt-support-adv-static-blue
EQT,Men,"https://stockx.imgix.net/adidas-EQT-Support-Adv-Mystery-Ink.png?fit=fill&bg=FFFFFF&w=300&h=214&auto=format,compress&trim=color&q=90&dpr=2&updated_at=1538609086",https://stockx.com/adidas-eqt-support-adv-mystery-ink
EQT,Men,"https://stockx.imgix.net/adidas-EQT-Gazelle-Collegiate-Navy.png?fit=fill&bg=FFFFFF&w=300&h=214&auto=format,compress&trim=color&q=90&dpr=2&updated_at=1562724759",https://stockx.com/adidas-eqt-gazelle-collegiate-navy
EQT,Men,"https://stockx.imgix.net/Adidas-EQT-Support-Adv-Grey-Two.png?fit=fill&bg=FFFFFF&w=300&h=214&auto=format,compress&trim=color&q=90&dpr=2&updated_at=1538080256",https://stockx.com/adidas-eqt-support-adv-grey-two
EQT,Men,"https://stockx.imgix.net/Adidas-EQT-Guidance-SNS-All-Gold.jpg?fit=fill&bg=FFFFFF&w=300&h=214&auto=format,compress&trim=color&q=90&dpr=2&updated_at=1538080256",https://stockx.com/adidas-eqt-guidance-sneakersnstuff-all-gold
EQT,Men,"https://stockx.imgix.net/Adidas-EQT-Support-93-17-Oddities.png?fit=fill&bg=FFFFFF&w=300&h=214&auto=format,compress&trim=color&q=90&dpr=2&updated_at=1538080256",https://stockx.com/adidas-eqt-support-93-17-oddities
EQT,Men,"https://stockx.imgix.net/Adidas-EQT-Support-ADV-Parley-Legend-Ink.png?fit=fill&bg=FFFFFF&w=300&h=214&auto=format,compress&trim=color&q=90&dpr=2&updated_at=1538080256",https://stockx.com/adidas-eqt-support-adv-parley-legend-ink
EQT,Men,"https://stockx.imgix.net/Adidas-EQT-Support-ADV-91-16-Art-Basel-Product.jpg?fit=fill&bg=FFFFFF&w=300&h=214&auto=format,compress&trim=color&q=90&dpr=2&updated_at=1598377218",https://stockx.com/adidas-eqt-support-adv-91-16-art-basel
EQT,Men,"https://stockx.imgix.net/Adidas-EQT-Support-RF-Primeknit-Black-White.png?fit=fill&bg=FFFFFF&w=300&h=214&auto=format,compress&trim=color&q=90&dpr=2&updated_at=1538080256",https://stockx.com/adidas-eqt-support-rf-primeknit-black-white
EQT,Men,"https://stockx.imgix.net/Adidas-EQT-Support-93-16-Solid-Grey.png?fit=fill&bg=FFFFFF&w=300&h=214&auto=format,compress&trim=color&q=90&dpr=2&updated_at=1538080256",https://stockx.com/adidas-eqt-support-93-16-solid-grey
EQT,Men,"https://stockx.imgix.net/Adidas-EQT-Support-ADV-Milled-Leather-Black.png?fit=fill&bg=FFFFFF&w=300&h=214&auto=format,compress&trim=color&q=90&dpr=2&updated_at=1538080256",https://stockx.com/adidas-eqt-support-adv-milled-leather-black
EQT,Men,"https://stockx.imgix.net/adidas-Equipment-Racing-93-PK-Sub-Green.jpg?fit=fill&bg=FFFFFF&w=300&h=214&auto=format,compress&trim=color&q=90&dpr=2&updated_at=1574371287",https://stockx.com/adidas-equipment-racing-93-pk-sub-green
EQT,Men,"https://stockx.imgix.net/adidas-EQT-Support-Adv-Core-Black-Dark-Solid-Grey.png?fit=fill&bg=FFFFFF&w=300&h=214&auto=format,compress&trim=color&q=90&dpr=2&updated_at=1547095503",https://stockx.com/adidas-eqt-support-adv-core-black-dark-solid-grey
EQT,Men,"https://stockx.imgix.net/adidas-EQT-Support-93-Olive-Green.png?fit=fill&bg=FFFFFF&w=300&h=214&auto=format,compress&trim=color&q=90&dpr=2&updated_at=1546067181",https://stockx.com/adidas-eqt-support-93-olive-green
EQT,Men,"https://stockx.imgix.net/Adidas-EQT-Support-Ultra-Milled-Leather-Black.png?fit=fill&bg=FFFFFF&w=300&h=214&auto=format,compress&trim=color&q=90&dpr=2&updated_at=1538080256",https://stockx.com/adidas-eqt-support-ultra-milled-leather-black
EQT,Men,"https://stockx.imgix.net/Adidas-EQT-Support-ADV-Collegiate-Royal.png?fit=fill&bg=FFFFFF&w=300&h=214&auto=format,compress&trim=color&q=90&dpr=2&updated_at=1538080256",https://stockx.com/adidas-eqt-support-adv-collegiate-royal
EQT,Men,"https://stockx.imgix.net/adidas-EQT-Support-Adv-Crystal-White-Light-Solid-Grey.png?fit=fill&bg=FFFFFF&w=300&h=214&auto=format,compress&trim=color&q=90&dpr=2&updated_at=1538080256",https://stockx.com/adidas-eqt-support-adv-crystal-white-light-solid-grey
EQT,Men,"https://stockx.imgix.net/Adidas-EQT-Basketball-Adv-Onix.png?fit=fill&bg=FFFFFF&w=300&h=214&auto=format,compress&trim=color&q=90&dpr=2&updated_at=1538080256",https://stockx.com/adidas-eqt-basketball-adv-onix
EQT,Men,"https://stockx.imgix.net/Adidas-EQT-Support-Future-Overkill-Coat-Of-Arms-Product.jpg?fit=fill&bg=FFFFFF&w=300&h=214&auto=format,compress&trim=color&q=90&dpr=2&updated_at=1538080256",https://stockx.com/adidas-eqt-support-future-overkill-coat-of-arms-
EQT,Men,"https://stockx.imgix.net/Adidas-EQT-Support-93-17-Red-Carpet-Pack-Black-Product.jpg?fit=fill&bg=FFFFFF&w=300&h=214&auto=format,compress&trim=color&q=90&dpr=2&updated_at=1543951736",https://stockx.com/adidas-eqt-support-93-17-red-carpet-pack-black
EQT,Men,"https://stockx.imgix.net/Adidas-EQT-Support-93-17-White-Royal-Product.jpg?fit=fill&bg=FFFFFF&w=300&h=214&auto=format,compress&trim=color&q=90&dpr=2&updated_at=1582323566",https://stockx.com/adidas-eqt-support-93-17-white-royal
EQT,Men,"https://stockx.imgix.net/Adidas-EQT-Support-93-17-Mid-Mastermind-Black-Product.jpg?fit=fill&bg=FFFFFF&w=300&h=214&auto=format,compress&trim=color&q=90&dpr=2&updated_at=1549049653",https://stockx.com/adidas-eqt-support-93-17-mid-mastermind-black
EQT,Men,"https://stockx.imgix.net/adidas-EQT-Cushion-Adv-Core-Black-Turbo.png?fit=fill&bg=FFFFFF&w=300&h=214&auto=format,compress&trim=color&q=90&dpr=2&updated_at=1539047256",https://stockx.com/adidas-eqt-cushion-adv-core-black-turbo
EQT,Men,"https://stockx.imgix.net/Adidas-EQT-Support-93-17-Red-Carpet-Pack-Grey-Product.jpg?fit=fill&bg=FFFFFF&w=300&h=214&auto=format,compress&trim=color&q=90&dpr=2&updated_at=1574449936",https://stockx.com/adidas-eqt-support-93-17-red-carpet-pack-grey
EQT,Men,"https://stockx.imgix.net/adidas-EQT-Support-91-18-Hi-Res-Grey.jpg?fit=fill&bg=FFFFFF&w=300&h=214&auto=format,compress&trim=color&q=90&dpr=2&updated_at=1565906002",https://stockx.com/adidas-eqt-support-91-18-hi-res-grey
EQT,Men,"https://stockx.imgix.net/Adidas-EQT-Support-ADV-Undefeated-Product.jpg?fit=fill&bg=FFFFFF&w=300&h=214&auto=format,compress&trim=color&q=90&dpr=2&updated_at=1598377218",https://stockx.com/adidas-eqt-support-adv-undefeated
EQT,Men,"https://stockx.imgix.net/Adidas-EQT-Support-Sock-Core-Black-Grey-One.png?fit=fill&bg=FFFFFF&w=300&h=214&auto=format,compress&trim=color&q=90&dpr=2&updated_at=1538080256",https://stockx.com/adidas-eqt-support-sock-core-black-grey-one
EQT,Men,"https://stockx.imgix.net/Adidas-EQT-Guidance-93-SNS-Tee-Time.jpg?fit=fill&bg=FFFFFF&w=300&h=214&auto=format,compress&trim=color&q=90&dpr=2&updated_at=1538080256",https://stockx.com/adidas-eqt-guidance-93-sneakersnstuff-tee-time
EQT,Men,"https://stockx.imgix.net/Adidas-EQT-Support-ADV-Bold-Orange.png?fit=fill&bg=FFFFFF&w=300&h=214&auto=format,compress&trim=color&q=90&dpr=2&updated_at=1538080256",https://stockx.com/adidas-eqt-support-adv-grey-bold-orange
EQT,Men,"https://stockx.imgix.net/Adidas-EQT-Cushion-ADV-North-America.png?fit=fill&bg=FFFFFF&w=300&h=214&auto=format,compress&trim=color&q=90&dpr=2&updated_at=1538080256",https://stockx.com/adidas-eqt-cushion-adv-north-america
EQT,Men,"https://stockx.imgix.net/Adidas-EQT-Cushion-ADV-Core-Black.png?fit=fill&bg=FFFFFF&w=300&h=214&auto=format,compress&trim=color&q=90&dpr=2&updated_at=1538080256",https://stockx.com/adidas-eqt-cushion-adv-core-black
EQT,Men,"https://stockx.imgix.net/Adidas-EQT-Cushion-Foot-Patrol-Product.jpg?fit=fill&bg=FFFFFF&w=300&h=214&auto=format,compress&trim=color&q=90&dpr=2&updated_at=1576006585",https://stockx.com/adidas-eqt-cushion-footpatrol
EQT,Men,"https://stockx.imgix.net/Adidas-EQT-Support-ADV-White-Black.png?fit=fill&bg=FFFFFF&w=300&h=214&auto=format,compress&trim=color&q=90&dpr=2&updated_at=1538080256",https://stockx.com/adidas-eqt-support-adv-white-black
EQT,Men,"https://stockx.imgix.net/Adidas-EQT-Support-93-16-Concepts-Black.png?fit=fill&bg=FFFFFF&w=300&h=214&auto=format,compress&trim=color&q=90&dpr=2&updated_at=1538080256",https://stockx.com/adidas-eqt-support-93-16-concepts-black
EQT,Men,"https://stockx.imgix.net/Adidas-EQT-Support-Ultra-Core-Black.png?fit=fill&bg=FFFFFF&w=300&h=214&auto=format,compress&trim=color&q=90&dpr=2&updated_at=1538080256",https://stockx.com/adidas-eqt-support-ultra-core-black
EQT,Men,"https://stockx.imgix.net/Adidas-EQT-Support-Adv-Olive.png?fit=fill&bg=FFFFFF&w=300&h=214&auto=format,compress&trim=color&q=90&dpr=2&updated_at=1538080256",https://stockx.com/adidas-eqt-support-adv-olive
EQT,Men,"https://stockx.imgix.net/adidas-ZX-930-x-EQT-Never-Made-Pack-Triple-White.png?fit=fill&bg=FFFFFF&w=300&h=214&auto=format,compress&trim=color&q=90&dpr=2&updated_at=1541738428",https://stockx.com/adidas-zx-930-x-eqt-never-made-pack-triple-white
EQT,Men,"https://stockx.imgix.net/Adidas-EQT-Support-ADV-Adventure-Winter-Scarlet.png?fit=fill&bg=FFFFFF&w=300&h=214&auto=format,compress&trim=color&q=90&dpr=2&updated_at=1538080256",https://stockx.com/adidas-eqt-support-adv-adventure-winter-scarlet
EQT,Men,"https://stockx.imgix.net/adidas-EQT-Support-Mid-Adv-Grey.png?fit=fill&bg=FFFFFF&w=300&h=214&auto=format,compress&trim=color&q=90&dpr=2&updated_at=1556133675",https://stockx.com/adidas-eqt-support-mid-adv-grey
EQT,Men,"https://stockx.imgix.net/Adidas-EQT-Support-Ultra-Core-Black-Turbo.png?fit=fill&bg=FFFFFF&w=300&h=214&auto=format,compress&trim=color&q=90&dpr=2&updated_at=1538080256",https://stockx.com/adidas-eqt-support-ultra-core-black-turbo
EQT,Men,"https://stockx.imgix.net/Adidas-EQT-Support-ADV-Tri-Color-Stripes-Camo.png?fit=fill&bg=FFFFFF&w=300&h=214&auto=format,compress&trim=color&q=90&dpr=2&updated_at=1538080256",https://stockx.com/adidas-eqt-support-adv-tri-color-stripes-camo
EQT,Men,"https://stockx.imgix.net/Adidas-EQT-Support-ADV-White-Turbo.png?fit=fill&bg=FFFFFF&w=300&h=214&auto=format,compress&trim=color&q=90&dpr=2&updated_at=1538080256",https://stockx.com/adidas-eqt-support-adv-white-turbo
EQT,Men,"https://stockx.imgix.net/Adidas-EQT-Support-93-RF-Frozen-Green.png?fit=fill&bg=FFFFFF&w=300&h=214&auto=format,compress&trim=color&q=90&dpr=2&updated_at=1538080256",https://stockx.com/adidas-eqt-support-93-rf-frozen-green
EQT,Men,"https://stockx.imgix.net/Adidas-EQT-Support-ADV-Triple-Black.jpg?fit=fill&bg=FFFFFF&w=300&h=214&auto=format,compress&trim=color&q=90&dpr=2&updated_at=1538080256",https://stockx.com/adidas-eqt-support-adv-triple-black
EQT,Men,"https://stockx.imgix.net/Adidas-EQT-Support-RF-Core-Black-Camo.png?fit=fill&bg=FFFFFF&w=300&h=214&auto=format,compress&trim=color&q=90&dpr=2&updated_at=1538080256",https://stockx.com/adidas-eqt-support-rf-core-black-camo
EQT,Men,"https://stockx.imgix.net/Adidas-EQT-Support-ADV-Power-Blue.png?fit=fill&bg=FFFFFF&w=300&h=214&auto=format,compress&trim=color&q=90&dpr=2&updated_at=1538080256",https://stockx.com/adidas-eqt-support-adv-power-blue
EQT,Men,"https://stockx.imgix.net/Adidas-EQT-Primeknit-Pack-Grey-F15.jpg?fit=fill&bg=FFFFFF&w=300&h=214&auto=format,compress&trim=color&q=90&dpr=2&updated_at=1538080256",https://stockx.com/adidas-eqt-primeknit-pack-grey-f15
EQT,Men,"https://stockx.imgix.net/Adidas-EQT-Support-ADV-Core-Black-Turbo-2.png?fit=fill&bg=FFFFFF&w=300&h=214&auto=format,compress&trim=color&q=90&dpr=2&updated_at=1538080256",https://stockx.com/adidas-eqt-support-adv-core-black-turbo-black
EQT,Men,"https://stockx.imgix.net/Adidas-Tubular-Doom-EQT-Pink.jpg?fit=fill&bg=FFFFFF&w=300&h=214&auto=format,compress&trim=color&q=90&dpr=2&updated_at=1538080256",https://stockx.com/adidas-tubular-doom-eqt-pink
EQT,Men,"https://stockx.imgix.net/adidas-EQT-Support-Adv-Shadow-Green.png?fit=fill&bg=FFFFFF&w=300&h=214&auto=format,compress&trim=color&q=90&dpr=2&updated_at=1547612116",https://stockx.com/adidas-eqt-support-adv-shadow-green
EQT,Men,"https://stockx.imgix.net/adidas-EQT-Support-Sock-Cloud-White-Core-Black-Product.jpg?fit=fill&bg=FFFFFF&w=300&h=214&auto=format,compress&trim=color&q=90&dpr=2&updated_at=1561401541",https://stockx.com/adidas-eqt-support-sock-cloud-white-core-black
EQT,Men,"https://stockx.imgix.net/Adidas-EQT-3-3-F15-OG-Pack-Sub-Green.png?fit=fill&bg=FFFFFF&w=300&h=214&auto=format,compress&trim=color&q=90&dpr=2&updated_at=1538080256",https://stockx.com/adidas-eqt-3-3-f15-og-pack-sub-green
EQT,Men,"https://stockx.imgix.net/Adidas-EQT-Support-Ultra-Bold-Orange.png?fit=fill&bg=FFFFFF&w=300&h=214&auto=format,compress&trim=color&q=90&dpr=2&updated_at=1538080256",https://stockx.com/adidas-eqt-support-ultra-bold-orange
EQT,Men,"https://stockx.imgix.net/Adidas-EQT-Basketball-Adv-Triple-Black.png?fit=fill&bg=FFFFFF&w=300&h=214&auto=format,compress&trim=color&q=90&dpr=2&updated_at=1538080256",https://stockx.com/adidas-eqt-basketball-adv-triple-black
EQT,Men,"https://stockx.imgix.net/Adidas-EQT-Support-Adv-Clear-Onix-White.png?fit=fill&bg=FFFFFF&w=300&h=214&auto=format,compress&trim=color&q=90&dpr=2&updated_at=1538080256",https://stockx.com/adidas-eqt-support-adv-clear-onix-white
EQT,Men,"https://stockx.imgix.net/Adidas-EQT-Running-Support-Palace-Navy.png?fit=fill&bg=FFFFFF&w=300&h=214&auto=format,compress&trim=color&q=90&dpr=2&updated_at=1538080256",https://stockx.com/adidas-eqt-running-support-palace-navy
EQT,Men,"https://stockx.imgix.net/adidas-EQT-Support-RF-Grey-Two.jpg?fit=fill&bg=FFFFFF&w=300&h=214&auto=format,compress&trim=color&q=90&dpr=2&updated_at=1574022539",https://stockx.com/adidas-eqt-support-rf-grey-two
EQT,Men,"https://stockx.imgix.net/Adidas-EQT-2-3-F15-Athleisure-Core-Black.jpg?fit=fill&bg=FFFFFF&w=300&h=214&auto=format,compress&trim=color&q=90&dpr=2&updated_at=1551284470",https://stockx.com/adidas-eqt-2-3-f15-athleisure-core-black
EQT,Men,"https://stockx.imgix.net/Adidas-EQT-Cushion-ADV-Europe-Class-of-91.png?fit=fill&bg=FFFFFF&w=300&h=214&auto=format,compress&trim=color&q=90&dpr=2&updated_at=1538080256",https://stockx.com/adidas-eqt-cushion-adv-europe-class-of-91
EQT,Men,"https://stockx.imgix.net/Adidas-EQT-Support-ADV-Black-White.png?fit=fill&bg=FFFFFF&w=300&h=214&auto=format,compress&trim=color&q=90&dpr=2&updated_at=1538080256",https://stockx.com/adidas-eqt-support-adv-black-white
EQT,Men,"https://stockx.imgix.net/Adidas-EQT-Support-ADV-LGBT-Pride.png?fit=fill&bg=FFFFFF&w=300&h=214&auto=format,compress&trim=color&q=90&dpr=2&updated_at=1538080256",https://stockx.com/adidas-eqt-support-adv-lgbt-pride
EQT,Men,"https://stockx.imgix.net/Adidas-EQT-Cushion-Adv-size-Brown-Gold.png?fit=fill&bg=FFFFFF&w=300&h=214&auto=format,compress&trim=color&q=90&dpr=2&updated_at=1538080256",https://stockx.com/adidas-eqt-cushion-adv-size-brown-gold
EQT,Men,"https://stockx.imgix.net/Adidas-EQT-Cushion-Adv-White-Black-Scarlet.png?fit=fill&bg=FFFFFF&w=300&h=214&auto=format,compress&trim=color&q=90&dpr=2&updated_at=1538080256",https://stockx.com/adidas-eqt-cushion-adv-white-black-scarlet
EQT,Men,"https://stockx.imgix.net/adidas-EQT-Support-Adv-White-Camo.png?fit=fill&bg=FFFFFF&w=300&h=214&auto=format,compress&trim=color&q=90&dpr=2&updated_at=1556115033",https://stockx.com/adidas-eqt-support-adv-white-camo
EQT,Men,"https://stockx.imgix.net/Adidas-EQT-Support-ADV-Snakeskin-Core-Black.png?fit=fill&bg=FFFFFF&w=300&h=214&auto=format,compress&trim=color&q=90&dpr=2&updated_at=1538080256",https://stockx.com/adidas-eqt-support-adv-snakeskin-core-black
EQT,Men,"https://stockx.imgix.net/Adidas-EQT-2-3-F15-Athleisure-Dust-Green-v2.jpg?fit=fill&bg=FFFFFF&w=300&h=214&auto=format,compress&trim=color&q=90&dpr=2&updated_at=1551284092",https://stockx.com/adidas-eqt-2-3-f15-athleisure-dust-green
EQT,Men,"https://stockx.imgix.net/adidas-EQT-Support-Mid-Adv-Blue-Core-Black.png?fit=fill&bg=FFFFFF&w=300&h=214&auto=format,compress&trim=color&q=90&dpr=2&updated_at=1540948663",https://stockx.com/adidas-eqt-support-mid-adv-blue-core-black
EQT,Men,"https://stockx.imgix.net/Adidas-EQT-Support-RF-White-Turbo.png?fit=fill&bg=FFFFFF&w=300&h=214&auto=format,compress&trim=color&q=90&dpr=2&updated_at=1538080256",https://stockx.com/adidas-eqt-support-rf-white-turbo
EQT,Men,"https://stockx.imgix.net/Adidas-EQT-Support-ADV-Wicker-Park-Chicago.png?fit=fill&bg=FFFFFF&w=300&h=214&auto=format,compress&trim=color&q=90&dpr=2&updated_at=1538080256",https://stockx.com/adidas-eqt-support-adv-wicker-park-chicago
EQT,Men,"https://stockx.imgix.net/Adidas-EQT-Racing-93-16-Boost-Black-Navy.jpg?fit=fill&bg=FFFFFF&w=300&h=214&auto=format,compress&trim=color&q=90&dpr=2&updated_at=1538080256",https://stockx.com/adidas-eqt-93-16-boost-core-black-navy
EQT,Men,"https://stockx.imgix.net/Adidas-EQT-Support-ADV-Collegiate-Red.png?fit=fill&bg=FFFFFF&w=300&h=214&auto=format,compress&trim=color&q=90&dpr=2&updated_at=1538080256",https://stockx.com/adidas-eqt-support-adv-collegiate-red
EQT,Men,"https://stockx.imgix.net/adidas-EQT-Support-Adv-Summer-White.png?fit=fill&bg=FFFFFF&w=300&h=214&auto=format,compress&trim=color&q=90&dpr=2&updated_at=1538080256",https://stockx.com/adidas-eqt-support-adv-summer-white
EQT,Men,"https://stockx.imgix.net/Adidas-EQT-Basketball-Adv-SNS-EQT-Adv-Pack.png?fit=fill&bg=FFFFFF&w=300&h=214&auto=format,compress&trim=color&q=90&dpr=2&updated_at=1538080256",https://stockx.com/adidas-eqt-basketball-adv-sns-eqt-adv-pack
EQT,Men,"https://stockx.imgix.net/adidas-EQT-Support-Adv-Footwear-White-Grey-One.png?fit=fill&bg=FFFFFF&w=300&h=214&auto=format,compress&trim=color&q=90&dpr=2&updated_at=1550626379",https://stockx.com/adidas-eqt-support-adv-footwear-white-grey-one
EQT,Men,"https://stockx.imgix.net/Adidas-EQT-Support-Adv-Black-Grey-Turbo-Red.png?fit=fill&bg=FFFFFF&w=300&h=214&auto=format,compress&trim=color&q=90&dpr=2&updated_at=1538080256",https://stockx.com/adidas-eqt-support-adv-black-grey-turbo-red
EQT,Men,"https://stockx.imgix.net/Adidas-EQT-Support-ADV-Core-Black-White.png?fit=fill&bg=FFFFFF&w=300&h=214&auto=format,compress&trim=color&q=90&dpr=2&updated_at=1538080256",https://stockx.com/adidas-eqt-support-adv-core-black-white
EQT,Men,"https://stockx.imgix.net/Adidas-Eqt-Support-Rf-Black-Black-Turbo.jpg?fit=fill&bg=FFFFFF&w=300&h=214&auto=format,compress&trim=color&q=90&dpr=2&updated_at=1538080256",https://stockx.com/adidas-eqt-support-rf-black-black-turbo
EQT,Men,"https://stockx.imgix.net/adidas-EQT-Cushion-2-Pusha-T.jpg?fit=fill&bg=FFFFFF&w=300&h=214&auto=format,compress&trim=color&q=90&dpr=2&updated_at=1541298489",https://stockx.com/adidas-eqt-cushion-2-pusha-t
EQT,Men,"https://stockx.imgix.net/Adidas-EQT-Support-ADV-Camo-Olive-Product.jpg?fit=fill&bg=FFFFFF&w=300&h=214&auto=format,compress&trim=color&q=90&dpr=2&updated_at=1598377218",https://stockx.com/adidas-eqt-support-adv-camo-olive
EQT,Men,"https://stockx.imgix.net/Adidas-EQT-Cushion-ADV-Asia.png?fit=fill&bg=FFFFFF&w=300&h=214&auto=format,compress&trim=color&q=90&dpr=2&updated_at=1538080256",https://stockx.com/adidas-eqt-cushion-adv-asia
EQT,Men,"https://stockx.imgix.net/Adidas-EQT-Support-All-White.png?fit=fill&bg=FFFFFF&w=300&h=214&auto=format,compress&trim=color&q=90&dpr=2&updated_at=1538080256",https://stockx.com/adidas-eqt-support-all-white
EQT,Men,"https://stockx.imgix.net/adidas-EQT-Support-93-17-Gore-tex-Triple-White.png?fit=fill&bg=FFFFFF&w=300&h=214&auto=format,compress&trim=color&q=90&dpr=2&updated_at=1542687594",https://stockx.com/adidas-eqt-support-93-17-gore-tex-triple-white
EQT,Men,"https://stockx.imgix.net/adidas-EQT-Support-Mid-Adv-Camo-Purple.png?fit=fill&bg=FFFFFF&w=300&h=214&auto=format,compress&trim=color&q=90&dpr=2&updated_at=1540948662",https://stockx.com/adidas-eqt-support-mid-adv-camo-purple
EQT,Men,"https://stockx.imgix.net/adidas-EQT-Support-Mid-ADV-PK-White-Grey.jpg?fit=fill&bg=FFFFFF&w=300&h=214&auto=format,compress&trim=color&q=90&dpr=2&updated_at=1574371289",https://stockx.com/adidas-eqt-support-mid-adv-pk-white-grey
EQT,Men,"https://stockx.imgix.net/Adidas-EQT-Support-Adv-Chinese-New-Year-2018.png?fit=fill&bg=FFFFFF&w=300&h=214&auto=format,compress&trim=color&q=90&dpr=2&updated_at=1538080256",https://stockx.com/adidas-eqt-support-adv-chinese-new-year-2018
EQT,Men,"https://stockx.imgix.net/adidas-Eqt-Support-Adv-Trace-Pink-Cloud-White-Core-Black.jpg?fit=fill&bg=FFFFFF&w=300&h=214&auto=format,compress&trim=color&q=90&dpr=2&updated_at=1538080256",https://stockx.com/adidas-eqt-support-adv-trace-pink-cloud-white-core-black
EQT,Men,"https://stockx.imgix.net/Adidas-EQT-Support-ADV-Scarlet.png?fit=fill&bg=FFFFFF&w=300&h=214&auto=format,compress&trim=color&q=90&dpr=2&updated_at=1538080256",https://stockx.com/adidas-eqt-support-adv-scarlet
EQT,Men,"https://stockx.imgix.net/Adidas-EQT-Support-ADV-Grey.png?fit=fill&bg=FFFFFF&w=300&h=214&auto=format,compress&trim=color&q=90&dpr=2&updated_at=1538080256",https://stockx.com/adidas-eqt-support-adv-grey
EQT,Men,"https://stockx.imgix.net/Adidas-EQT-Support-RF-Light-Onix.png?fit=fill&bg=FFFFFF&w=300&h=214&auto=format,compress&trim=color&q=90&dpr=2&updated_at=1538080256",https://stockx.com/adidas-eqt-support-rf-light-onix
EQT,Men,"https://stockx.imgix.net/adidas-EQT-Running-Support-93-Triple-White.jpg?fit=fill&bg=FFFFFF&w=300&h=214&auto=format,compress&trim=color&q=90&dpr=2&updated_at=1556647662",https://stockx.com/adidas-eqt-running-support-93-triple-white
EQT,Men,"https://stockx.imgix.net/adidas-Equipment-Support-PK-Red-Black.jpg?fit=fill&bg=FFFFFF&w=300&h=214&auto=format,compress&trim=color&q=90&dpr=2&updated_at=1574371286",https://stockx.com/adidas-equipment-support-pk-red-black
EQT,Men,"https://stockx.imgix.net/Adidas-EQT-Guidance-93-Off-White-v2.jpg?fit=fill&bg=FFFFFF&w=300&h=214&auto=format,compress&trim=color&q=90&dpr=2&updated_at=1551218394",https://stockx.com/adidas-eqt-guidance-93-off-white
EQT,Men,"https://stockx.imgix.net/Adidas-Courtvantage-Adicolor-Eqtyel-Eqtjau.jpg?fit=fill&bg=FFFFFF&w=300&h=214&auto=format,compress&trim=color&q=90&dpr=2&updated_at=1539286336",https://stockx.com/adidas-courtvantage-adicolor-eqtyel-eqtjau
EQT,Men,"https://stockx-assets.imgix.net/media/New-Product-Placeholder-Default.jpg?auto=compress,format",https://stockx.com/adidas-eqt-support-rf-grey-grey-grey
EQT,Men,"https://stockx.imgix.net/Adidas-EQT-Support-RF-Olive-Cargo-Camo.png?fit=fill&bg=FFFFFF&w=300&h=214&auto=format,compress&trim=color&q=90&dpr=2&updated_at=1538080256",https://stockx.com/adidas-eqt-support-rf-olive-cargo-camo
EQT,Men,"https://stockx.imgix.net/adidas-EQT-Running-Support-93-Triple-White-Tumbled-Leather.png?fit=fill&bg=FFFFFF&w=300&h=214&auto=format,compress&trim=color&q=90&dpr=2&updated_at=1538080256",https://stockx.com/adidas-eqt-running-support-93-triple-white-tumbled-leather
EQT,Men,"https://stockx.imgix.net/adidas-EQT-1-3-F15-Core-Black-Sub-Green.png?fit=fill&bg=FFFFFF&w=300&h=214&auto=format,compress&trim=color&q=90&dpr=2&updated_at=1549427714",https://stockx.com/adidas-eqt-1-3-f15-core-black-sub-green
EQT,Men,"https://stockx.imgix.net/adidas-EQT-Gazelle-Grey-Two.png?fit=fill&bg=FFFFFF&w=300&h=214&auto=format,compress&trim=color&q=90&dpr=2&updated_at=1562724760",https://stockx.com/adidas-eqt-gazelle-grey-two
EQT,Men,"https://stockx.imgix.net/Adidas-EQT-Basketball-Power-Red.png?fit=fill&bg=FFFFFF&w=300&h=214&auto=format,compress&trim=color&q=90&dpr=2&updated_at=1538080256",https://stockx.com/adidas-eqt-basketball-power-red
EQT,Men,"https://stockx.imgix.net/Adidas-EQT-Support-ADV-Grey-Orange.png?fit=fill&bg=FFFFFF&w=300&h=214&auto=format,compress&trim=color&q=90&dpr=2&updated_at=1538080256",https://stockx.com/adidas-eqt-support-adv-bold-orange
EQT,Men,"https://stockx.imgix.net/Adidas-EQT-Cushion-ADV-Olive-Camo.png?fit=fill&bg=FFFFFF&w=300&h=214&auto=format,compress&trim=color&q=90&dpr=2&updated_at=1538080256",https://stockx.com/adidas-eqt-cushion-adv-olive-camo
EQT,Men,"https://stockx.imgix.net/adidas-EQT-Support-Mid-Adv-Legend-Ivy.png?fit=fill&bg=FFFFFF&w=300&h=214&auto=format,compress&trim=color&q=90&dpr=2&updated_at=1546368495",https://stockx.com/adidas-eqt-support-mid-adv-legend-ivy
EQT,Men,"https://stockx.imgix.net/adidas-EQT-Cushion-ADV-1-200-Complex.jpg?fit=fill&bg=FFFFFF&w=300&h=214&auto=format,compress&trim=color&q=90&dpr=2&updated_at=1538080256",https://stockx.com/adidas-eqt-cushion-adv-1-200-complex
EQT,Men,"https://stockx.imgix.net/adidas-EQT-Support-Mid-Adv-Grey-Two-Core-Black.png?fit=fill&bg=FFFFFF&w=300&h=214&auto=format,compress&trim=color&q=90&dpr=2&updated_at=1546368496",https://stockx.com/adidas-eqt-support-mid-adv-grey-two-core-black
EQT,Men,"https://stockx-assets.imgix.net/media/New-Product-Placeholder-Default.jpg?auto=compress,format",https://stockx.com/adidas-eqt-support-adv-grey-pink
EQT,Men,"https://stockx.imgix.net/adidas-EQT-Support-RF-White.jpg?fit=fill&bg=FFFFFF&w=300&h=214&auto=format,compress&trim=color&q=90&dpr=2&updated_at=1574022538",https://stockx.com/adidas-eqt-support-rf-white
