Human Race,Men,"https://stockx.imgix.net/Adidas-NMD-HU-Pharrell-Williams-Sharp-Blue-Product.jpg?fit=fill&bg=FFFFFF&w=300&h=214&auto=format,compress&trim=color&q=90&dpr=2&updated_at=1538080256",https://stockx.com/adidas-nmd-hu-pharrell-williams-shale-blue
Human Race,Men,"https://stockx.imgix.net/Adidas-Tennis-HU-Pharrell-Teal-Product.jpg?fit=fill&bg=FFFFFF&w=300&h=214&auto=format,compress&trim=color&q=90&dpr=2&updated_at=1577992775",https://stockx.com/adidas-tennis-hu-pharrell-teal
Human Race,Men,"https://stockx.imgix.net/adidas-Tennis-Hu-Pharrell-Solid-Scarlet-Product.jpg?fit=fill&bg=FFFFFF&w=300&h=214&auto=format,compress&trim=color&q=90&dpr=2&updated_at=1556654491",https://stockx.com/adidas-tennis-hu-pharrell-solid-scarlet
Human Race,Men,"https://stockx.imgix.net/adidas-Solar-Hu-Glide-Human-Made-Product.jpg?fit=fill&bg=FFFFFF&w=300&h=214&auto=format,compress&trim=color&q=90&dpr=2&updated_at=1558404412",https://stockx.com/adidas-solar-hu-glide-human-made
Human Race,Men,"https://stockx.imgix.net/Adidas-Nmd-Hu-Pharrell-Nerd-Homecoming.jpg?fit=fill&bg=FFFFFF&w=300&h=214&auto=format,compress&trim=color&q=90&dpr=2&updated_at=1538080256",https://stockx.com/adidas-nmd-hu-pharrell-nerd-homecoming
Human Race,Men,"https://stockx.imgix.net/adidas-Tennis-Hu-Pharrell-College-Navy.png?fit=fill&bg=FFFFFF&w=300&h=214&auto=format,compress&trim=color&q=90&dpr=2&updated_at=1548475731",https://stockx.com/adidas-tennis-hu-pharrell-college-navy
Human Race,Men,"https://stockx.imgix.net/Adidas-NMD-Hu-Pharrell-NERD-Cream-Product.jpg?fit=fill&bg=FFFFFF&w=300&h=214&auto=format,compress&trim=color&q=90&dpr=2&updated_at=1552670252",https://stockx.com/adidas-nmd-hu-pharrell-nerd-cream
Human Race,Men,"https://stockx.imgix.net/adidas-Solar-Hu-Glide-Pharrell-x-BBC-Now-Is-Her-Time.png?fit=fill&bg=FFFFFF&w=300&h=214&auto=format,compress&trim=color&q=90&dpr=2&updated_at=1567602977",https://stockx.com/adidas-solar-hu-glide-pharrell-x-bbc-now-is-her-time
Human Race,Men,"https://stockx.imgix.net/Adidas-Tennis-HU-Pharrell-Linen.png?fit=fill&bg=FFFFFF&w=300&h=214&auto=format,compress&trim=color&q=90&dpr=2&updated_at=1538080256",https://stockx.com/adidas-tennis-hu-pharrell-linen
Human Race,Men,"https://stockx.imgix.net/Adidas-Tennis-Hu-Pharrell-Semi-Solar-Pink-Product.jpg?fit=fill&bg=FFFFFF&w=300&h=214&auto=format,compress&trim=color&q=90&dpr=2&updated_at=1546582350",https://stockx.com/adidas-tennis-hu-pharrell-semi-solar-pink
Human Race,Men,"https://stockx.imgix.net/adidas-NMD-Hu-Pharrell-x-BBC-Red-Plaid-F-F.png?fit=fill&bg=FFFFFF&w=300&h=214&auto=format,compress&trim=color&q=90&dpr=2&updated_at=1568568469",https://stockx.com/adidas-nmd-hu-pharrell-x-bbc-red-plaid-f-f
Human Race,Men,"https://stockx.imgix.net/adidas-Pw-Tennis-Hu-Chalk-White-White-Chalk-1.jpg?fit=fill&bg=FFFFFF&w=300&h=214&auto=format,compress&trim=color&q=90&dpr=2&updated_at=1599066410",https://stockx.com/adidas-pw-tennis-hu-chalk-white-white-chalk
Human Race,Men,"https://stockx.imgix.net/adidas-Tennis-Hu-Pharrell-Running-White-Chalk-White.png?fit=fill&bg=FFFFFF&w=300&h=214&auto=format,compress&trim=color&q=90&dpr=2&updated_at=1546587400",https://stockx.com/adidas-tennis-hu-pharrell-running-white-chalk-white
Human Race,Men,"https://stockx.imgix.net/adidas-Pw-Tennis-Hu-White-White-Chalk.jpg?fit=fill&bg=FFFFFF&w=300&h=214&auto=format,compress&trim=color&q=90&dpr=2&updated_at=1538080256",https://stockx.com/adidas-pw-tennis-hu-white-white-chalk
Human Race,Men,"https://stockx.imgix.net/Adidas-Tennis-Hu-Pharrell-Green-Glow-Product.jpg?fit=fill&bg=FFFFFF&w=300&h=214&auto=format,compress&trim=color&q=90&dpr=2&updated_at=1573502731",https://stockx.com/adidas-tennis-hu-pharrell-green-glow
Human Race,Men,"https://stockx.imgix.net/adidas-Tennis-Hu-Pharrell-Ash-Green-1.jpg?fit=fill&bg=FFFFFF&w=300&h=214&auto=format,compress&trim=color&q=90&dpr=2&updated_at=1553717628",https://stockx.com/adidas-tennis-hu-pharrell-ash-green
Human Race,Men,"https://stockx.imgix.net/adidas-Hu-Pod-Pharrell-Black.jpg?fit=fill&bg=FFFFFF&w=300&h=214&auto=format,compress&trim=color&q=90&dpr=2&updated_at=1541298204",https://stockx.com/adidas-hu-pod-pharrell-black
Human Race,Men,"https://stockx.imgix.net/adidas-Pharrell-NMD-HU-China-Pack-Happy-Gold-Product.jpg?fit=fill&bg=FFFFFF&w=300&h=214&auto=format,compress&trim=color&q=90&dpr=2&updated_at=1538080256",https://stockx.com/adidas-nmd-hu-china-pack-happy-gold
Human Race,Men,"https://stockx.imgix.net/adidas-NMD-Hu-Pharrell-Respira-Friends-Family.png?fit=fill&bg=FFFFFF&w=300&h=214&auto=format,compress&trim=color&q=90&dpr=2&updated_at=1598648334",https://stockx.com/adidas-nmd-hu-pharrell-respira-ff
Human Race,Men,"https://stockx.imgix.net/adidas-Solar-Hu-Pharrell-Multicolor.png?fit=fill&bg=FFFFFF&w=300&h=214&auto=format,compress&trim=color&q=90&dpr=2&updated_at=1583470704",https://stockx.com/adidas-solar-hu-pharrell-multicolor
Human Race,Men,"https://stockx.imgix.net/adidas-NMD-Hu-Pharrell-Blue-NTWRK.jpg?fit=fill&bg=FFFFFF&w=300&h=214&auto=format,compress&trim=color&q=90&dpr=2&updated_at=1598378811",https://stockx.com/adidas-nmd-hu-pharrell-blue-ntwrk
Human Race,Men,"https://stockx-assets.imgix.net/media/New-Product-Placeholder-Default.jpg?auto=compress,format",https://stockx.com/adidas-nmd-hu-pharrell-look-within-orange
Human Race,Men,"https://stockx.imgix.net/adidas-NMD-Hu-Tr-Pharrell-Breathe-F-F.png?fit=fill&bg=FFFFFF&w=300&h=214&auto=format,compress&trim=color&q=90&dpr=2&updated_at=1572931155",https://stockx.com/adidas-nmd-hu-tr-pharrell-breathe-f-f
Human Race,Men,"https://stockx.imgix.net/Adidas-Human-Race-NMD-Pharrell-x-Chanel-Black.png?fit=fill&bg=FFFFFF&w=300&h=214&auto=format,compress&trim=color&q=90&dpr=2&updated_at=1538080256",https://stockx.com/adidas-human-race-nmd-pharrell-x-chanel-sample
Human Race,Men,"https://stockx.imgix.net/adidas-Human-Race-NMD-Pharrell-F-F-1.png?fit=fill&bg=FFFFFF&w=300&h=214&auto=format,compress&trim=color&q=90&dpr=2&updated_at=1549382726",https://stockx.com/adidas-human-race-nmd-pharrell-f-f
Human Race,Men,"https://stockx-assets.imgix.net/media/New-Product-Placeholder-Default.jpg?auto=compress,format",https://stockx.com/adidas-solar-hu-glide-pharrell-triple-white
Human Race,Men,"https://stockx.imgix.net/Adidas-Tennis-Hu-Pharrell-Solid-Gold.png?fit=fill&bg=FFFFFF&w=300&h=214&auto=format,compress&trim=color&q=90&dpr=2&updated_at=1538080256",https://stockx.com/adidas-tennis-hu-pharrell-solid-gold
Human Race,Men,"https://stockx.imgix.net/Adidas-NMD-CS2-Chukka-WingsHorns-Simple-Brown.png?fit=fill&bg=FFFFFF&w=300&h=214&auto=format,compress&trim=color&q=90&dpr=2&updated_at=1538080256",https://stockx.com/adidas-nmd-c2-chukka-wingshorns-simple-brown
Human Race,Men,"https://stockx.imgix.net/Adidas-Tennis-HU-Pharrell-Raw-Pink.png?fit=fill&bg=FFFFFF&w=300&h=214&auto=format,compress&trim=color&q=90&dpr=2&updated_at=1538080256",https://stockx.com/adidas-tennis-hu-pharrell-raw-pink
Human Race,Men,"https://stockx.imgix.net/Adidas-NMD-HU-Pharrell-Friends-and-Family-Pink.png?fit=fill&bg=FFFFFF&w=300&h=214&auto=format,compress&trim=color&q=90&dpr=2&updated_at=1538080256",https://stockx.com/adidas-nmd-hu-pharrell-friends-and-family-pink
Human Race,Men,"https://stockx-assets.imgix.net/media/New-Product-Placeholder-Default.jpg?auto=compress,format",https://stockx.com/adidas-nmd-hu-pharrell-x-bbc-flannel-blue-black
Human Race,Men,"https://stockx-assets.imgix.net/media/New-Product-Placeholder-Default.jpg?auto=compress,format",https://stockx.com/adidas-nmd-hu-trail-pharrell-neon
Human Race,Men,"https://stockx.imgix.net/Adidas-Spezial-Hulton-Clear-Brown.png?fit=fill&bg=FFFFFF&w=300&h=214&auto=format,compress&trim=color&q=90&dpr=2&updated_at=1538080256",https://stockx.com/adidas-spezial-hulton-clear-brown
