Skateboarding,Men,"https://stockx.imgix.net/adidas-Nizza-Hi-Alife-New-York-Product.jpg?fit=fill&bg=FFFFFF&w=300&h=214&auto=format,compress&trim=color&q=90&dpr=2&updated_at=1559851194",https://stockx.com/adidas-nizza-hi-alife-new-york
Skateboarding,Men,"https://stockx.imgix.net/Adidas-Palace-Pro-Primeknit-White.jpg?fit=fill&bg=FFFFFF&w=300&h=214&auto=format,compress&trim=color&q=90&dpr=2&updated_at=1538080256",https://stockx.com/adidas-palace-pro-primeknit-white
Skateboarding,Men,"https://stockx.imgix.net/adidas-Lucas-Premiere-Primeknit-Light-Granite.jpg?fit=fill&bg=FFFFFF&w=300&h=214&auto=format,compress&trim=color&q=90&dpr=2&updated_at=1561744898",https://stockx.com/adidas-lucas-premiere-primeknit-light-granite
Skateboarding,Men,"https://stockx.imgix.net/adidas-Nizza-Hi-Keith-Haring-Product.jpg?fit=fill&bg=FFFFFF&w=300&h=214&auto=format,compress&trim=color&q=90&dpr=2&updated_at=1570212106",https://stockx.com/adidas-nizza-hi-keith-haring
Skateboarding,Men,"https://stockx.imgix.net/Adidas-Matchcourt-Mid-Footpatrol-x-Juice.png?fit=fill&bg=FFFFFF&w=300&h=214&auto=format,compress&trim=color&q=90&dpr=2&updated_at=1538080256",https://stockx.com/adidas-matchcourt-mid-footpatrol-x-juice
Skateboarding,Men,"https://stockx.imgix.net/Adidas-Palace-Pro-Primeknit-Surf-Petrol-Product.jpg?fit=fill&bg=FFFFFF&w=300&h=214&auto=format,compress&trim=color&q=90&dpr=2&updated_at=1580507684",https://stockx.com/adidas-palace-pro-primeknit-surf-petrol
Skateboarding,Men,"https://stockx.imgix.net/adidas-Matchcourt-Hi-Beavis-and-Butt-head.png?fit=fill&bg=FFFFFF&w=300&h=214&auto=format,compress&trim=color&q=90&dpr=2&updated_at=1550805405",https://stockx.com/adidas-matchcourt-hi-beavis-and-butt-head
Skateboarding,Men,"https://stockx.imgix.net/adidas-Nizza-Pride-2019.png?fit=fill&bg=FFFFFF&w=300&h=214&auto=format,compress&trim=color&q=90&dpr=2&updated_at=1559190413",https://stockx.com/adidas-nizza-pride-2019
Skateboarding,Men,"https://stockx.imgix.net/Adidas-Palace-Pro-Chewy-Cannon-Product.jpg?fit=fill&bg=FFFFFF&w=300&h=214&auto=format,compress&trim=color&q=90&dpr=2&updated_at=1538080256",https://stockx.com/adidas-palace-pro-chewy-cannon
Skateboarding,Men,"https://stockx.imgix.net/adidas-Nizza-HI-RF-Off-White.png?fit=fill&bg=FFFFFF&w=300&h=214&auto=format,compress&trim=color&q=90&dpr=2&updated_at=1581706802",https://stockx.com/adidas-nizza-hi-rf-off-white
Skateboarding,Men,"https://stockx.imgix.net/Adidas-Palace-Pro-Benny-Fairfax-Product.jpg?fit=fill&bg=FFFFFF&w=300&h=214&auto=format,compress&trim=color&q=90&dpr=2&updated_at=1538080256",https://stockx.com/adidas-palace-pro-benny-fairfax
Skateboarding,Men,"https://stockx-assets.imgix.net/media/New-Product-Placeholder-Default.jpg?auto=compress,format",https://stockx.com/adidas-matchcourt-mid-snoop-dogg-x-gonz-cream
Skateboarding,Men,"https://stockx.imgix.net/Adidas-Matchcourt-High-RX-Na-Kel-Smith-Purple-Velvet-Product.jpg?fit=fill&bg=FFFFFF&w=300&h=214&auto=format,compress&trim=color&q=90&dpr=2&updated_at=1573502731",https://stockx.com/adidas-matchcourt-high-rx-na-kel-smith-purple-velvet
Skateboarding,Men,"https://stockx.imgix.net/Adidas-Palace-Pro-Bright-Orange.jpg?fit=fill&bg=FFFFFF&w=300&h=214&auto=format,compress&trim=color&q=90&dpr=2&updated_at=1563395307",https://stockx.com/adidas-palace-pro-primeknit-bright-orange
Skateboarding,Men,"https://stockx.imgix.net/Adidas-Palace-Pro-2-Black-Product.jpg?fit=fill&bg=FFFFFF&w=300&h=214&auto=format,compress&trim=color&q=90&dpr=2&updated_at=1538080256",https://stockx.com/adidas-palace-pro-2-black
Skateboarding,Men,"https://stockx.imgix.net/Adidas-Lucas-Premiere-Primeknit-Core-Black.png?fit=fill&bg=FFFFFF&w=300&h=214&auto=format,compress&trim=color&q=90&dpr=2&updated_at=1538080256",https://stockx.com/adidas-lucas-premiere-primeknit-core-black
Skateboarding,Men,"https://stockx.imgix.net/Adidas-Palace-Pro-2-White-Orange.png?fit=fill&bg=FFFFFF&w=300&h=214&auto=format,compress&trim=color&q=90&dpr=2&updated_at=1538080256",https://stockx.com/adidas-palace-pro-2-white-orange
Skateboarding,Men,"https://stockx.imgix.net/Adidas-Palace-Indoor-Black.png?fit=fill&bg=FFFFFF&w=300&h=214&auto=format,compress&trim=color&q=90&dpr=2&updated_at=1538080256",https://stockx.com/adidas-palace-indoor-black
Skateboarding,Men,"https://stockx.imgix.net/Adidas-Palace-Pro-Boost-Bright-Cyan.jpg?fit=fill&bg=FFFFFF&w=300&h=214&auto=format,compress&trim=color&q=90&dpr=2&updated_at=1538080256",https://stockx.com/adidas-palace-pro-boost-bright-cyan-white
Skateboarding,Men,"https://stockx.imgix.net/Adidas-OReardon-Palace-Black.png?fit=fill&bg=FFFFFF&w=300&h=214&auto=format,compress&trim=color&q=90&dpr=2&updated_at=1538080256",https://stockx.com/adidas-oreardon-palace-black
Skateboarding,Men,"https://stockx.imgix.net/adidas-Nizza-Core-Black.png?fit=fill&bg=FFFFFF&w=300&h=214&auto=format,compress&trim=color&q=90&dpr=2&updated_at=1581706686",https://stockx.com/adidas-nizza-core-black
Skateboarding,Men,"https://stockx.imgix.net/adidas-Nizza-Hi-Alife-New-York-Artist-Proof.png?fit=fill&bg=FFFFFF&w=300&h=214&auto=format,compress&trim=color&q=90&dpr=2&updated_at=1561126768",https://stockx.com/adidas-nizza-hi-alife-new-york-artist-proof
Skateboarding,Men,"https://stockx.imgix.net/Adidas-Palace-Pro-Stone-White.jpg?fit=fill&bg=FFFFFF&w=300&h=214&auto=format,compress&trim=color&q=90&dpr=2&updated_at=1538080256",https://stockx.com/adidas-palace-pro-stone-white
Skateboarding,Men,"https://stockx.imgix.net/Adidas-Palace-Pro-Bright-Orange-1.jpg?fit=fill&bg=FFFFFF&w=300&h=214&auto=format,compress&trim=color&q=90&dpr=2&updated_at=1563482125",https://stockx.com/adidas-palace-pro-bright-orange
Skateboarding,Men,"https://stockx.imgix.net/adidas-Nizza-Hi-Na-Kel-Smith-Product.jpg?fit=fill&bg=FFFFFF&w=300&h=214&auto=format,compress&trim=color&q=90&dpr=2&updated_at=1570825113",https://stockx.com/adidas-nizza-hi-na-kel-smith
Skateboarding,Men,"https://stockx.imgix.net/Adidas-Palace-Pro-Night-Indigo.jpg?fit=fill&bg=FFFFFF&w=300&h=214&auto=format,compress&trim=color&q=90&dpr=2&updated_at=1563395359",https://stockx.com/adidas-palace-pro-night-indigo
Skateboarding,Men,"https://stockx.imgix.net/Adidas-Matchcourt-ASAP-Ferg-Trap-Lord.png?fit=fill&bg=FFFFFF&w=300&h=214&auto=format,compress&trim=color&q=90&dpr=2&updated_at=1538080256",https://stockx.com/adidas-matchcourt-asap-ferg-trap-lord
Skateboarding,Men,"https://stockx.imgix.net/Adidas-Palace-Pro-Pumpkin.jpg?fit=fill&bg=FFFFFF&w=300&h=214&auto=format,compress&trim=color&q=90&dpr=2&updated_at=1538080256",https://stockx.com/adidas-palace-pro-pumpkin
Skateboarding,Men,"https://stockx.imgix.net/adidas-Nizza-Hi-Cloud-White-Black.jpg?fit=fill&bg=FFFFFF&w=300&h=214&auto=format,compress&trim=color&q=90&dpr=2&updated_at=1584639666",https://stockx.com/adidas-nizza-hi-cloud-white-black
Skateboarding,Men,"https://stockx.imgix.net/adidas-Nizza-Legend-Marine.jpg?fit=fill&bg=FFFFFF&w=300&h=214&auto=format,compress&trim=color&q=90&dpr=2&updated_at=1584639670",https://stockx.com/adidas-nizza-legend-marine
Skateboarding,Men,"https://stockx.imgix.net/Adidas-Matchcourt-Bonethrower.png?fit=fill&bg=FFFFFF&w=300&h=214&auto=format,compress&trim=color&q=90&dpr=2&updated_at=1538080256",https://stockx.com/adidas-matchcourt-bonethrower
Skateboarding,Men,"https://stockx.imgix.net/adidas-Lucas-Premiere-Cloud-White-Legend-Ink.png?fit=fill&bg=FFFFFF&w=300&h=214&auto=format,compress&trim=color&q=90&dpr=2&updated_at=1551932750",https://stockx.com/adidas-lucas-premiere-cloud-white-legend-ink
Skateboarding,Men,"https://stockx.imgix.net/adidas-Nizza-Hi-Black.jpg?fit=fill&bg=FFFFFF&w=300&h=214&auto=format,compress&trim=color&q=90&dpr=2&updated_at=1584639664",https://stockx.com/adidas-nizza-hi-black
Skateboarding,Men,"https://stockx.imgix.net/adidas-Nizza-Cloud-White.png?fit=fill&bg=FFFFFF&w=300&h=214&auto=format,compress&trim=color&q=90&dpr=2&updated_at=1581706688",https://stockx.com/adidas-nizza-cloud-white
Skateboarding,Men,"https://stockx.imgix.net/adidas-Seeley-Scarlet.png?fit=fill&bg=FFFFFF&w=300&h=214&auto=format,compress&trim=color&q=90&dpr=2&updated_at=1539738421",https://stockx.com/adidas-seeley-scarlet
Skateboarding,Men,"https://stockx.imgix.net/adidas-Lucas-Premiere-Cloud-White-Hi-Res-Yellow.png?fit=fill&bg=FFFFFF&w=300&h=214&auto=format,compress&trim=color&q=90&dpr=2&updated_at=1551932751",https://stockx.com/adidas-lucas-premiere-cloud-white-hi-res-yellow
Skateboarding,Men,"https://stockx.imgix.net/adidas-Nizza-Hi-RF-Off-White-Glory-Red.jpg?fit=fill&bg=FFFFFF&w=300&h=214&auto=format,compress&trim=color&q=90&dpr=2&updated_at=1588008563",https://stockx.com/adidas-nizza-hi-rf-off-white-glory-red
Skateboarding,Men,"https://stockx.imgix.net/Adidas-OReardon-Palace-Navy.png?fit=fill&bg=FFFFFF&w=300&h=214&auto=format,compress&trim=color&q=90&dpr=2&updated_at=1538080256",https://stockx.com/adidas-oreardon-palace-navy
Skateboarding,Men,"https://stockx.imgix.net/adidas-Liberty-Cup-White-Gum.png?fit=fill&bg=FFFFFF&w=300&h=214&auto=format,compress&trim=color&q=90&dpr=2&updated_at=1567735526",https://stockx.com/adidas-liberty-cup-white-gum
Skateboarding,Men,"https://stockx-assets.imgix.net/media/New-Product-Placeholder-Default.jpg?auto=compress,format",https://stockx.com/adidas-seeley-white-energy-blue-energy
Skateboarding,Men,"https://stockx.imgix.net/Adidas-Superskate-Bape-Super-Ape-Skate.png?fit=fill&bg=FFFFFF&w=300&h=214&auto=format,compress&trim=color&q=90&dpr=2&updated_at=1538080256",https://stockx.com/adidas-superskate-bape-super-ape-skate
Skateboarding,Men,"https://stockx.imgix.net/adidas-Nizza-RF-Hi-Recon-Pack.png?fit=fill&bg=FFFFFF&w=300&h=214&auto=format,compress&trim=color&q=90&dpr=2&updated_at=1559190413",https://stockx.com/adidas-nizza-rf-hi-recon-pack
Skateboarding,Men,"https://stockx.imgix.net/Adidas-Palace-Indoor-White.png?fit=fill&bg=FFFFFF&w=300&h=214&auto=format,compress&trim=color&q=90&dpr=2&updated_at=1538080256",https://stockx.com/adidas-palace-indoor-white
Skateboarding,Men,"https://stockx.imgix.net/Adidas-Palace-Pro-Primeknit-Black.jpg?fit=fill&bg=FFFFFF&w=300&h=214&auto=format,compress&trim=color&q=90&dpr=2&updated_at=1538080256",https://stockx.com/adidas-palace-pro-primeknit-black
Skateboarding,Men,"https://stockx.imgix.net/adidas-Matchcourt-X-Helas-White-White.jpg?fit=fill&bg=FFFFFF&w=300&h=214&auto=format,compress&trim=color&q=90&dpr=2&updated_at=1538080256",https://stockx.com/adidas-matchcourt-x-helas-white-white
Skateboarding,Men,"https://stockx.imgix.net/Adidas-OReardon-Palace-Green.png?fit=fill&bg=FFFFFF&w=300&h=214&auto=format,compress&trim=color&q=90&dpr=2&updated_at=1538080256",https://stockx.com/adidas-oreardon-palace-green
Skateboarding,Men,"https://stockx.imgix.net/Adidas-Palace-Pro-White-Red-Gold.jpg?fit=fill&bg=FFFFFF&w=300&h=214&auto=format,compress&trim=color&q=90&dpr=2&updated_at=1538080256",https://stockx.com/palace-pro-white-red-gold
Skateboarding,Men,"https://stockx.imgix.net/adidas-Matchcourt-Triple-White.png?fit=fill&bg=FFFFFF&w=300&h=214&auto=format,compress&trim=color&q=90&dpr=2&updated_at=1555126520",https://stockx.com/adidas-matchcourt-triple-white
Skateboarding,Men,"https://stockx.imgix.net/adidas-Matchcourt-High-RX2-Hardies-White-Purple.png?fit=fill&bg=FFFFFF&w=300&h=214&auto=format,compress&trim=color&q=90&dpr=2&updated_at=1555041898",https://stockx.com/adidas-matchcourt-high-rx2-hardies-white-purple
Skateboarding,Men,"https://stockx.imgix.net/adidas-Liberty-Cup-White-Hi-Res-Yellow.png?fit=fill&bg=FFFFFF&w=300&h=214&auto=format,compress&trim=color&q=90&dpr=2&updated_at=1567735527",https://stockx.com/adidas-liberty-cup-white-hi-res-yellow
Skateboarding,Men,"https://stockx.imgix.net/adidas-Seeley-Decon-White-Black.png?fit=fill&bg=FFFFFF&w=300&h=214&auto=format,compress&trim=color&q=90&dpr=2&updated_at=1538080256",https://stockx.com/adidas-seeley-decon-white-black
Skateboarding,Men,"https://stockx-assets.imgix.net/media/New-Product-Placeholder-Default.jpg?auto=compress,format",https://stockx.com/adidas-nizza-hi-dragon-ball-z-oolong
Skateboarding,Men,"https://stockx.imgix.net/adidas-Nizza-Hi-Cloud-White-Product.jpg?fit=fill&bg=FFFFFF&w=300&h=214&auto=format,compress&trim=color&q=90&dpr=2&updated_at=1570212089",https://stockx.com/adidas-nizza-hi-cloud-white
Skateboarding,Men,"https://stockx.imgix.net/adidas-Nizza-Lo-Na-Kel-Smith.png?fit=fill&bg=FFFFFF&w=300&h=214&auto=format,compress&trim=color&q=90&dpr=2&updated_at=1566407100",https://stockx.com/adidas-nizza-lo-na-kel-smith
Skateboarding,Men,"https://stockx.imgix.net/Adidas-Matchcourt-Mid-Marc-Johnson-Red-Product.jpg?fit=fill&bg=FFFFFF&w=300&h=214&auto=format,compress&trim=color&q=90&dpr=2&updated_at=1555963581",https://stockx.com/adidas-matchcourt-mid-marc-johnson-red
Skateboarding,Men,"https://stockx.imgix.net/Adidas-Seeley-Court-White-Energy-Blue-Energy.jpg?fit=fill&bg=FFFFFF&w=300&h=214&auto=format,compress&trim=color&q=90&dpr=2&updated_at=1538080256",https://stockx.com/adidas-seeley-court-white-energy-blue-energy
Skateboarding,Men,"https://stockx.imgix.net/Adidas-Nizza-Hi-Limited-Edt.png?fit=fill&bg=FFFFFF&w=300&h=214&auto=format,compress&trim=color&q=90&dpr=2&updated_at=1538080256",https://stockx.com/adidas-nizza-hi-limited-edt
Skateboarding,Men,"https://stockx.imgix.net/adidas-Nizza-Hi-Core-Black.png?fit=fill&bg=FFFFFF&w=300&h=214&auto=format,compress&trim=color&q=90&dpr=2&updated_at=1538080256",https://stockx.com/adidas-nizza-hi-core-black
Skateboarding,Men,"https://stockx.imgix.net/adidas-Lucas-Premiere-Icey-Pink.png?fit=fill&bg=FFFFFF&w=300&h=214&auto=format,compress&trim=color&q=90&dpr=2&updated_at=1551932749",https://stockx.com/adidas-lucas-premiere-icey-pink
Skateboarding,Men,"https://stockx-assets.imgix.net/media/New-Product-Placeholder-Default.jpg?auto=compress,format",https://stockx.com/adidas-skateboarding-staubu-powred
Skateboarding,Men,"https://stockx.imgix.net/adidas-SK-LVS-Granite.jpg?fit=fill&bg=FFFFFF&w=300&h=214&auto=format,compress&trim=color&q=90&dpr=2&updated_at=1574022599",https://stockx.com/adidas-sk-lvs-granite
Skateboarding,Men,"https://stockx.imgix.net/adidas-Matchcourt-High-RX-Black.jpg?fit=fill&bg=FFFFFF&w=300&h=214&auto=format,compress&trim=color&q=90&dpr=2&updated_at=1561744899",https://stockx.com/adidas-matchcourt-high-rx-black
Skateboarding,Men,"https://stockx.imgix.net/adidas-Nizza-Lush-Red.jpg?fit=fill&bg=FFFFFF&w=300&h=214&auto=format,compress&trim=color&q=90&dpr=2&updated_at=1584639672",https://stockx.com/adidas-nizza-lush-red
