Stan Smith,Men,"https://stockx.imgix.net/Adidas-Stan-Smith-White-Green-OG-Product.jpg?fit=fill&bg=FFFFFF&w=300&h=214&auto=format,compress&trim=color&q=90&dpr=2&updated_at=1546582297",https://stockx.com/adidas-stan-smith-white-green-og
Stan Smith,Men,"https://stockx.imgix.net/adidas-Stan-Smith-Core-White-New-Navy-Product.jpg?fit=fill&bg=FFFFFF&w=300&h=214&auto=format,compress&trim=color&q=90&dpr=2&updated_at=1555964343",https://stockx.com/adidas-stan-smith-core-white-new-navy
Stan Smith,Men,"https://stockx.imgix.net/Adidas-Stan-Smith-Primeknit-White-Green-Product.jpg?fit=fill&bg=FFFFFF&w=300&h=214&auto=format,compress&trim=color&q=90&dpr=2&updated_at=1570821764",https://stockx.com/adidas-stan-smith-primeknit-white-green
Stan Smith,Men,"https://stockx.imgix.net/adidas-Stan-Smith-Raf-Simons-Pink.png?fit=fill&bg=FFFFFF&w=300&h=214&auto=format,compress&trim=color&q=90&dpr=2&updated_at=1538080256",https://stockx.com/adidas-stan-smith-raf-simons-pink
Stan Smith,Men,"https://stockx.imgix.net/adidas-Stan-Smith-Beige-Suede.png?fit=fill&bg=FFFFFF&w=300&h=214&auto=format,compress&trim=color&q=90&dpr=2&updated_at=1538080256",https://stockx.com/adidas-stan-smith-beige-suede
Stan Smith,Men,"https://stockx.imgix.net/adidas-Stan-Smith-Cloud-White-Collegiate-Green.png?fit=fill&bg=FFFFFF&w=300&h=214&auto=format,compress&trim=color&q=90&dpr=2&updated_at=1581706761",https://stockx.com/adidas-stan-smith-cloud-white-collegiate-green
Stan Smith,Men,"https://stockx.imgix.net/Adidas-Stan-Smith-Primeknit-White-Red.jpg?fit=fill&bg=FFFFFF&w=300&h=214&auto=format,compress&trim=color&q=90&dpr=2&updated_at=1538080256",https://stockx.com/adidas-stan-smith-primeknit-white-red
Stan Smith,Men,"https://stockx.imgix.net/adidas-Stan-Smith-Cloud-White-Collegiate-Burgundy.png?fit=fill&bg=FFFFFF&w=300&h=214&auto=format,compress&trim=color&q=90&dpr=2&updated_at=1581706772",https://stockx.com/adidas-stan-smith-cloud-white-collegiate-burgundy
Stan Smith,Men,"https://stockx.imgix.net/adidas-Stan-Smith-Boost-Neighborhood-Olive.png?fit=fill&bg=FFFFFF&w=300&h=214&auto=format,compress&trim=color&q=90&dpr=2&updated_at=1538080256",https://stockx.com/adidas-stan-smith-boost-neighborhood-olive
Stan Smith,Men,"https://stockx.imgix.net/adidas-Stan-Smith-Lush-Red.jpg?fit=fill&bg=FFFFFF&w=300&h=214&auto=format,compress&trim=color&q=90&dpr=2&updated_at=1584639780",https://stockx.com/adidas-stan-smith-lush-red
Stan Smith,Men,"https://stockx.imgix.net/adidas-Torsion-Stan-Smith-Raf-Simons-White-Black-Grey-Product.jpg?fit=fill&bg=FFFFFF&w=300&h=214&auto=format,compress&trim=color&q=90&dpr=2&updated_at=1562095300",https://stockx.com/adidas-torsion-stan-smith-raf-simons-white-black-grey
Stan Smith,Men,"https://stockx-assets.imgix.net/media/New-Product-Placeholder-Default.jpg?auto=compress,format",https://stockx.com/adidas-stan-smith-triple-white
Stan Smith,Men,"https://stockx.imgix.net/adidas-Stan-Smith-Keith-Haring-Product.jpg?fit=fill&bg=FFFFFF&w=300&h=214&auto=format,compress&trim=color&q=90&dpr=2&updated_at=1564168668",https://stockx.com/adidas-stan-smith-keith-haring
Stan Smith,Men,"https://stockx.imgix.net/adidas-Peach-Stan-Smith-Raf-Simons-Light-Sand-Product.jpg?fit=fill&bg=FFFFFF&w=300&h=214&auto=format,compress&trim=color&q=90&dpr=2&updated_at=1583533502",https://stockx.com/adidas-peach-stan-smith-raf-simons-light-sand
Stan Smith,Men,"https://stockx.imgix.net/Adidas-Stan-Smith-Primeknit-White-Blue-Product.jpg?fit=fill&bg=FFFFFF&w=300&h=214&auto=format,compress&trim=color&q=90&dpr=2&updated_at=1569617843",https://stockx.com/adidas-stan-smith-primeknit-white-blue
Stan Smith,Men,"https://stockx.imgix.net/adidas-Stan-Smith-Recon-Pack.png?fit=fill&bg=FFFFFF&w=300&h=214&auto=format,compress&trim=color&q=90&dpr=2&updated_at=1559190414",https://stockx.com/adidas-stan-smith-recon-pack
Stan Smith,Men,"https://stockx.imgix.net/Adidas-Stan-Smith-Pharrell-Holi-Tie-Dye.png?fit=fill&bg=FFFFFF&w=300&h=214&auto=format,compress&trim=color&q=90&dpr=2&updated_at=1538080256",https://stockx.com/adidas-stan-smith-pharrell-holi-tie-dye
Stan Smith,Men,"https://stockx.imgix.net/adidas-Stan-Smith-Core-Black.png?fit=fill&bg=FFFFFF&w=300&h=214&auto=format,compress&trim=color&q=90&dpr=2&updated_at=1581706774",https://stockx.com/adidas-stan-smith-core-black
Stan Smith,Men,"https://stockx.imgix.net/Adidas-Stan-Smith-Boost-Tumbled-White-Green.jpg?fit=fill&bg=FFFFFF&w=300&h=214&auto=format,compress&trim=color&q=90&dpr=2&updated_at=1538080256",https://stockx.com/adidas-stan-smith-boost-tumbled-white-green
Stan Smith,Men,"https://stockx.imgix.net/adidas-Stan-Smith-Forever.png?fit=fill&bg=FFFFFF&w=300&h=214&auto=format,compress&trim=color&q=90&dpr=2&updated_at=1543300685",https://stockx.com/adidas-stan-smith-forever
Stan Smith,Men,"https://stockx.imgix.net/adidas-Stan-Smith-Fucking-Awesome-Purple.png?fit=fill&bg=FFFFFF&w=300&h=214&auto=format,compress&trim=color&q=90&dpr=2&updated_at=1568078730",https://stockx.com/adidas-stan-smith-fucking-awesome-purple
Stan Smith,Men,"https://stockx.imgix.net/adidas-Stan-Smith-x-Raf-Simons-LA-Trainer.jpg?fit=fill&bg=FFFFFF&w=300&h=214&auto=format,compress&trim=color&q=90&dpr=2&updated_at=1580161296",https://stockx.com/adidas-stan-smith-x-raf-simons-la-trainer
Stan Smith,Men,"https://stockx.imgix.net/Adidas-Stan-Smith-Raf-Simons-Comfort-Badge-Cream-White.png?fit=fill&bg=FFFFFF&w=300&h=214&auto=format,compress&trim=color&q=90&dpr=2&updated_at=1538080256",https://stockx.com/adidas-stan-smith-raf-simons-comfort-badge-cream-white
Stan Smith,Men,"https://stockx.imgix.net/Adidas-Stan-Smith-American-Dad-Product.jpg?fit=fill&bg=FFFFFF&w=300&h=214&auto=format,compress&trim=color&q=90&dpr=2&updated_at=1581110770",https://stockx.com/adidas-stan-smith-2-american-dad
Stan Smith,Men,"https://stockx.imgix.net/Adidas-Stan-Smith-Juice-Rough-Suede.jpg?fit=fill&bg=FFFFFF&w=300&h=214&auto=format,compress&trim=color&q=90&dpr=2&updated_at=1538080256",https://stockx.com/adidas-stan-smith-juice-rough-suede
Stan Smith,Men,"https://stockx.imgix.net/Adidas-Stan-Smith-Primeknit-Wool.png?fit=fill&bg=FFFFFF&w=300&h=214&auto=format,compress&trim=color&q=90&dpr=2&updated_at=1538080256",https://stockx.com/adidas-stan-smith-primeknit-wool
Stan Smith,Men,"https://stockx.imgix.net/adidas-Stan-Smith-Triple-Core-Black.png?fit=fill&bg=FFFFFF&w=300&h=214&auto=format,compress&trim=color&q=90&dpr=2&updated_at=1562238272",https://stockx.com/adidas-stan-smith-triple-core-black
Stan Smith,Men,"https://stockx.imgix.net/Adidas-Stan-Smith-Pharrell-Tactile-Green.png?fit=fill&bg=FFFFFF&w=300&h=214&auto=format,compress&trim=color&q=90&dpr=2&updated_at=1538080256",https://stockx.com/adidas-stan-smith-pharrell-tactile-green
Stan Smith,Men,"https://stockx.imgix.net/Adidas-Stan-Smith-Cf-White-White-Green-Product.jpg?fit=fill&bg=FFFFFF&w=300&h=214&auto=format,compress&trim=color&q=90&dpr=2&updated_at=1576877270",https://stockx.com/adidas-stan-smith-cf-white-white-green
Stan Smith,Men,"https://stockx.imgix.net/adidas-Samba-Stan-Smith-Raf-Simons-Black-White-Bright-Blue.png?fit=fill&bg=FFFFFF&w=300&h=214&auto=format,compress&trim=color&q=90&dpr=2&updated_at=1554861305",https://stockx.com/adidas-samba-stan-smith-raf-simons-black-white-bright-blue
Stan Smith,Men,"https://stockx.imgix.net/Adidas-Stan-Smith-Pharrell-Tactile-Rose.png?fit=fill&bg=FFFFFF&w=300&h=214&auto=format,compress&trim=color&q=90&dpr=2&updated_at=1538080256",https://stockx.com/adidas-stan-smith-pharrell-tactile-rose
Stan Smith,Men,"https://stockx.imgix.net/Adidas-Stan-Smith-Boost-Primeknit-Black-Green.png?fit=fill&bg=FFFFFF&w=300&h=214&auto=format,compress&trim=color&q=90&dpr=2&updated_at=1538080256",https://stockx.com/adidas-stan-smith-boost-primeknit-black-green
Stan Smith,Men,"https://stockx.imgix.net/adidas-Stan-Smith-Raf-Simons-Core-Black-Product.jpg?fit=fill&bg=FFFFFF&w=300&h=214&auto=format,compress&trim=color&q=90&dpr=2&updated_at=1554047466",https://stockx.com/adidas-stan-smith-raf-simons-core-black
Stan Smith,Men,"https://stockx.imgix.net/adidas-Stan-Smith-Cloud-White-Collegiate-Royal.png?fit=fill&bg=FFFFFF&w=300&h=214&auto=format,compress&trim=color&q=90&dpr=2&updated_at=1581706779",https://stockx.com/adidas-stan-smith-cloud-white-collegiate-royal
Stan Smith,Men,"https://stockx.imgix.net/adidas-Stan-Smith-White-Bluebird.jpg?fit=fill&bg=FFFFFF&w=300&h=214&auto=format,compress&trim=color&q=90&dpr=2&updated_at=1584639787",https://stockx.com/adidas-stan-smith-white-bluebird
Stan Smith,Men,"https://stockx.imgix.net/adidas-Stan-Smith-Raf-Simons-Night-Sky.jpg?fit=fill&bg=FFFFFF&w=300&h=214&auto=format,compress&trim=color&q=90&dpr=2&updated_at=1566507162",https://stockx.com/adidas-stan-smith-raf-simons-night-sky
Stan Smith,Men,"https://stockx.imgix.net/Adidas-Stan-Smith-Boost-White-Green.png?fit=fill&bg=FFFFFF&w=300&h=214&auto=format,compress&trim=color&q=90&dpr=2&updated_at=1538080256",https://stockx.com/adidas-stan-smith-boost-white-green
Stan Smith,Men,"https://stockx.imgix.net/Adidas-Stan-Smith-Primeknit-Triple-Black-Product.jpg?fit=fill&bg=FFFFFF&w=300&h=214&auto=format,compress&trim=color&q=90&dpr=2&updated_at=1566245093",https://stockx.com/adidas-stan-smith-primeknit-triple-black
Stan Smith,Men,"https://stockx.imgix.net/adidas-Stan-Smith-Raf-Simons-Core-White-Product.jpg?fit=fill&bg=FFFFFF&w=300&h=214&auto=format,compress&trim=color&q=90&dpr=2&updated_at=1570825242",https://stockx.com/adidas-stan-smith-raf-simons-core-white
Stan Smith,Men,"https://stockx.imgix.net/adidas-Stan-Smith-Cloud-White-Trace-Cargo.png?fit=fill&bg=FFFFFF&w=300&h=214&auto=format,compress&trim=color&q=90&dpr=2&updated_at=1581706767",https://stockx.com/adidas-stan-smith-cloud-white-trace-cargo
Stan Smith,Men,"https://stockx.imgix.net/adidas-Stan-Smith-Raf-Simons-Powder-Blue-Product.jpg?fit=fill&bg=FFFFFF&w=300&h=214&auto=format,compress&trim=color&q=90&dpr=2&updated_at=1559770003",https://stockx.com/adidas-stan-smith-raf-simons-powder-blue
Stan Smith,Men,"https://stockx.imgix.net/adidas-Stan-Smith-Raf-Simons-Cream-Product.jpg?fit=fill&bg=FFFFFF&w=300&h=214&auto=format,compress&trim=color&q=90&dpr=2&updated_at=1582323566",https://stockx.com/adidas-stan-smith-raf-simons-cream
Stan Smith,Men,"https://stockx.imgix.net/Adidas-Stan-Smith-Vintage-OG-Green.png?fit=fill&bg=FFFFFF&w=300&h=214&auto=format,compress&trim=color&q=90&dpr=2&updated_at=1538080256",https://stockx.com/adidas-stan-smith-vintage-og-green
Stan Smith,Men,"https://stockx.imgix.net/Adidas-Stan-Smith-Pharrell-BBC-White-Product.jpg?fit=fill&bg=FFFFFF&w=300&h=214&auto=format,compress&trim=color&q=90&dpr=2&updated_at=1598377195",https://stockx.com/adidas-stan-smith-pharrell-bbc-white
Stan Smith,Men,"https://stockx.imgix.net/Adidas-Stan-Smith-Pharrell-Holi-Yellow.png?fit=fill&bg=FFFFFF&w=300&h=214&auto=format,compress&trim=color&q=90&dpr=2&updated_at=1538080256",https://stockx.com/adidas-stan-smith-pharrell-holi-yellow
Stan Smith,Men,"https://stockx.imgix.net/adidas-Stan-Smith-Ash-Silver.png?fit=fill&bg=FFFFFF&w=300&h=214&auto=format,compress&trim=color&q=90&dpr=2&updated_at=1581706764",https://stockx.com/adidas-stan-smith-ash-silver
Stan Smith,Men,"https://stockx.imgix.net/Adidas-Stan-Smith-Raf-Simons-Comfort-Badge-Black.png?fit=fill&bg=FFFFFF&w=300&h=214&auto=format,compress&trim=color&q=90&dpr=2&updated_at=1538080256",https://stockx.com/adidas-stan-smith-raf-simons-comfort-badge-black
Stan Smith,Men,"https://stockx.imgix.net/adidas-Stan-Smith-Raf-Simons-Bright-Yellow.png?fit=fill&bg=FFFFFF&w=300&h=214&auto=format,compress&trim=color&q=90&dpr=2&updated_at=1538080256",https://stockx.com/adidas-stan-smith-raf-simons-bright-yellow
Stan Smith,Men,"https://stockx.imgix.net/Adidas-Stan-Smith-Pharrell-Holi-Red.png?fit=fill&bg=FFFFFF&w=300&h=214&auto=format,compress&trim=color&q=90&dpr=2&updated_at=1538080256",https://stockx.com/adidas-stan-smith-pharrell-holi-red
Stan Smith,Men,"https://stockx.imgix.net/Adidas-Stan-Smith-Adicolor-Scarle-Ecarla.jpg?fit=fill&bg=FFFFFF&w=300&h=214&auto=format,compress&trim=color&q=90&dpr=2&updated_at=1538080256",https://stockx.com/adidas-stan-smith-adicolor-scarle-ecarla
Stan Smith,Men,"https://stockx.imgix.net/adidas-Stan-Smith-Cloud-White-Semi-Coral.png?fit=fill&bg=FFFFFF&w=300&h=214&auto=format,compress&trim=color&q=90&dpr=2&updated_at=1581706762",https://stockx.com/adidas-stan-smith-cloud-white-semi-coral
Stan Smith,Men,"https://stockx.imgix.net/adidas-Stan-Smith-Recon-Off-White.png?fit=fill&bg=FFFFFF&w=300&h=214&auto=format,compress&trim=color&q=90&dpr=2&updated_at=1581706953",https://stockx.com/adidas-stan-smith-recon-off-white
Stan Smith,Men,"https://stockx.imgix.net/adidas-Stan-Smith-Raf-Simons-Mist-Stone.png?fit=fill&bg=FFFFFF&w=300&h=214&auto=format,compress&trim=color&q=90&dpr=2&updated_at=1554533581",https://stockx.com/adidas-stan-smith-raf-simons-mist-stone
Stan Smith,Men,"https://stockx.imgix.net/adidas-Stan-Smith-Gold-Leaf-Product.jpg?fit=fill&bg=FFFFFF&w=300&h=214&auto=format,compress&trim=color&q=90&dpr=2&updated_at=1551742645",https://stockx.com/adidas-stan-smith-gold-leaf
Stan Smith,Men,"https://stockx-assets.imgix.net/media/New-Product-Placeholder-Default.jpg?auto=compress,format",https://stockx.com/adidas-stan-smith-fucking-awesome-orange
Stan Smith,Men,"https://stockx.imgix.net/Adidas-Stan-Smith-Pharrell-Holi-Green.png?fit=fill&bg=FFFFFF&w=300&h=214&auto=format,compress&trim=color&q=90&dpr=2&updated_at=1538080256",https://stockx.com/adidas-stan-smith-pharrell-holi-green
Stan Smith,Men,"https://stockx.imgix.net/Adidas-Stan-Smith-Pharrell-Holi-Blue.png?fit=fill&bg=FFFFFF&w=300&h=214&auto=format,compress&trim=color&q=90&dpr=2&updated_at=1538080256",https://stockx.com/adidas-stan-smith-pharrell-holi-blue
Stan Smith,Men,"https://stockx.imgix.net/adidas-Stan-Smith-mita-Cages-and-Coordinates.png?fit=fill&bg=FFFFFF&w=300&h=214&auto=format,compress&trim=color&q=90&dpr=2&updated_at=1538080256",https://stockx.com/adidas-stan-smith-mita-cages-and-coordinates
Stan Smith,Men,"https://stockx.imgix.net/adidas-Stan-Smith-AdiColor-Blue.jpg?fit=fill&bg=FFFFFF&w=300&h=214&auto=format,compress&trim=color&q=90&dpr=2&updated_at=1538080256",https://stockx.com/adidas-stan-smith-adicolor-blue
Stan Smith,Men,"https://stockx.imgix.net/adidas-Stan-Smith-Recon-Core-Black.png?fit=fill&bg=FFFFFF&w=300&h=214&auto=format,compress&trim=color&q=90&dpr=2&updated_at=1581706759",https://stockx.com/adidas-stan-smith-recon-core-black
Stan Smith,Men,"https://stockx.imgix.net/adidas-Stan-Smith-Cloud-White-Ash-Grey-Product.jpg?fit=fill&bg=FFFFFF&w=300&h=214&auto=format,compress&trim=color&q=90&dpr=2&updated_at=1583360568",https://stockx.com/adidas-stan-smith-cloud-white-ash-grey
Stan Smith,Men,"https://stockx.imgix.net/Adidas-Y-3-Stan-Smith-Zip-Dark-Olive.png?fit=fill&bg=FFFFFF&w=300&h=214&auto=format,compress&trim=color&q=90&dpr=2&updated_at=1538080256",https://stockx.com/adidas-y-3-stan-smith-zip-dark-olive
Stan Smith,Men,"https://stockx.imgix.net/Adidas-Stan-Smith-Pharrell-BBC-Palm-Tree-Green.jpg?fit=fill&bg=FFFFFF&w=300&h=214&auto=format,compress&trim=color&q=90&dpr=2&updated_at=1538080256",https://stockx.com/adidas-stan-smith-pharrell-bbc-palm-tree-green
Stan Smith,Men,"https://stockx.imgix.net/Adidas-Stan-Smith-Pharrell-Tennis-White.jpg?fit=fill&bg=FFFFFF&w=300&h=214&auto=format,compress&trim=color&q=90&dpr=2&updated_at=1538080256",https://stockx.com/adidas-stan-smith-pharrell-tennis-white
Stan Smith,Men,"https://stockx.imgix.net/adidas-Stan-Smith-Primeknit-Vapour-Green.jpg?fit=fill&bg=FFFFFF&w=300&h=214&auto=format,compress&trim=color&q=90&dpr=2&updated_at=1538080256",https://stockx.com/adidas-stan-smith-primeknit-vapour-green
Stan Smith,Men,"https://stockx.imgix.net/adidas-Stan-Smith-80s-Mid-Star-Wars-Darth-Vader.jpeg?fit=fill&bg=FFFFFF&w=300&h=214&auto=format,compress&trim=color&q=90&dpr=2&updated_at=1580325806",https://stockx.com/adidas-stan-smith-80s-mid-star-wars-darth-vader
Stan Smith,Men,"https://stockx.imgix.net/Adidas-Stan-Smith-Cncpts-Snakeskin-Product.jpg?fit=fill&bg=FFFFFF&w=300&h=214&auto=format,compress&trim=color&q=90&dpr=2&updated_at=1598377195",https://stockx.com/adidas-stan-smith-concepts-snakeskin
Stan Smith,Men,"https://stockx.imgix.net/Adidas-Stan-Smith-Shock-Red-Shock-Red.jpg?fit=fill&bg=FFFFFF&w=300&h=214&auto=format,compress&trim=color&q=90&dpr=2&updated_at=1538080256",https://stockx.com/adidas-stan-smith-shock-red-shock-red
Stan Smith,Men,"https://stockx.imgix.net/adidas-Stan-Smith-Night-Cargo.png?fit=fill&bg=FFFFFF&w=300&h=214&auto=format,compress&trim=color&q=90&dpr=2&updated_at=1581706757",https://stockx.com/adidas-stan-smith-night-cargo
Stan Smith,Men,"https://stockx.imgix.net/Adidas-Stan-Smith-Pharrell-Tennis-Green-Product.jpg?fit=fill&bg=FFFFFF&w=300&h=214&auto=format,compress&trim=color&q=90&dpr=2&updated_at=1559855166",https://stockx.com/adidas-stan-smith-pharrell-tennis-green
Stan Smith,Men,"https://stockx.imgix.net/adidas-Stan-Smith-Collegiate-Burgundy.png?fit=fill&bg=FFFFFF&w=300&h=214&auto=format,compress&trim=color&q=90&dpr=2&updated_at=1581706769",https://stockx.com/adidas-stan-smith-collegiate-burgundy
Stan Smith,Men,"https://stockx.imgix.net/Adidas-Stan-Smith-Pharrell-BBC-Black-Product.jpg?fit=fill&bg=FFFFFF&w=300&h=214&auto=format,compress&trim=color&q=90&dpr=2&updated_at=1598377195",https://stockx.com/adidas-stan-smith-pharrell-bbc-black
Stan Smith,Men,"https://stockx.imgix.net/Adidas-Stan-Smith-Primeknit-Triple-White.png?fit=fill&bg=FFFFFF&w=300&h=214&auto=format,compress&trim=color&q=90&dpr=2&updated_at=1538080256",https://stockx.com/adidas-stan-smith-primeknit-triple-white
Stan Smith,Men,"https://stockx.imgix.net/adidas-Stan-Smith-Premium-Triple-White.png?fit=fill&bg=FFFFFF&w=300&h=214&auto=format,compress&trim=color&q=90&dpr=2&updated_at=1542157569",https://stockx.com/adidas-stan-smith-premium-triple-white
Stan Smith,Men,"https://stockx.imgix.net/Adidas-Stan-Smith-Chinese-New-Year.png?fit=fill&bg=FFFFFF&w=300&h=214&auto=format,compress&trim=color&q=90&dpr=2&updated_at=1538080256",https://stockx.com/adidas-stan-smith-chinese-new-year
Stan Smith,Men,"https://stockx.imgix.net/adidas-Consortium-Stan-Smith-CLOT-2014-Product.jpg?fit=fill&bg=FFFFFF&w=300&h=214&auto=format,compress&trim=color&q=90&dpr=2&updated_at=1586298179",https://stockx.com/adidas-stan-smith-clot-black-gold
Stan Smith,Men,"https://stockx.imgix.net/Adidas-Stan-Smith-Pharrell-Solids-Red-Product.jpg?fit=fill&bg=FFFFFF&w=300&h=214&auto=format,compress&trim=color&q=90&dpr=2&updated_at=1598377195",https://stockx.com/adidas-stan-smith-pharrell-red
Stan Smith,Men,"https://stockx.imgix.net/adidas-Stan-Smith-Raf-Simons-White-Green.png?fit=fill&bg=FFFFFF&w=300&h=214&auto=format,compress&trim=color&q=90&dpr=2&updated_at=1538080256",https://stockx.com/adidas-stan-smith-raf-simons-white-green
Stan Smith,Men,"https://stockx.imgix.net/Adidas-Stan-Smith-Pharrell-Linen-Green.png?fit=fill&bg=FFFFFF&w=300&h=214&auto=format,compress&trim=color&q=90&dpr=2&updated_at=1538080256",https://stockx.com/adidas-stan-smith-pharrell-linen-green
Stan Smith,Men,"https://stockx.imgix.net/adidas-Stan-Smith-Cloud-White-Black.jpg?fit=fill&bg=FFFFFF&w=300&h=214&auto=format,compress&trim=color&q=90&dpr=2&updated_at=1584639768",https://stockx.com/adidas-stan-smith-cloud-white-black
Stan Smith,Men,"https://stockx.imgix.net/Adidas-Stan-Smith-Pharrell-Solids-Blue.jpg?fit=fill&bg=FFFFFF&w=300&h=214&auto=format,compress&trim=color&q=90&dpr=2&updated_at=1538080256",https://stockx.com/adidas-stan-smith-pharrell-blue
Stan Smith,Men,"https://stockx.imgix.net/adidas-Raf-Simons-Stan-Smith-Strap-Royal-Blue-Red.jpg?fit=fill&bg=FFFFFF&w=300&h=214&auto=format,compress&trim=color&q=90&dpr=2&updated_at=1538080256",https://stockx.com/adidas-raf-simons-stan-smith-strap-royal-blue-red
Stan Smith,Men,"https://stockx.imgix.net/Adidas-Stan-Smith-Pharrell-Raw-Pink.png?fit=fill&bg=FFFFFF&w=300&h=214&auto=format,compress&trim=color&q=90&dpr=2&updated_at=1538080256",https://stockx.com/adidas-stan-smith-pharrell-raw-pink
Stan Smith,Men,"https://stockx.imgix.net/Adidas-Stan-Smith-Primeknit-White-Black.png?fit=fill&bg=FFFFFF&w=300&h=214&auto=format,compress&trim=color&q=90&dpr=2&updated_at=1538080256",https://stockx.com/adidas-stan-smith-primeknit-white-black
Stan Smith,Men,"https://stockx.imgix.net/adidas-Stan-Smith-Blue-Tint.png?fit=fill&bg=FFFFFF&w=300&h=214&auto=format,compress&trim=color&q=90&dpr=2&updated_at=1581706770",https://stockx.com/adidas-stan-smith-blue-tint
Stan Smith,Men,"https://stockx.imgix.net/Adidas-Stan-Smith-Pharrell-Tennis-Orange.jpg?fit=fill&bg=FFFFFF&w=300&h=214&auto=format,compress&trim=color&q=90&dpr=2&updated_at=1538080256",https://stockx.com/adidas-stan-smith-pharrell-tennis-orange
Stan Smith,Men,"https://stockx.imgix.net/adidas-Stan-Smith-x-Raf-Simons-Comfort-Red.jpg?fit=fill&bg=FFFFFF&w=300&h=214&auto=format,compress&trim=color&q=90&dpr=2&updated_at=1580161299",https://stockx.com/adidas-stan-smith-x-raf-simons-comfort-red
Stan Smith,Men,"https://stockx.imgix.net/adidas-Stan-Smith-Pharrell-Jacquard-White.png?fit=fill&bg=FFFFFF&w=300&h=214&auto=format,compress&trim=color&q=90&dpr=2&updated_at=1546067197",https://stockx.com/adidas-stan-smith-pharrell-jacquard-white
Stan Smith,Men,"https://stockx.imgix.net/Adidas-Stan-Smith-Fashion-Week-Product.jpg?fit=fill&bg=FFFFFF&w=300&h=214&auto=format,compress&trim=color&q=90&dpr=2&updated_at=1598377195",https://stockx.com/adidas-stan-smith-fashion-week
Stan Smith,Men,"https://stockx.imgix.net/adidas-Stan-Smith-Cloud-White-Core-Black.png?fit=fill&bg=FFFFFF&w=300&h=214&auto=format,compress&trim=color&q=90&dpr=2&updated_at=1581706777",https://stockx.com/adidas-stan-smith-cloud-white-core-black
Stan Smith,Men,"https://stockx.imgix.net/Adidas-Stan-Smith-Boost-SNS-Shades-Of-White-V2.png?fit=fill&bg=FFFFFF&w=300&h=214&auto=format,compress&trim=color&q=90&dpr=2&updated_at=1538080256",https://stockx.com/adidas-stan-smith-boost-sns-shades-of-white-v2
Stan Smith,Men,"https://stockx.imgix.net/Adidas-Stan-Smith-Raf-Simons-Comfort-White-Black.png?fit=fill&bg=FFFFFF&w=300&h=214&auto=format,compress&trim=color&q=90&dpr=2&updated_at=1538080256",https://stockx.com/adidas-stan-smith-raf-simons-comfort-white-black
Stan Smith,Men,"https://stockx-assets.imgix.net/media/New-Product-Placeholder-Default.jpg?auto=compress,format",https://stockx.com/adidas-stan-smith-mid-hellboy-2
Stan Smith,Men,"https://stockx.imgix.net/adidas-Stan-Smith-Grey-One.jpg?fit=fill&bg=FFFFFF&w=300&h=214&auto=format,compress&trim=color&q=90&dpr=2&updated_at=1584639777",https://stockx.com/adidas-stan-smith-grey-one
Stan Smith,Men,"https://stockx-assets.imgix.net/media/New-Product-Placeholder-Default.jpg?auto=compress,format",https://stockx.com/adidas-pw-stan-smithy-spd-ftwwhite-red-blubir
Stan Smith,Men,"https://stockx.imgix.net/adidas-Stan-Smith-Team-Royal-Blue.jpg?fit=fill&bg=FFFFFF&w=300&h=214&auto=format,compress&trim=color&q=90&dpr=2&updated_at=1584639784",https://stockx.com/adidas-stan-smith-team-royal-blue
Stan Smith,Men,"https://stockx.imgix.net/adidas-Stan-Smith-80s-Mid-Star-Wars-White-White.jpg?fit=fill&bg=FFFFFF&w=300&h=214&auto=format,compress&trim=color&q=90&dpr=2&updated_at=1538080256",https://stockx.com/adidas-stan-smith-80s-mid-star-wars-white-white
Stan Smith,Men,"https://stockx.imgix.net/Adidas-Stan-Smith-Primeknit-Triple-White.png?fit=fill&bg=FFFFFF&w=300&h=214&auto=format,compress&trim=color&q=90&dpr=2&updated_at=1563482279",https://stockx.com/adidas-stan-smith-primeknit-footwear-white
Stan Smith,Men,"https://stockx.imgix.net/Adidas-Stan-Smith-Kicks-Lab-Croc-Dark-Burgundy.jpg?fit=fill&bg=FFFFFF&w=300&h=214&auto=format,compress&trim=color&q=90&dpr=2&updated_at=1561401127",https://stockx.com/adidas-stan-smith-kicks-lab-crock-dark-burgundy
Stan Smith,Men,"https://stockx.imgix.net/adidas-Stan-Smith-Recon-Cloud-White.png?fit=fill&bg=FFFFFF&w=300&h=214&auto=format,compress&trim=color&q=90&dpr=2&updated_at=1581706758",https://stockx.com/adidas-stan-smith-recon-cloud-white
Stan Smith,Men,"https://stockx.imgix.net/adidas-Stan-Smith-Cloud-White.jpg?fit=fill&bg=FFFFFF&w=300&h=214&auto=format,compress&trim=color&q=90&dpr=2&updated_at=1584639771",https://stockx.com/adidas-stan-smith-cloud-white
Stan Smith,Men,"https://stockx.imgix.net/Adidas-Stan-Smith-Primeknit-White.jpg?fit=fill&bg=FFFFFF&w=300&h=214&auto=format,compress&trim=color&q=90&dpr=2&updated_at=1551301680",https://stockx.com/adidas-stan-smith-primeknit-white
Stan Smith,Men,"https://stockx-assets.imgix.net/media/New-Product-Placeholder-Default.jpg?auto=compress,format",https://stockx.com/adidas-stan-smith-white-white-green
Stan Smith,Men,"https://stockx.imgix.net/Adidas-Stan-Smith-Pharrell-Icey-Blue.png?fit=fill&bg=FFFFFF&w=300&h=214&auto=format,compress&trim=color&q=90&dpr=2&updated_at=1538080256",https://stockx.com/adidas-stan-smith-pharrell-icey-blue
Stan Smith,Men,"https://stockx.imgix.net/Adidas-Stan-Smith-Mid-10-Deep-Raw-Dogs.jpg?fit=fill&bg=FFFFFF&w=300&h=214&auto=format,compress&trim=color&q=90&dpr=2&updated_at=1538080256",https://stockx.com/adidas-stan-smith-mid-10-deep-raw-dogs
Stan Smith,Men,"https://stockx.imgix.net/Adidas-Stan-Smith-Pharrell-Solids-Black.jpg?fit=fill&bg=FFFFFF&w=300&h=214&auto=format,compress&trim=color&q=90&dpr=2&updated_at=1538080256",https://stockx.com/adidas-stan-smith-pharrell-black
Stan Smith,Men,"https://stockx.imgix.net/adidas-Stan-Smith-Recon-White-Green.png?fit=fill&bg=FFFFFF&w=300&h=214&auto=format,compress&trim=color&q=90&dpr=2&updated_at=1538080256",https://stockx.com/adidas-stan-smith-recon-white-green
Stan Smith,Men,"https://stockx.imgix.net/Adidas-Stan-Smith-Kvadrat-Grey.png?fit=fill&bg=FFFFFF&w=300&h=214&auto=format,compress&trim=color&q=90&dpr=2&updated_at=1538080256",https://stockx.com/adidas-stan-smith-kvadrat-grey
Stan Smith,Men,"https://stockx.imgix.net/Adidas-Stan-Smith-Pharrell-Tactile-Blue.png?fit=fill&bg=FFFFFF&w=300&h=214&auto=format,compress&trim=color&q=90&dpr=2&updated_at=1538080256",https://stockx.com/adidas-stan-smith-pharrell-tactile-blue
Stan Smith,Men,"https://stockx.imgix.net/Adidas-Stan-Smith-White-Grey-Gum.png?fit=fill&bg=FFFFFF&w=300&h=214&auto=format,compress&trim=color&q=90&dpr=2&updated_at=1538080256",https://stockx.com/adidas-stan-smith-white-grey-gum
Stan Smith,Men,"https://stockx.imgix.net/adidas-Stan-Smith-Clear-Sky-W.jpg?fit=fill&bg=FFFFFF&w=300&h=214&auto=format,compress&trim=color&q=90&dpr=2&updated_at=1584639766",https://stockx.com/adidas-stan-smith-clear-sky-w
Stan Smith,Men,"https://stockx.imgix.net/Adidas-Stan-Smith-CF-White-Mountaineering-Black.png?fit=fill&bg=FFFFFF&w=300&h=214&auto=format,compress&trim=color&q=90&dpr=2&updated_at=1538080256",https://stockx.com/adidas-stan-smith-cf-white-mountaineering-black
Stan Smith,Men,"https://stockx.imgix.net/adidas-Stan-Smith-Some-People-Think-Im-a-Shoe.JPG?fit=fill&bg=FFFFFF&w=300&h=214&auto=format,compress&trim=color&q=90&dpr=2&updated_at=1582214321",https://stockx.com/adidas-stan-smith-some-people-think-im-a-shoe
Stan Smith,Men,"https://stockx.imgix.net/Adidas-Stan-Smith-Raf-Simons-Yellow.png?fit=fill&bg=FFFFFF&w=300&h=214&auto=format,compress&trim=color&q=90&dpr=2&updated_at=1538080256",https://stockx.com/adidas-stan-smith-raf-simons-yellow
Stan Smith,Men,"https://stockx.imgix.net/Adidas-Stan-Smith-Alife-X-Starcow-Product.jpg?fit=fill&bg=FFFFFF&w=300&h=214&auto=format,compress&trim=color&q=90&dpr=2&updated_at=1561403631",https://stockx.com/adidas-stan-smith-alife-x-starcow
Stan Smith,Men,"https://stockx.imgix.net/adidas-Stan-Smith-Raf-Simons-Burgundy.png?fit=fill&bg=FFFFFF&w=300&h=214&auto=format,compress&trim=color&q=90&dpr=2&updated_at=1547535704",https://stockx.com/adidas-stan-smith-raf-simons-burgundy
Stan Smith,Men,"https://stockx.imgix.net/Adidas-Stan-Smith-Triple-Black.png?fit=fill&bg=FFFFFF&w=300&h=214&auto=format,compress&trim=color&q=90&dpr=2&updated_at=1538080256",https://stockx.com/adidas-stan-smith-triple-black
Stan Smith,Men,"https://stockx.imgix.net/adidas-Micropacer-Stan-Smith-Raf-Simons.png?fit=fill&bg=FFFFFF&w=300&h=214&auto=format,compress&trim=color&q=90&dpr=2&updated_at=1556075636",https://stockx.com/adidas-micropacer-stan-smith-raf-simons
Stan Smith,Men,"https://stockx.imgix.net/Adidas-Stan-Smith-Bait-Happy-420-Product.jpg?fit=fill&bg=FFFFFF&w=300&h=214&auto=format,compress&trim=color&q=90&dpr=2&updated_at=1598377195",https://stockx.com/adidas-stan-smith-bait-happy-420
Stan Smith,Men,"https://stockx.imgix.net/adidas-Stan-Smith-PC-Wool-Grey-Product.jpg?fit=fill&bg=FFFFFF&w=300&h=214&auto=format,compress&trim=color&q=90&dpr=2&updated_at=1581110770",https://stockx.com/adidas-stan-smith-pc-wool-grey
Stan Smith,Men,"https://stockx.imgix.net/Adidas-Stan-Smith-Boost-Primeknit-White-Green.png?fit=fill&bg=FFFFFF&w=300&h=214&auto=format,compress&trim=color&q=90&dpr=2&updated_at=1538080256",https://stockx.com/adidas-stan-smith-boost-primeknit-white-green
Stan Smith,Men,"https://stockx.imgix.net/Adidas-Stan-Smith-Pharrell-BBC-Palm-Tree-Red.jpg?fit=fill&bg=FFFFFF&w=300&h=214&auto=format,compress&trim=color&q=90&dpr=2&updated_at=1538080256",https://stockx.com/adidas-stan-smith-pharrell-bbc-palm-tree-red
Stan Smith,Men,"https://stockx.imgix.net/Adidas-Stan-Smith-Raf-Simons-White-Black.png?fit=fill&bg=FFFFFF&w=300&h=214&auto=format,compress&trim=color&q=90&dpr=2&updated_at=1538080256",https://stockx.com/adidas-stan-smith-raf-simons-white-black
Stan Smith,Men,"https://stockx.imgix.net/Adidas-Stan-Smith-Charcoal.png?fit=fill&bg=FFFFFF&w=300&h=214&auto=format,compress&trim=color&q=90&dpr=2&updated_at=1538080256",https://stockx.com/adidas-stan-smith-charcoal
Stan Smith,Men,"https://stockx.imgix.net/adidas-Stan-Smith-Boost-Black-Green-Product.jpg?fit=fill&bg=FFFFFF&w=300&h=214&auto=format,compress&trim=color&q=90&dpr=2&updated_at=1559766635",https://stockx.com/adidas-stan-smith-boost-black-green
Stan Smith,Men,"https://stockx.imgix.net/Adidas-Stan-Smith-Adicolor-Halo-Blue.png?fit=fill&bg=FFFFFF&w=300&h=214&auto=format,compress&trim=color&q=90&dpr=2&updated_at=1538080256",https://stockx.com/adidas-stan-smith-adicolor-halo-blue
Stan Smith,Men,"https://stockx.imgix.net/Adidas-Stan-Smith-Pharrell-Blank-Canvas.png?fit=fill&bg=FFFFFF&w=300&h=214&auto=format,compress&trim=color&q=90&dpr=2&updated_at=1538080256",https://stockx.com/adidas-stan-smith-pharrell-blank-canvas
Stan Smith,Men,"https://stockx.imgix.net/adidas-Stan-Smith-Boost-White-Navy.png?fit=fill&bg=FFFFFF&w=300&h=214&auto=format,compress&trim=color&q=90&dpr=2&updated_at=1551757822",https://stockx.com/adidas-stan-smith-boost-white-navy
Stan Smith,Men,"https://stockx.imgix.net/adidas-Stan-Smith-Easy-Yellow.jpg?fit=fill&bg=FFFFFF&w=300&h=214&auto=format,compress&trim=color&q=90&dpr=2&updated_at=1584639775",https://stockx.com/adidas-stan-smith-easy-yellow
Stan Smith,Men,"https://stockx.imgix.net/Adidas-Stan-Smith-Raf-Simons-Black-Orange.png?fit=fill&bg=FFFFFF&w=300&h=214&auto=format,compress&trim=color&q=90&dpr=2&updated_at=1538080256",https://stockx.com/adidas-stan-smith-raf-simons-black-orange
Stan Smith,Men,"https://stockx.imgix.net/Adidas-Stan-Smith-Raf-Simons-Comfort-Badge-Power-Red.png?fit=fill&bg=FFFFFF&w=300&h=214&auto=format,compress&trim=color&q=90&dpr=2&updated_at=1538080256",https://stockx.com/adidas-stan-smith-raf-simons-comfort-badge-power-red
Stan Smith,Men,"https://stockx.imgix.net/Adidas-Stan-Smith-Mid-Jacquard-Pharrell-Chalk-White.png?fit=fill&bg=FFFFFF&w=300&h=214&auto=format,compress&trim=color&q=90&dpr=2&updated_at=1538080256",https://stockx.com/adidas-stan-smith-mid-jacquard-pharrell-chalk-white
Stan Smith,Men,"https://stockx.imgix.net/Adidas-Stan-Smith-Mid-Pc-Super-Cool-Super-Cool-Vintage-White.jpg?fit=fill&bg=FFFFFF&w=300&h=214&auto=format,compress&trim=color&q=90&dpr=2&updated_at=1538080256",https://stockx.com/adidas-stan-smith-mid-pc-super-cool-super-cool-vintage-white
Stan Smith,Men,"https://stockx.imgix.net/Adidas-Stan-Smith-Arthur-Ashe-BHM.png?fit=fill&bg=FFFFFF&w=300&h=214&auto=format,compress&trim=color&q=90&dpr=2&updated_at=1538080256",https://stockx.com/adidas-stan-smith-arthur-ashe-bhm
Stan Smith,Men,"https://stockx-assets.imgix.net/media/New-Product-Placeholder-Default.jpg?auto=compress,format",https://stockx.com/adidas-stan-smith-run-white-run-white-red
Stan Smith,Men,"https://stockx.imgix.net/Adidas-Stan-Smith-Horween-Leather-Tan.jpg?fit=fill&bg=FFFFFF&w=300&h=214&auto=format,compress&trim=color&q=90&dpr=2&updated_at=1538080256",https://stockx.com/adidas-stan-smith-horween-leather-tan
Stan Smith,Men,"https://stockx.imgix.net/adidas-Stan-Smith-Crystal-White-Black.jpg?fit=fill&bg=FFFFFF&w=300&h=214&auto=format,compress&trim=color&q=90&dpr=2&updated_at=1574371294",https://stockx.com/adidas-stan-smith-crystal-white-black
Stan Smith,Men,"https://stockx.imgix.net/Adidas-Stan-Smith-Primeknit-Solid-Grey.jpg?fit=fill&bg=FFFFFF&w=300&h=214&auto=format,compress&trim=color&q=90&dpr=2&updated_at=1538080256",https://stockx.com/adidas-stan-smith-primeknit-solid-grey
Stan Smith,Men,"https://stockx.imgix.net/adidas-Raf-Simons-Stan-Smith-Tomato-Red-Core-Black.jpg?fit=fill&bg=FFFFFF&w=300&h=214&auto=format,compress&trim=color&q=90&dpr=2&updated_at=1538080256",https://stockx.com/adidas-raf-simons-stan-smith-tomato-red-core-black
Stan Smith,Men,"https://stockx.imgix.net/Adidas-Stan-Smith-Pharrell-Jacquard-Product.jpg?fit=fill&bg=FFFFFF&w=300&h=214&auto=format,compress&trim=color&q=90&dpr=2&updated_at=1578691530",https://stockx.com/adidas-stan-smith-pharrell-jacquard
Stan Smith,Men,"https://stockx-assets.imgix.net/media/New-Product-Placeholder-Default.jpg?auto=compress,format",https://stockx.com/adidas-stan-smith-porter-tanker
Stan Smith,Men,"https://stockx.imgix.net/Adidas-Stan-Smith-Mid-White-Green.png?fit=fill&bg=FFFFFF&w=300&h=214&auto=format,compress&trim=color&q=90&dpr=2&updated_at=1538080256",https://stockx.com/adidas-stan-smith-mid-white-green
Stan Smith,Men,"https://stockx.imgix.net/Adidas-Stan-Smith-Primeknit-Triple-Black.jpg?fit=fill&bg=FFFFFF&w=300&h=214&auto=format,compress&trim=color&q=90&dpr=2&updated_at=1538080256",https://stockx.com/adidas-stan-smith-primeknit-core-black
Stan Smith,Men,"https://stockx.imgix.net/adidas-Stan-Smith-White-Dark-Burgundy.jpg?fit=fill&bg=FFFFFF&w=300&h=214&auto=format,compress&trim=color&q=90&dpr=2&updated_at=1574371295",https://stockx.com/adidas-stan-smith-white-dark-burgundy
Stan Smith,Men,"https://stockx-assets.imgix.net/media/New-Product-Placeholder-Default.jpg?auto=compress,format",https://stockx.com/stan-smith-end-london
Stan Smith,Men,"https://stockx.imgix.net/Adidas-Stan-Smith-Raf-Simons-Comfort-Celebrity-White.png?fit=fill&bg=FFFFFF&w=300&h=214&auto=format,compress&trim=color&q=90&dpr=2&updated_at=1538080256",https://stockx.com/adidas-stan-smith-raf-simons-comfort-celebrity-white
Stan Smith,Men,"https://stockx.imgix.net/Adidas-Stan-Smith-Colette.jpg?fit=fill&bg=FFFFFF&w=300&h=214&auto=format,compress&trim=color&q=90&dpr=2&updated_at=1538080256",https://stockx.com/adidas-stan-smith-colette
Stan Smith,Men,"https://stockx.imgix.net/Adidas-Stan-Smith-Primeknit-Black-Green-Orange.png?fit=fill&bg=FFFFFF&w=300&h=214&auto=format,compress&trim=color&q=90&dpr=2&updated_at=1538080256",https://stockx.com/adidas-stan-smith-primeknit-black-green-orange
Stan Smith,Men,"https://stockx.imgix.net/Adidas-Stan-Smith-White-Black.png?fit=fill&bg=FFFFFF&w=300&h=214&auto=format,compress&trim=color&q=90&dpr=2&updated_at=1538080256",https://stockx.com/adidas-stan-smith-white-black
Stan Smith,Men,"https://stockx.imgix.net/Adidas-Stan-Smith-CF-White-Mountaineering-White.png?fit=fill&bg=FFFFFF&w=300&h=214&auto=format,compress&trim=color&q=90&dpr=2&updated_at=1538080256",https://stockx.com/adidas-stan-smith-cf-white-mountaineering-white
Stan Smith,Men,"https://stockx.imgix.net/Adidas-Stan-Smith-Mid-Jacquard-Pharrell-Collegiate-Navy-Product.jpg?fit=fill&bg=FFFFFF&w=300&h=214&auto=format,compress&trim=color&q=90&dpr=2&updated_at=1598377218",https://stockx.com/adidas-stan-smith-mid-jacquard-pharrell-collegiate-navy
Stan Smith,Men,"https://stockx.imgix.net/Adidas-Stan-Smith-Wings-and-Horns.jpg?fit=fill&bg=FFFFFF&w=300&h=214&auto=format,compress&trim=color&q=90&dpr=2&updated_at=1538080256",https://stockx.com/adidas-stan-smith-wings-and-horns
Stan Smith,Men,"https://stockx.imgix.net/Adidas-Stan-Smith-Raf-Simons-Sand.png?fit=fill&bg=FFFFFF&w=300&h=214&auto=format,compress&trim=color&q=90&dpr=2&updated_at=1538080256",https://stockx.com/adidas-stan-smith-raf-simons-sand
Stan Smith,Men,"https://stockx.imgix.net/adidas-Stan-Smith-Bold-Noble-Indigo.jpg?fit=fill&bg=FFFFFF&w=300&h=214&auto=format,compress&trim=color&q=90&dpr=2&updated_at=1574371298",https://stockx.com/adidas-stan-smith-bold-noble-indigo
Stan Smith,Men,"https://stockx.imgix.net/Adidas-Stan-Smith-Copper-Kettle.jpg?fit=fill&bg=FFFFFF&w=300&h=214&auto=format,compress&trim=color&q=90&dpr=2&updated_at=1538080256",https://stockx.com/adidas-stan-smith-copper-kettle
Stan Smith,Men,"https://stockx.imgix.net/adidas-Stan-Smith-Vulc-Black-Black-White.jpg?fit=fill&bg=FFFFFF&w=300&h=214&auto=format,compress&trim=color&q=90&dpr=2&updated_at=1538080256",https://stockx.com/adidas-stan-smith-vulc-black-black-white
Stan Smith,Men,"https://stockx.imgix.net/adidas-Stan-Smith-x-Raf-Simons-Comfort-White.jpg?fit=fill&bg=FFFFFF&w=300&h=214&auto=format,compress&trim=color&q=90&dpr=2&updated_at=1580161299",https://stockx.com/adidas-stan-smith-x-raf-simons-comfort-white
Stan Smith,Men,"https://stockx.imgix.net/Adidas-Stan-Smith-Kicks-Lab-Croc-Legend-Ink.png?fit=fill&bg=FFFFFF&w=300&h=214&auto=format,compress&trim=color&q=90&dpr=2&updated_at=1538080256",https://stockx.com/adidas-stan-smith-kicks-lab-croc-legend-ink
Stan Smith,Men,"https://stockx.imgix.net/Adidas-Y-3-Stan-Smith-Zip-Black-Olive.png?fit=fill&bg=FFFFFF&w=300&h=214&auto=format,compress&trim=color&q=90&dpr=2&updated_at=1538080256",https://stockx.com/adidas-y-3-stan-smith-zip-black-olive
Stan Smith,Men,"https://stockx.imgix.net/Adidas-Stan-Smith-Barneys-Sole-Series-2018.png?fit=fill&bg=FFFFFF&w=300&h=214&auto=format,compress&trim=color&q=90&dpr=2&updated_at=1538080256",https://stockx.com/adidas-stan-smith-barneys-sole-series-2018
Stan Smith,Men,"https://stockx.imgix.net/adidas-Raf-Simons-Stan-Smith-Blush-Yellow.jpg?fit=fill&bg=FFFFFF&w=300&h=214&auto=format,compress&trim=color&q=90&dpr=2&updated_at=1539703021",https://stockx.com/adidas-raf-simons-stan-smith-blush-yellow
Stan Smith,Men,"https://stockx.imgix.net/adidas-Stan-Smith-Adicolor-Sun-Glow.png?fit=fill&bg=FFFFFF&w=300&h=214&auto=format,compress&trim=color&q=90&dpr=2&updated_at=1550030604",https://stockx.com/adidas-stan-smith-adicolor-sun-glow
Stan Smith,Men,"https://stockx.imgix.net/Adidas-Stan-Smith-CF-White-Mountaineering-Night-Cargo.jpg?fit=fill&bg=FFFFFF&w=300&h=214&auto=format,compress&trim=color&q=90&dpr=2&updated_at=1561400853",https://stockx.com/adidas-stan-smith-cf-white-mountaineering-night-cargo
Stan Smith,Men,"https://stockx.imgix.net/adidas-Stan-Smith-Ash-Pink.jpg?fit=fill&bg=FFFFFF&w=300&h=214&auto=format,compress&trim=color&q=90&dpr=2&updated_at=1574371296",https://stockx.com/adidas-stan-smith-ash-pink
Stan Smith,Men,"https://stockx.imgix.net/adidas-Stan-Smith-PK-White-Ultra-Pop.jpg?fit=fill&bg=FFFFFF&w=300&h=214&auto=format,compress&trim=color&q=90&dpr=2&updated_at=1574371299",https://stockx.com/adidas-stan-smith-pk-white-ultra-pop
Stan Smith,Men,"https://stockx.imgix.net/adidas-Stan-Smith-PK-Branch.jpg?fit=fill&bg=FFFFFF&w=300&h=214&auto=format,compress&trim=color&q=90&dpr=2&updated_at=1574371300",https://stockx.com/adidas-stan-smith-pk-branch
Stan Smith,Men,"https://stockx.imgix.net/Adidas-Stan-Smith-Chalk-Pearl.png?fit=fill&bg=FFFFFF&w=300&h=214&auto=format,compress&trim=color&q=90&dpr=2&updated_at=1561467849",https://stockx.com/adidas-stan-smith-chalk-pearl
Stan Smith,Men,"https://stockx-assets.imgix.net/media/New-Product-Placeholder-Default.jpg?auto=compress,format",https://stockx.com/adidas-stan-smith-rime-graffiti
Stan Smith,Men,"https://stockx-assets.imgix.net/media/New-Product-Placeholder-Default.jpg?auto=compress,format",https://stockx.com/adidas-stan-smith-raf-simons-micropacer
Stan Smith,Men,"https://stockx.imgix.net/Adidas-Stan-Smith-Kvadrat-Maroon.png?fit=fill&bg=FFFFFF&w=300&h=214&auto=format,compress&trim=color&q=90&dpr=2&updated_at=1538080256",https://stockx.com/adidas-stan-smith-kvadrat-maroon
Stan Smith,Men,"https://stockx-assets.imgix.net/media/New-Product-Placeholder-Default.jpg?auto=compress,format",https://stockx.com/adidas-stan-smith-indigo-orange-white
Stan Smith,Men,"https://stockx.imgix.net/adidas-Stan-Smith-Solar-Red-1.jpg?fit=fill&bg=FFFFFF&w=300&h=214&auto=format,compress&trim=color&q=90&dpr=2&updated_at=1584981706",https://stockx.com/adidas-stan-smith-solar-red
Stan Smith,Men,"https://stockx-assets.imgix.net/media/New-Product-Placeholder-Default.jpg?auto=compress,format",https://stockx.com/adidas-stan-smith-buckle-off-white
Stan Smith,Men,"https://stockx.imgix.net/Adidas-Stan-Smith-Kvadrat-Navy.png?fit=fill&bg=FFFFFF&w=300&h=214&auto=format,compress&trim=color&q=90&dpr=2&updated_at=1538080256",https://stockx.com/adidas-stan-smith-kvadrat-navy
Stan Smith,Men,"https://stockx.imgix.net/adidas-Stan-Smith-Adicolor-Blue-Blue.jpg?fit=fill&bg=FFFFFF&w=300&h=214&auto=format,compress&trim=color&q=90&dpr=2&updated_at=1538080256",https://stockx.com/adidas-stan-smith-adicolor-blue-blue
Stan Smith,Men,"https://stockx.imgix.net/adidas-Stan-Smith-CF-Nigo-White.jpg?fit=fill&bg=FFFFFF&w=300&h=214&auto=format,compress&trim=color&q=90&dpr=2&updated_at=1561744909",https://stockx.com/adidas-stan-smith-cf-nigo-white
Stan Smith,Men,"https://stockx.imgix.net/Adidas-Stan-Smith-80s-ARC.png?fit=fill&bg=FFFFFF&w=300&h=214&auto=format,compress&trim=color&q=90&dpr=2&updated_at=1538080256",https://stockx.com/adidas-stan-smith-80s-arc
Stan Smith,Men,"https://stockx.imgix.net/adidas-Stan-Smith-White-Orange.jpg?fit=fill&bg=FFFFFF&w=300&h=214&auto=format,compress&trim=color&q=90&dpr=2&updated_at=1574371296",https://stockx.com/adidas-stan-smith-white-orange
Stan Smith,Men,"https://stockx-assets.imgix.net/media/New-Product-Placeholder-Default.jpg?auto=compress,format",https://stockx.com/adidas-stan-smith-white-black-black
Stan Smith,Men,"https://stockx.imgix.net/Adidas-Stan-Smith-Primeknit.jpg?fit=fill&bg=FFFFFF&w=300&h=214&auto=format,compress&trim=color&q=90&dpr=2&updated_at=1538080256",https://stockx.com/adidas-stan-smith-primeknit
Stan Smith,Men,"https://stockx.imgix.net/adidas-Stan-Smith-Vulc-White.jpg?fit=fill&bg=FFFFFF&w=300&h=214&auto=format,compress&trim=color&q=90&dpr=2&updated_at=1539703022",https://stockx.com/adidas-stan-smith-vulc-white
Stan Smith,Men,"https://stockx-assets.imgix.net/media/New-Product-Placeholder-Default.jpg?auto=compress,format",https://stockx.com/adidas-stan-smith-pharrell-x-colette
Stan Smith,Men,"https://stockx.imgix.net/Adidas-Stan-Smith-2-Black.jpg?fit=fill&bg=FFFFFF&w=300&h=214&auto=format,compress&trim=color&q=90&dpr=2&updated_at=1538080256",https://stockx.com/adidas-stan-smith-2-black
Stan Smith,Men,"https://stockx.imgix.net/adidas-Stan-Smith-Cotton-Candy-Pink.jpg?fit=fill&bg=FFFFFF&w=300&h=214&auto=format,compress&trim=color&q=90&dpr=2&updated_at=1574371297",https://stockx.com/adidas-stan-smith-cotton-candy-pink
Stan Smith,Men,"https://stockx-assets.imgix.net/media/New-Product-Placeholder-Default.jpg?auto=compress,format",https://stockx.com/adidas-pw-stan-smith-spd-bluebird-red
Stan Smith,Men,"https://stockx.imgix.net/adidas-Raf-Simons-Stan-Smith-Ash-Pink-Ash-Pink.jpg?fit=fill&bg=FFFFFF&w=300&h=214&auto=format,compress&trim=color&q=90&dpr=2&updated_at=1538080256",https://stockx.com/adidas-raf-simons-stan-smith-ash-pink-ash-pink
Stan Smith,Men,"https://stockx.imgix.net/Adidas-Stan-Smith-Nigo-Kball-Ostrich.png?fit=fill&bg=FFFFFF&w=300&h=214&auto=format,compress&trim=color&q=90&dpr=2&updated_at=1538080256",https://stockx.com/adidas-stan-smith-nigo-kball-ostrich
