Running,Men,"https://stockx.imgix.net/Adidas-Futurecraft-MFG-Product.jpg?fit=fill&bg=FFFFFF&w=300&h=214&auto=format,compress&trim=color&q=90&dpr=2&updated_at=1598377218",https://stockx.com/adidas-futurecraft-mfg
Running,Men,"https://stockx.imgix.net/Adidas-3D-Runner-Black-Product.jpg?fit=fill&bg=FFFFFF&w=300&h=214&auto=format,compress&trim=color&q=90&dpr=2&updated_at=1598377218",https://stockx.com/adidas-3d-runner-black
Running,Men,"https://stockx.imgix.net/adidas-Alphaedge-4D-Cloud-White-Product.jpg?fit=fill&bg=FFFFFF&w=300&h=214&auto=format,compress&trim=color&q=90&dpr=2&updated_at=1561401469",https://stockx.com/adidas-alphaedge-4d-cloud-white
Running,Men,"https://stockx.imgix.net/adidas-Alphaedge-4D-White-Product.jpg?fit=fill&bg=FFFFFF&w=300&h=214&auto=format,compress&trim=color&q=90&dpr=2&updated_at=1543950666",https://stockx.com/adidas-alphaedge-4d-white
Running,Men,"https://stockx.imgix.net/adidas-Alphaedge-4D-Black.png?fit=fill&bg=FFFFFF&w=300&h=214&auto=format,compress&trim=color&q=90&dpr=2&updated_at=1557452436",https://stockx.com/adidas-alphaedge-4d-black
Running,Men,"https://stockx.imgix.net/adidas-Alphaboost-Triple-White.png?fit=fill&bg=FFFFFF&w=300&h=214&auto=format,compress&trim=color&q=90&dpr=2&updated_at=1562238261",https://stockx.com/adidas-alphaboost-triple-white
Running,Men,"https://stockx.imgix.net/Adidas-Futurecraft-4d-Daniel-Arsham-Product.jpg?fit=fill&bg=FFFFFF&w=300&h=214&auto=format,compress&trim=color&q=90&dpr=2&updated_at=1539982587",https://stockx.com/adidas-futurecraft-4d-daniel-arsham
Running,Men,"https://stockx.imgix.net/Adidas-AM4LDN-London.png?fit=fill&bg=FFFFFF&w=300&h=214&auto=format,compress&trim=color&q=90&dpr=2&updated_at=1538080256",https://stockx.com/adidas-am4ldn-london
Running,Men,"https://stockx.imgix.net/Adidas-Energy-Boost-Run-Thru-Time-Product.jpg?fit=fill&bg=FFFFFF&w=300&h=214&auto=format,compress&trim=color&q=90&dpr=2&updated_at=1553972110",https://stockx.com/adidas-energy-boost-run-thru-time
Running,Men,"https://stockx.imgix.net/adidas-Nite-Jogger-White-Multi.png?fit=fill&bg=FFFFFF&w=300&h=214&auto=format,compress&trim=color&q=90&dpr=2&updated_at=1584031719",https://stockx.com/adidas-nite-jogger-white-multi
Running,Men,"https://stockx.imgix.net/adidas-Alphaedge-2-4D-White-Product.jpg?fit=fill&bg=FFFFFF&w=300&h=214&auto=format,compress&trim=color&q=90&dpr=2&updated_at=1561401393",https://stockx.com/adidas-alphaedge-2-4d-white
Running,Men,"https://stockx.imgix.net/Adidas-AlphaEdge-4D-Ash-Green-Product.jpg?fit=fill&bg=FFFFFF&w=300&h=214&auto=format,compress&trim=color&q=90&dpr=2&updated_at=1538080256",https://stockx.com/adidas-alphaedge-4d-ash-green
Running,Men,"https://stockx.imgix.net/adidas-Speedfactory-AM4-Milan.png?fit=fill&bg=FFFFFF&w=300&h=214&auto=format,compress&trim=color&q=90&dpr=2&updated_at=1584629443",https://stockx.com/adidas-speedfactory-am4-milan
Running,Men,"https://stockx.imgix.net/Adidas-Seeulater-Alledo-White-Mountaineering-Core-Black.png?fit=fill&bg=FFFFFF&w=300&h=214&auto=format,compress&trim=color&q=90&dpr=2&updated_at=1538080256",https://stockx.com/adidas-seeulater-alledo-white-mountaineering-core-black
Running,Men,"https://stockx.imgix.net/adidas-Adizero-RC-Undefeated.png?fit=fill&bg=FFFFFF&w=300&h=214&auto=format,compress&trim=color&q=90&dpr=2&updated_at=1557198537",https://stockx.com/adidas-adizero-rc-undefeated
Running,Men,"https://stockx.imgix.net/Adidas-ACE-Tango-17pt1-Purecontrol-Turf-Trainer-Kith-Flamingos.png?fit=fill&bg=FFFFFF&w=300&h=214&auto=format,compress&trim=color&q=90&dpr=2&updated_at=1538080256",https://stockx.com/adidas-purecontrol-turf-trainer-kith-flamingos
Running,Men,"https://stockx.imgix.net/Adidas-AlphaBounce-AMS-Core-Black.png?fit=fill&bg=FFFFFF&w=300&h=214&auto=format,compress&trim=color&q=90&dpr=2&updated_at=1538080256",https://stockx.com/adidas-alphabounce-ams-core-black
Running,Men,"https://stockx.imgix.net/adidas-Alphaedge-4D-White-Aero-Green.png?fit=fill&bg=FFFFFF&w=300&h=214&auto=format,compress&trim=color&q=90&dpr=2&updated_at=1560315395",https://stockx.com/adidas-alphaedge-4d-parley-white-aero-green
Running,Men,"https://stockx.imgix.net/adidas-Alphaboost-Parley-Black-Product.jpg?fit=fill&bg=FFFFFF&w=300&h=214&auto=format,compress&trim=color&q=90&dpr=2&updated_at=1576268776",https://stockx.com/adidas-alphaboost-parley-black
Running,Men,"https://stockx.imgix.net/adidas-Speedfactory-AM4-Game-of-Thrones.jpg?fit=fill&bg=FFFFFF&w=300&h=214&auto=format,compress&trim=color&q=90&dpr=2&updated_at=1559058766",https://stockx.com/adidas-speedfactory-am4-game-of-thrones
Running,Men,"https://stockx.imgix.net/adidas-Futurecraft-4D-Onix-Aero-Green-Product.jpg?fit=fill&bg=FFFFFF&w=300&h=214&auto=format,compress&trim=color&q=90&dpr=2&updated_at=1544657046",https://stockx.com/adidas-futurecraft-4d-onix-aero-green
Running,Men,"https://stockx.imgix.net/adidas-Alphabounce-Instinct-Cloud-White-Grey-Two-Product.jpg?fit=fill&bg=FFFFFF&w=300&h=214&auto=format,compress&trim=color&q=90&dpr=2&updated_at=1560367167",https://stockx.com/adidas-alphabounce-instinct-cloud-white-grey-two
Running,Men,"https://stockx.imgix.net/adidas-Speedfactory-AM4-Thanos-Product.jpg?fit=fill&bg=FFFFFF&w=300&h=214&auto=format,compress&trim=color&q=90&dpr=2&updated_at=1558404452",https://stockx.com/adidas-speedfactory-am4-thanos
Running,Men,"https://stockx.imgix.net/adidas-Speedfactory-AM4-AM4TKY-Tokyo-Product.jpg?fit=fill&bg=FFFFFF&w=300&h=214&auto=format,compress&trim=color&q=90&dpr=2&updated_at=1546582265",https://stockx.com/adidas-speedfactory-am4-am4tky-tokyo
Running,Men,"https://stockx.imgix.net/adidas-Speedfactory-AM4-AM4CM-Captain-Marvel-Product.jpg?fit=fill&bg=FFFFFF&w=300&h=214&auto=format,compress&trim=color&q=90&dpr=2&updated_at=1553998176",https://stockx.com/adidas-speedfactory-am4-am4cm-captain-marvel
Running,Men,"https://stockx.imgix.net/Adidas-Pureboost-DPR-Solebox-Italian-Leathers.png?fit=fill&bg=FFFFFF&w=300&h=214&auto=format,compress&trim=color&q=90&dpr=2&updated_at=1538080256",https://stockx.com/adidas-pureboost-dpr-solebox-italian-leathers
Running,Men,"https://stockx.imgix.net/adidas-Pure-Boost-Go-Core-Black-Grey-Five.png?fit=fill&bg=FFFFFF&w=300&h=214&auto=format,compress&trim=color&q=90&dpr=2&updated_at=1538080256",https://stockx.com/adidas-pure-boost-go-core-black-grey-five
Running,Men,"https://stockx.imgix.net/Adidas-Pure-Boost-Wish-Sneakerboy-Jellyfish.png?fit=fill&bg=FFFFFF&w=300&h=214&auto=format,compress&trim=color&q=90&dpr=2&updated_at=1538080256",https://stockx.com/adidas-pure-boost-wish-sneakerboy-jellyfish
Running,Men,"https://stockx.imgix.net/adidas-Pulseboost-HD-Core-Black.png?fit=fill&bg=FFFFFF&w=300&h=214&auto=format,compress&trim=color&q=90&dpr=2&updated_at=1581706893",https://stockx.com/adidas-pulseboost-hd-core-black
Running,Men,"https://stockx.imgix.net/Adidas-AW-Skate-Alexander-Wang-Green.png?fit=fill&bg=FFFFFF&w=300&h=214&auto=format,compress&trim=color&q=90&dpr=2&updated_at=1538080256",https://stockx.com/adidas-aw-skate-alexander-wang-green
Running,Men,"https://stockx.imgix.net/Adidas-Pure-Boost-Trace-Pink.png?fit=fill&bg=FFFFFF&w=300&h=214&auto=format,compress&trim=color&q=90&dpr=2&updated_at=1538080256",https://stockx.com/adidas-pure-boost-trace-pink
Running,Men,"https://stockx.imgix.net/Adidas-Futurecraft-4D-Ash-Green-Product.jpg?fit=fill&bg=FFFFFF&w=300&h=214&auto=format,compress&trim=color&q=90&dpr=2&updated_at=1598377218",https://stockx.com/adidas-futurecraft-4d-ash-green
Running,Men,"https://stockx.imgix.net/Adidas-Alpha-Bounce-Motion-Capture.jpg?fit=fill&bg=FFFFFF&w=300&h=214&auto=format,compress&trim=color&q=90&dpr=2&updated_at=1538080256",https://stockx.com/adidas-alphabounce-motion-capture
Running,Men,"https://stockx.imgix.net/adidas-Alphabounce-Beyond-M-Grey.jpg?fit=fill&bg=FFFFFF&w=300&h=214&auto=format,compress&trim=color&q=90&dpr=2&updated_at=1561744886",https://stockx.com/adidas-alphabounce-beyond-m-grey
Running,Men,"https://stockx.imgix.net/adidas-Pureboost-Go-Non-Dyed.png?fit=fill&bg=FFFFFF&w=300&h=214&auto=format,compress&trim=color&q=90&dpr=2&updated_at=1562634411",https://stockx.com/adidas-pureboost-go-non-dyed
Running,Men,"https://stockx.imgix.net/adidas-adiZero-Adios-3-Undefeated-Performance-Running.png?fit=fill&bg=FFFFFF&w=300&h=214&auto=format,compress&trim=color&q=90&dpr=2&updated_at=1541041742",https://stockx.com/adidas-adizero-adios-3-undefeated-performance-running
Running,Men,"https://stockx.imgix.net/adidas-Crossknit-3-Cloud-White-Product.jpg?fit=fill&bg=FFFFFF&w=300&h=214&auto=format,compress&trim=color&q=90&dpr=2&updated_at=1556310866",https://stockx.com/adidas-crossknit-3-cloud-white
Running,Men,"https://stockx.imgix.net/Adidas-Response-tr-Boost-Kith-Eea-Agency-product.jpg?fit=fill&bg=FFFFFF&w=300&h=214&auto=format,compress&trim=color&q=90&dpr=2&updated_at=1538080256",https://stockx.com/adidas-response-tr-boost-kith-eea-agency
Running,Men,"https://stockx.imgix.net/adidas-Pureboost-Core-Black-Dark-Solid-Grey.png?fit=fill&bg=FFFFFF&w=300&h=214&auto=format,compress&trim=color&q=90&dpr=2&updated_at=1538080256",https://stockx.com/adidas-pureboost-core-black-dark-solid-grey
Running,Men,"https://stockx.imgix.net/adidas-Pulseboost-HD-Grey-Three.png?fit=fill&bg=FFFFFF&w=300&h=214&auto=format,compress&trim=color&q=90&dpr=2&updated_at=1581706899",https://stockx.com/adidas-pulseboost-hd-grey-three
Running,Men,"https://stockx.imgix.net/adidas-Pureboost-Go-Base-Green.png?fit=fill&bg=FFFFFF&w=300&h=214&auto=format,compress&trim=color&q=90&dpr=2&updated_at=1539922312",https://stockx.com/adidas-pureboost-go-base-green
Running,Men,"https://stockx.imgix.net/Adidas-Alpha-Bounce-Solar-Gold.jpg?fit=fill&bg=FFFFFF&w=300&h=214&auto=format,compress&trim=color&q=90&dpr=2&updated_at=1538080256",https://stockx.com/adidas-alphabounce-solar-gold
Running,Men,"https://stockx.imgix.net/adidas-Y-3-Adizero-Runner-Leather-Black-White.png?fit=fill&bg=FFFFFF&w=300&h=214&auto=format,compress&trim=color&q=90&dpr=2&updated_at=1566530918",https://stockx.com/adidas-y-3-adizero-runner-leather-black-white
Running,Men,"https://stockx.imgix.net/adidas-Speedfactory-AM4-Knight.png?fit=fill&bg=FFFFFF&w=300&h=214&auto=format,compress&trim=color&q=90&dpr=2&updated_at=1562989867",https://stockx.com/adidas-speedfactory-am4-knight
Running,Men,"https://stockx.imgix.net/Adidas-Pure-Boost-ZG-Core-Black.png?fit=fill&bg=FFFFFF&w=300&h=214&auto=format,compress&trim=color&q=90&dpr=2&updated_at=1538080256",https://stockx.com/adidas-pure-boost-zg-core-black
Running,Men,"https://stockx.imgix.net/adidas-Alphabounce-Kolor.png?fit=fill&bg=FFFFFF&w=300&h=214&auto=format,compress&trim=color&q=90&dpr=2&updated_at=1543374117",https://stockx.com/adidas-alphabounce-kolor
Running,Men,"https://stockx.imgix.net/adidas-Pulseboost-HD-Collegiate-Navy-Core-Black.png?fit=fill&bg=FFFFFF&w=300&h=214&auto=format,compress&trim=color&q=90&dpr=2&updated_at=1581706901",https://stockx.com/adidas-pulseboost-hd-collegiate-navy-core-black
Running,Men,"https://stockx.imgix.net/adidas-Pureboost-ATR-Core-Black-Grey.png?fit=fill&bg=FFFFFF&w=300&h=214&auto=format,compress&trim=color&q=90&dpr=2&updated_at=1538080256",https://stockx.com/adidas-pureboost-atr-core-black-grey
Running,Men,"https://stockx.imgix.net/adidas-Pureboost-LTD-Active-Black-Product.jpg?fit=fill&bg=FFFFFF&w=300&h=214&auto=format,compress&trim=color&q=90&dpr=2&updated_at=1579298154",https://stockx.com/adidas-pureboost-ltd-active-black
Running,Men,"https://stockx.imgix.net/adidas-Energy-Boost-Concepts-Shiatsu-Product.jpg?fit=fill&bg=FFFFFF&w=300&h=214&auto=format,compress&trim=color&q=90&dpr=2&updated_at=1538080256",https://stockx.com/adidas-energy-boost-concepts-shiatsu
Running,Men,"https://stockx.imgix.net/Adidas-Energy-Boost-Packer-Shoes-x-Solebox-Silfra-Rift.png?fit=fill&bg=FFFFFF&w=300&h=214&auto=format,compress&trim=color&q=90&dpr=2&updated_at=1538080256",https://stockx.com/adidas-energy-boost-packer-shoes-x-solebox-silfra-rift
Running,Men,"https://stockx.imgix.net/Adidas-Pure-Boost-2017-Black-Product.jpg?fit=fill&bg=FFFFFF&w=300&h=214&auto=format,compress&trim=color&q=90&dpr=2&updated_at=1598377218",https://stockx.com/adidas-pure-boost-2017-black
Running,Men,"https://stockx.imgix.net/adidas-Alphabounce-Beyond-Core-Black-Core-Black-Cloud-White-Product.jpg?fit=fill&bg=FFFFFF&w=300&h=214&auto=format,compress&trim=color&q=90&dpr=2&updated_at=1551742284",https://stockx.com/adidas-alphabounce-beyond-core-black-core-black-cloud-white
Running,Men,"https://stockx.imgix.net/Adidas-adiZero-Prime-Boost-Parley-Carbon.png?fit=fill&bg=FFFFFF&w=300&h=214&auto=format,compress&trim=color&q=90&dpr=2&updated_at=1538080256",https://stockx.com/adidas-adizero-prime-boost-parley-carbon
Running,Men,"https://stockx.imgix.net/adidas-Pure-Boost-RBL-Undefeated-Performance-Running.png?fit=fill&bg=FFFFFF&w=300&h=214&auto=format,compress&trim=color&q=90&dpr=2&updated_at=1541041741",https://stockx.com/adidas-pure-boost-rbl-undefeated-performance-running
Running,Men,"https://stockx.imgix.net/adidas-Swift-Run-Triple-Black-Primeknit.png?fit=fill&bg=FFFFFF&w=300&h=214&auto=format,compress&trim=color&q=90&dpr=2&updated_at=1545458561",https://stockx.com/adidas-swift-run-triple-black-primeknit
Running,Men,"https://stockx.imgix.net/adidas-Futurecraft-4D-Footpatrol-Product.jpg?fit=fill&bg=FFFFFF&w=300&h=214&auto=format,compress&trim=color&q=90&dpr=2&updated_at=1553972351",https://stockx.com/adidas-futurecraft-4d-footpatrol
Running,Men,"https://stockx.imgix.net/adidas-Alphaboost-Grey-Three-Product.jpg?fit=fill&bg=FFFFFF&w=300&h=214&auto=format,compress&trim=color&q=90&dpr=2&updated_at=1562948358",https://stockx.com/adidas-alphaboost-grey-three
Running,Men,"https://stockx.imgix.net/Adidas-Pureboost-Reigning-Champ-Product.jpg?fit=fill&bg=FFFFFF&w=300&h=214&auto=format,compress&trim=color&q=90&dpr=2&updated_at=1579298154",https://stockx.com/adidas-pureboost-reigning-champ
Running,Men,"https://stockx.imgix.net/adidas-Speedfactory-AM4-AM4ATL-Atlanta-Product.jpg?fit=fill&bg=FFFFFF&w=300&h=214&auto=format,compress&trim=color&q=90&dpr=2&updated_at=1551742623",https://stockx.com/adidas-speedfactory-am4-am4atl-atlanta
Running,Men,"https://stockx.imgix.net/Adidas-Alphabounce-Trace-Olive.png?fit=fill&bg=FFFFFF&w=300&h=214&auto=format,compress&trim=color&q=90&dpr=2&updated_at=1538080256",https://stockx.com/adidas-alphabounce-trace-olive
Running,Men,"https://stockx.imgix.net/Adidas-Energy-Boost-OG-5th-Anniversary-Black-Yellow.png?fit=fill&bg=FFFFFF&w=300&h=214&auto=format,compress&trim=color&q=90&dpr=2&updated_at=1538080256",https://stockx.com/adidas-energy-boost-og-5th-anniversary-black-yellow
Running,Men,"https://stockx.imgix.net/adidas-Pure-Boost-LTD-Undefeated-Performance-Running.png?fit=fill&bg=FFFFFF&w=300&h=214&auto=format,compress&trim=color&q=90&dpr=2&updated_at=1541041741",https://stockx.com/adidas-pure-boost-ltd-undefeated-performance-running
Running,Men,"https://stockx.imgix.net/Adidas-AM4LDN-London-Footwear-White.png?fit=fill&bg=FFFFFF&w=300&h=214&auto=format,compress&trim=color&q=90&dpr=2&updated_at=1538080256",https://stockx.com/adidas-am4ldn-london-footwear-white
Running,Men,"https://stockx.imgix.net/Adidas-Alphabounce-EM-Tech-Earth.png?fit=fill&bg=FFFFFF&w=300&h=214&auto=format,compress&trim=color&q=90&dpr=2&updated_at=1538080256",https://stockx.com/adidas-alphabounce-em-tech-earth
Running,Men,"https://stockx.imgix.net/Adidas-Pure-Boost-ZG-Livestock-Rhythm-Product.jpg?fit=fill&bg=FFFFFF&w=300&h=214&auto=format,compress&trim=color&q=90&dpr=2&updated_at=1598377218",https://stockx.com/adidas-pure-boost-zg-livestock-rhythm
Running,Men,"https://stockx.imgix.net/Adidas-AM4NYC-NYC-Core-Black.png?fit=fill&bg=FFFFFF&w=300&h=214&auto=format,compress&trim=color&q=90&dpr=2&updated_at=1538080256",https://stockx.com/adidas-am4nyc-nyc-core-black
Running,Men,"https://stockx.imgix.net/adidas-Pureboost-Go-Ren-Zhe.png?fit=fill&bg=FFFFFF&w=300&h=214&auto=format,compress&trim=color&q=90&dpr=2&updated_at=1547612115",https://stockx.com/adidas-pureboost-go-ren-zhe
Running,Men,"https://stockx.imgix.net/Adidas-Alphabounce-Parley-Carbon.png?fit=fill&bg=FFFFFF&w=300&h=214&auto=format,compress&trim=color&q=90&dpr=2&updated_at=1538080256",https://stockx.com/adidas-alphabounce-parley-carbon
Running,Men,"https://stockx.imgix.net/Adidas-Alpha-Bounce-Reigning-Champ-Grey.png?fit=fill&bg=FFFFFF&w=300&h=214&auto=format,compress&trim=color&q=90&dpr=2&updated_at=1538080256",https://stockx.com/adidas-alpha-bounce-reigning-champ-grey
Running,Men,"https://stockx.imgix.net/Adidas-Alphabounce-Beyond-Grey-Carbon.png?fit=fill&bg=FFFFFF&w=300&h=214&auto=format,compress&trim=color&q=90&dpr=2&updated_at=1538080256",https://stockx.com/adidas-alphabounce-beyond-grey-carbon
Running,Men,"https://stockx.imgix.net/Adidas-AM4LA-Los-Angeles-1.jpg?fit=fill&bg=FFFFFF&w=300&h=214&auto=format,compress&trim=color&q=90&dpr=2&updated_at=1555449241",https://stockx.com/adidas-am4la-los-angeles
Running,Men,"https://stockx.imgix.net/adidas-FYW-S-97-Ronnie-Fieg-White-Green-Yellow-Product.jpg?fit=fill&bg=FFFFFF&w=300&h=214&auto=format,compress&trim=color&q=90&dpr=2&updated_at=1555709644",https://stockx.com/adidas-fyw-s-97-ronnie-fieg-white-green-yellow
Running,Men,"https://stockx.imgix.net/Adidas-PureBoost-DPR-Black-White.png?fit=fill&bg=FFFFFF&w=300&h=214&auto=format,compress&trim=color&q=90&dpr=2&updated_at=1538080256",https://stockx.com/adidas-pureboost-dpr-black-white
Running,Men,"https://stockx.imgix.net/adidas-Pulseboost-HD-Grey-One.png?fit=fill&bg=FFFFFF&w=300&h=214&auto=format,compress&trim=color&q=90&dpr=2&updated_at=1560994325",https://stockx.com/adidas-pulseboost-hd-grey-one
Running,Men,"https://stockx.imgix.net/adidas-Futurecraft-4D-x-5923-Never-Made-Pack-Black.png?fit=fill&bg=FFFFFF&w=300&h=214&auto=format,compress&trim=color&q=90&dpr=2&updated_at=1545109830",https://stockx.com/adidas-futurecraft-4d-x-5923-never-made-pack-black
Running,Men,"https://stockx.imgix.net/adidas-FYW-S-97-Crystal-White-Shock-Pink.png?fit=fill&bg=FFFFFF&w=300&h=214&auto=format,compress&trim=color&q=90&dpr=2&updated_at=1554949728",https://stockx.com/adidas-fyw-s-97-crystal-white-shock-pink
Running,Men,"https://stockx.imgix.net/Adidas-Speedfactory-AM4-AM4MLS-MLS-All-Star-2018.jpg?fit=fill&bg=FFFFFF&w=300&h=214&auto=format,compress&trim=color&q=90&dpr=2&updated_at=1538080256",https://stockx.com/adidas-speedfactory-am4-am4mls-mls-all-star-2018
Running,Men,"https://stockx.imgix.net/Adidas-PureBoost-Core-Black.png?fit=fill&bg=FFFFFF&w=300&h=214&auto=format,compress&trim=color&q=90&dpr=2&updated_at=1538080256",https://stockx.com/adidas-pureboost-core-black
Running,Men,"https://stockx.imgix.net/adidas-adiZero-XT-Boost-Undefeated-Performance-Running.png?fit=fill&bg=FFFFFF&w=300&h=214&auto=format,compress&trim=color&q=90&dpr=2&updated_at=1541041742",https://stockx.com/adidas-adizero-xt-boost-undefeated-performance-running
Running,Men,"https://stockx.imgix.net/Adidas-Swift-Run-Triple-Black.png?fit=fill&bg=FFFFFF&w=300&h=214&auto=format,compress&trim=color&q=90&dpr=2&updated_at=1538080256",https://stockx.com/adidas-swift-run-triple-black
Running,Men,"https://stockx.imgix.net/adidas-Lite-Racer-Adapt-Grey-Six-Gold.jpg?fit=fill&bg=FFFFFF&w=300&h=214&auto=format,compress&trim=color&q=90&dpr=2&updated_at=1584639641",https://stockx.com/adidas-lite-racer-adapt-grey-six-gold
Running,Men,"https://stockx.imgix.net/adidas-Lite-Racer-Adapt-Core-Black.png?fit=fill&bg=FFFFFF&w=300&h=214&auto=format,compress&trim=color&q=90&dpr=2&updated_at=1581707081",https://stockx.com/adidas-lite-racer-adapt-core-black
Running,Men,"https://stockx.imgix.net/adidas-FYW-S-97-White-Navy-Red-Product.jpg?fit=fill&bg=FFFFFF&w=300&h=214&auto=format,compress&trim=color&q=90&dpr=2&updated_at=1553972365",https://stockx.com/adidas-fyw-s-97-white-navy-red
Running,Men,"https://stockx.imgix.net/Adidas-Swift-Run-Back-Multi-Color.jpg?fit=fill&bg=FFFFFF&w=300&h=214&auto=format,compress&trim=color&q=90&dpr=2&updated_at=1538080256",https://stockx.com/adidas-swift-run-back-multi-color
Running,Men,"https://stockx.imgix.net/adidas-Futurecraft-4D-FF.png?fit=fill&bg=FFFFFF&w=300&h=214&auto=format,compress&trim=color&q=90&dpr=2&updated_at=1539109571",https://stockx.com/adidas-futurecraft-4d-ff
Running,Men,"https://stockx.imgix.net/Adidas-Pure-Boost-2017-Core-Black-White.png?fit=fill&bg=FFFFFF&w=300&h=214&auto=format,compress&trim=color&q=90&dpr=2&updated_at=1538080256",https://stockx.com/adidas-pure-boost-2017-core-black-white
Running,Men,"https://stockx.imgix.net/adidas-Pureboost-Go-Core-Black-Cloud-White-Product.jpg?fit=fill&bg=FFFFFF&w=300&h=214&auto=format,compress&trim=color&q=90&dpr=2&updated_at=1576006585",https://stockx.com/adidas-pureboost-go-core-black-cloud-white
Running,Men,"https://stockx.imgix.net/adidas-Equipment-Running-Guidance-93-White-Black-Royal-Blue.jpg?fit=fill&bg=FFFFFF&w=300&h=214&auto=format,compress&trim=color&q=90&dpr=2&updated_at=1538080256",https://stockx.com/adidas-equipment-running-guidance-93-white-black-royal-blue
Running,Men,"https://stockx.imgix.net/adidas-Futurecraft-4D-Invincible.png?fit=fill&bg=FFFFFF&w=300&h=214&auto=format,compress&trim=color&q=90&dpr=2&updated_at=1538080256",https://stockx.com/adidas-futurecraft-4d-invincible
Running,Men,"https://stockx.imgix.net/Adidas-Alphabounce-Beyond-Extra-Butter-Product.jpg?fit=fill&bg=FFFFFF&w=300&h=214&auto=format,compress&trim=color&q=90&dpr=2&updated_at=1573502731",https://stockx.com/adidas-alphabounce-beyond-extra-butter
Running,Men,"https://stockx.imgix.net/Adidas-PureBoost-DPR-Multi-Color.png?fit=fill&bg=FFFFFF&w=300&h=214&auto=format,compress&trim=color&q=90&dpr=2&updated_at=1538080256",https://stockx.com/adidas-pureboost-dpr-multi-color
Running,Men,"https://stockx.imgix.net/Adidas-Futurecraft-4D-White-Ash-Green.png?fit=fill&bg=FFFFFF&w=300&h=214&auto=format,compress&trim=color&q=90&dpr=2&updated_at=1538080256",https://stockx.com/adidas-futurecraft-4d-white-ash-green
Running,Men,"https://stockx.imgix.net/Adidas-Pureboost-DPR-Triple-Black.png?fit=fill&bg=FFFFFF&w=300&h=214&auto=format,compress&trim=color&q=90&dpr=2&updated_at=1538080256",https://stockx.com/adidas-pureboost-dpr-triple-black
Running,Men,"https://stockx.imgix.net/adidas-Swift-Run-Cloud-White.jpg?fit=fill&bg=FFFFFF&w=300&h=214&auto=format,compress&trim=color&q=90&dpr=2&updated_at=1588008574",https://stockx.com/adidas-swift-run-cloud-white
Running,Men,"https://stockx.imgix.net/Adidas-Pure-Boost-Black-White.png?fit=fill&bg=FFFFFF&w=300&h=214&auto=format,compress&trim=color&q=90&dpr=2&updated_at=1538080256",https://stockx.com/adidas-pure-boost-black-white
Running,Men,"https://stockx.imgix.net/adidas-Speedfactory-AM4-Aaron-Kai-Black-Product.jpg?fit=fill&bg=FFFFFF&w=300&h=214&auto=format,compress&trim=color&q=90&dpr=2&updated_at=1570722307",https://stockx.com/adidas-speedfactory-am4-aaron-kai
Running,Men,"https://stockx.imgix.net/adidas-Pulseboost-HD-Solar-Red.png?fit=fill&bg=FFFFFF&w=300&h=214&auto=format,compress&trim=color&q=90&dpr=2&updated_at=1581706892",https://stockx.com/adidas-pulseboost-hd-solar-red
Running,Men,"https://stockx.imgix.net/adidas-Pulseboost-HD-Dash-Grey.png?fit=fill&bg=FFFFFF&w=300&h=214&auto=format,compress&trim=color&q=90&dpr=2&updated_at=1581706888",https://stockx.com/adidas-pulseboost-hd-dash-grey
Running,Men,"https://stockx.imgix.net/Adidas-Pureboost-ATR-Trace-Cargo.png?fit=fill&bg=FFFFFF&w=300&h=214&auto=format,compress&trim=color&q=90&dpr=2&updated_at=1538080256",https://stockx.com/adidas-pureboost-atr-trace-cargo
Running,Men,"https://stockx.imgix.net/Adidas-Speedfactory-AM4-Atmos-Product.jpg?fit=fill&bg=FFFFFF&w=300&h=214&auto=format,compress&trim=color&q=90&dpr=2&updated_at=1539982937",https://stockx.com/adidas-speedfactory-am4-atmos
Running,Men,"https://stockx.imgix.net/adidas-Pure-Boost-Tactile-Red-Dark-Burgundy-Black.jpg?fit=fill&bg=FFFFFF&w=300&h=214&auto=format,compress&trim=color&q=90&dpr=2&updated_at=1538080256",https://stockx.com/adidas-pure-boost-tactile-red-dark-burgundy-black
Running,Men,"https://stockx.imgix.net/adidas-Alphabounce-Beyond-Raw-Grey-Hi-Res-Orange.png?fit=fill&bg=FFFFFF&w=300&h=214&auto=format,compress&trim=color&q=90&dpr=2&updated_at=1556075646",https://stockx.com/adidas-alphabounce-beyond-raw-grey-hi-res-orange
Running,Men,"https://stockx.imgix.net/adidas-Equipment-Running-Support-93-Black.jpg?fit=fill&bg=FFFFFF&w=300&h=214&auto=format,compress&trim=color&q=90&dpr=2&updated_at=1539703018",https://stockx.com/adidas-equipment-running-support-93-black
Running,Men,"https://stockx.imgix.net/Adidas-Busenitz-Pure-Boost-10th-Anniversary.png?fit=fill&bg=FFFFFF&w=300&h=214&auto=format,compress&trim=color&q=90&dpr=2&updated_at=1538080256",https://stockx.com/adidas-busenitz-pure-boost-10th-anniversary
Running,Men,"https://stockx.imgix.net/Adidas-Alpha-Bounce-Clear-Grey-Silver.jpg?fit=fill&bg=FFFFFF&w=300&h=214&auto=format,compress&trim=color&q=90&dpr=2&updated_at=1538080256",https://stockx.com/adidas-alphabounce-clear-grey
Running,Men,"https://stockx.imgix.net/adidas-Alphabounce-Instinct-Off-White.jpeg?fit=fill&bg=FFFFFF&w=300&h=214&auto=format,compress&trim=color&q=90&dpr=2&updated_at=1562858424",https://stockx.com/adidas-alphabounce-instinct-off-white
Running,Men,"https://stockx.imgix.net/Adidas-Pureboost-DPR-Tactile-Yellow.png?fit=fill&bg=FFFFFF&w=300&h=214&auto=format,compress&trim=color&q=90&dpr=2&updated_at=1538080256",https://stockx.com/adidas-pureboost-dpr-tactile-yellow
Running,Men,"https://stockx.imgix.net/adidas-FYW-S-97-White-Coral.png?fit=fill&bg=FFFFFF&w=300&h=214&auto=format,compress&trim=color&q=90&dpr=2&updated_at=1564607797",https://stockx.com/adidas-fyw-s-97-white-coral
Running,Men,"https://stockx-assets.imgix.net/media/New-Product-Placeholder-Default.jpg?auto=compress,format",https://stockx.com/adidas-futurecraft-loop-white
Running,Men,"https://stockx.imgix.net/adidas-Speedfactory-AM4-Overkill.png?fit=fill&bg=FFFFFF&w=300&h=214&auto=format,compress&trim=color&q=90&dpr=2&updated_at=1538338034",https://stockx.com/adidas-speedfactory-am4-overkill
Running,Men,"https://stockx.imgix.net/adidas-FYW-S-97-420.png?fit=fill&bg=FFFFFF&w=300&h=214&auto=format,compress&trim=color&q=90&dpr=2&updated_at=1556159140",https://stockx.com/adidas-fyw-s-97-420
Running,Men,"https://stockx.imgix.net/Adidas-Pureboost-Reigning-Champ-Core-Black.png?fit=fill&bg=FFFFFF&w=300&h=214&auto=format,compress&trim=color&q=90&dpr=2&updated_at=1538080256",https://stockx.com/adidas-pureboost-reigning-champ-core-black
Running,Men,"https://stockx.imgix.net/adidas-Pureboost-Night-Cargo.png?fit=fill&bg=FFFFFF&w=300&h=214&auto=format,compress&trim=color&q=90&dpr=2&updated_at=1551757812",https://stockx.com/adidas-pureboost-night-cargo
Running,Men,"https://stockx.imgix.net/Adidas-PureControl-Firm-Ground-Cleat-Kith-Flamingos-Product.jpg?fit=fill&bg=FFFFFF&w=300&h=214&auto=format,compress&trim=color&q=90&dpr=2&updated_at=1598377218",https://stockx.com/adidas-purecontrol-firm-ground-cleat-kith-flamingos
Running,Men,"https://stockx.imgix.net/adidas-Speedfactory-AM4-AM4SADELLE-Red.png?fit=fill&bg=FFFFFF&w=300&h=214&auto=format,compress&trim=color&q=90&dpr=2&updated_at=1544217040",https://stockx.com/adidas-speedfactory-am4-am4sadelle-red
Running,Men,"https://stockx.imgix.net/Adidas-Pure-Boost-Grey.png?fit=fill&bg=FFFFFF&w=300&h=214&auto=format,compress&trim=color&q=90&dpr=2&updated_at=1538080256",https://stockx.com/adidas-pure-boost-grey
Running,Men,"https://stockx.imgix.net/adidas-Pureboost-Grey-Multi-Color.png?fit=fill&bg=FFFFFF&w=300&h=214&auto=format,compress&trim=color&q=90&dpr=2&updated_at=1538080256",https://stockx.com/adidas-pureboost-grey-multi-color
Running,Men,"https://stockx-assets.imgix.net/media/New-Product-Placeholder-Default.jpg?auto=compress,format",https://stockx.com/adidas-pureboost-zg-kolor-clear-granite
Running,Men,"https://stockx.imgix.net/adidas-Pureboost-Clima-White-Grey.png?fit=fill&bg=FFFFFF&w=300&h=214&auto=format,compress&trim=color&q=90&dpr=2&updated_at=1538080256",https://stockx.com/adidas-pureboost-clima-white-grey
Running,Men,"https://stockx.imgix.net/Adidas-Seeulater-Alledo-White-Mountaineering-Night-Cargo.png?fit=fill&bg=FFFFFF&w=300&h=214&auto=format,compress&trim=color&q=90&dpr=2&updated_at=1538080256",https://stockx.com/adidas-seeulater-alledo-white-mountaineering-night-cargo
Running,Men,"https://stockx.imgix.net/Adidas-Energy-Boost-5th-Anniversary-Black-Yellow.png?fit=fill&bg=FFFFFF&w=300&h=214&auto=format,compress&trim=color&q=90&dpr=2&updated_at=1538080256",https://stockx.com/adidas-energy-boost-5th-anniversary-black-yellow
Running,Men,"https://stockx.imgix.net/Adidas-Response-Trail-Kolor-Granite.png?fit=fill&bg=FFFFFF&w=300&h=214&auto=format,compress&trim=color&q=90&dpr=2&updated_at=1538080256",https://stockx.com/adidas-response-trail-kolor-granite
Running,Men,"https://stockx.imgix.net/adidas-Energy-Boost-3-M-Grey.jpg?fit=fill&bg=FFFFFF&w=300&h=214&auto=format,compress&trim=color&q=90&dpr=2&updated_at=1561744893",https://stockx.com/adidas-energy-boost-3-m-grey
Running,Men,"https://stockx.imgix.net/Adidas-Pure-Boost-2017-Core-Blue.png?fit=fill&bg=FFFFFF&w=300&h=214&auto=format,compress&trim=color&q=90&dpr=2&updated_at=1538080256",https://stockx.com/adidas-pure-boost-2017-core-blue
Running,Men,"https://stockx.imgix.net/Adidas-Pure-Boost-2017-Burgundy.png?fit=fill&bg=FFFFFF&w=300&h=214&auto=format,compress&trim=color&q=90&dpr=2&updated_at=1538080256",https://stockx.com/adidas-pure-boost-2017-burgundy
Running,Men,"https://stockx.imgix.net/Adidas-Adizero-Prime-Black-Reflective.png?fit=fill&bg=FFFFFF&w=300&h=214&auto=format,compress&trim=color&q=90&dpr=2&updated_at=1538080256",https://stockx.com/adidas-adizero-prime-black-reflective
Running,Men,"https://stockx.imgix.net/adidas-Alphabounce-Kolor-Grey-Purple.png?fit=fill&bg=FFFFFF&w=300&h=214&auto=format,compress&trim=color&q=90&dpr=2&updated_at=1555041936",https://stockx.com/adidas-alphabounce-kolor-grey-purple
Running,Men,"https://stockx.imgix.net/adidas-Equipment-Running-Guidance-Black.jpg?fit=fill&bg=FFFFFF&w=300&h=214&auto=format,compress&trim=color&q=90&dpr=2&updated_at=1561744894",https://stockx.com/adidas-equipment-running-guidance-black
Running,Men,"https://stockx.imgix.net/Adidas-Pureboost-Night-Navy.png?fit=fill&bg=FFFFFF&w=300&h=214&auto=format,compress&trim=color&q=90&dpr=2&updated_at=1538080256",https://stockx.com/adidas-pureboost-night-navy
Running,Men,"https://stockx.imgix.net/adidas-Speedfactory-AM4-Aaron-Kai-Black-Blue.jpg?fit=fill&bg=FFFFFF&w=300&h=214&auto=format,compress&trim=color&q=90&dpr=2&updated_at=1554912591",https://stockx.com/adidas-speedfactory-am4-aaron-kai-black-blue
Running,Men,"https://stockx.imgix.net/adidas-Alphabounce-Beyond-Footwear-White-Core-Black.png?fit=fill&bg=FFFFFF&w=300&h=214&auto=format,compress&trim=color&q=90&dpr=2&updated_at=1538080256",https://stockx.com/adidas-alphabounce-beyond-footwear-white-core-black
Running,Men,"https://stockx.imgix.net/Adidas-Pure-Boost-2017-Running-White.png?fit=fill&bg=FFFFFF&w=300&h=214&auto=format,compress&trim=color&q=90&dpr=2&updated_at=1538080256",https://stockx.com/adidas-pure-boost-2017-running-white
Running,Men,"https://stockx.imgix.net/Adidas-Alphabounce-CR-Base-Green.png?fit=fill&bg=FFFFFF&w=300&h=214&auto=format,compress&trim=color&q=90&dpr=2&updated_at=1538080256",https://stockx.com/adidas-alphabounce-cr-base-green
Running,Men,"https://stockx.imgix.net/adidas-Swift-Run-Summer-White.png?fit=fill&bg=FFFFFF&w=300&h=214&auto=format,compress&trim=color&q=90&dpr=2&updated_at=1556200612",https://stockx.com/adidas-swift-run-summer-white
Running,Men,"https://stockx.imgix.net/Adidas-Futurecraft-4D-Black-Product.png?fit=fill&bg=FFFFFF&w=300&h=214&auto=format,compress&trim=color&q=90&dpr=2&updated_at=1598609369",https://stockx.com/adidas-futurecraft-4d-black
Running,Men,"https://stockx.imgix.net/adidas-Lite-Racer-Adapt-Light-Granite.png?fit=fill&bg=FFFFFF&w=300&h=214&auto=format,compress&trim=color&q=90&dpr=2&updated_at=1581707076",https://stockx.com/adidas-lite-racer-adapt-light-granite
Running,Men,"https://stockx.imgix.net/adidas-Alphabounce-Beyond-M-Blue.jpg?fit=fill&bg=FFFFFF&w=300&h=214&auto=format,compress&trim=color&q=90&dpr=2&updated_at=1561744885",https://stockx.com/adidas-alphabounce-beyond-m-blue
Running,Men,"https://stockx.imgix.net/adidas-Pureboost-Trace-Khaki-Cinder.png?fit=fill&bg=FFFFFF&w=300&h=214&auto=format,compress&trim=color&q=90&dpr=2&updated_at=1543983881",https://stockx.com/adidas-pureboost-trace-khaki-cinder
Running,Men,"https://stockx.imgix.net/adidas-Supernova-Trail-Grey-Six-Core-Black.png?fit=fill&bg=FFFFFF&w=300&h=214&auto=format,compress&trim=color&q=90&dpr=2&updated_at=1551495586",https://stockx.com/adidas-supernova-trail-grey-six-core-black
Running,Men,"https://stockx.imgix.net/adidas-SolarBoost-Tech-Ink.png?fit=fill&bg=FFFFFF&w=300&h=214&auto=format,compress&trim=color&q=90&dpr=2&updated_at=1545219997",https://stockx.com/adidas-solarboost-tech-ink
Running,Men,"https://stockx.imgix.net/Adidas-Alphabounce-Chinese-New-Year-2018.png?fit=fill&bg=FFFFFF&w=300&h=214&auto=format,compress&trim=color&q=90&dpr=2&updated_at=1538080256",https://stockx.com/adidas-alphabounce-chinese-new-year-2018
Running,Men,"https://stockx.imgix.net/adidas-Micropacer-Blue-Suede-Hamper-Pack-Special-Box.png?fit=fill&bg=FFFFFF&w=300&h=214&auto=format,compress&trim=color&q=90&dpr=2&updated_at=1579114995",https://stockx.com/adidas-micropacer-blue-suede-hamper-pack-special-box
Running,Men,"https://stockx.imgix.net/adidas-Swift-Run-RF-Collegiate-Navy.png?fit=fill&bg=FFFFFF&w=300&h=214&auto=format,compress&trim=color&q=90&dpr=2&updated_at=1581706836",https://stockx.com/adidas-swift-run-rf-collegiate-navy
Running,Men,"https://stockx.imgix.net/adidas-Solarboost-Black-Aqua-Product.jpg?fit=fill&bg=FFFFFF&w=300&h=214&auto=format,compress&trim=color&q=90&dpr=2&updated_at=1562948358",https://stockx.com/adidas-solarboost-black-aqua
Running,Men,"https://stockx.imgix.net/Adidas-Alphabounce-RC-Core-Black.png?fit=fill&bg=FFFFFF&w=300&h=214&auto=format,compress&trim=color&q=90&dpr=2&updated_at=1538080256",https://stockx.com/adidas-alphabounce-rc-core-black
Running,Men,"https://stockx.imgix.net/adidas-Busenitz-Pureboost-Grey-Black.png?fit=fill&bg=FFFFFF&w=300&h=214&auto=format,compress&trim=color&q=90&dpr=2&updated_at=1538080256",https://stockx.com/adidas-busenitz-pureboost-grey-black
Running,Men,"https://stockx.imgix.net/Adidas-Purecontrol-FG-Space-Craft-v1.jpg?fit=fill&bg=FFFFFF&w=300&h=214&auto=format,compress&trim=color&q=90&dpr=2&updated_at=1550789683",https://stockx.com/adidas-purecontrol-fg-space-craft
Running,Men,"https://stockx.imgix.net/adidas-Speedfactory-AM4-AM4BJK-Billie-Jean-King.png?fit=fill&bg=FFFFFF&w=300&h=214&auto=format,compress&trim=color&q=90&dpr=2&updated_at=1538080256",https://stockx.com/adidas-speedfactory-am4-am4bjk-billie-jean-king
Running,Men,"https://stockx.imgix.net/adidas-Lite-Racer-RBN-Cloud-White.jpg?fit=fill&bg=FFFFFF&w=300&h=214&auto=format,compress&trim=color&q=90&dpr=2&updated_at=1584639643",https://stockx.com/adidas-lite-racer-rbn-cloud-white
Running,Men,"https://stockx.imgix.net/adidas-Senseboost-Go-Core-Black.png?fit=fill&bg=FFFFFF&w=300&h=214&auto=format,compress&trim=color&q=90&dpr=2&updated_at=1581706865",https://stockx.com/adidas-senseboost-go-core-black
Running,Men,"https://stockx.imgix.net/Adidas-Cloudfoam-Lite-Racer-Triple-Black.png?fit=fill&bg=FFFFFF&w=300&h=214&auto=format,compress&trim=color&q=90&dpr=2&updated_at=1538080256",https://stockx.com/adidas-cloudfoam-lite-racer-triple-black
Running,Men,"https://stockx.imgix.net/Adidas-Response-Trail-Kolor-White.png?fit=fill&bg=FFFFFF&w=300&h=214&auto=format,compress&trim=color&q=90&dpr=2&updated_at=1538080256",https://stockx.com/adidas-response-trail-kolor-white
Running,Men,"https://stockx.imgix.net/Adidas-Seeulater-White-Mountaineering-Black.png?fit=fill&bg=FFFFFF&w=300&h=214&auto=format,compress&trim=color&q=90&dpr=2&updated_at=1538080256",https://stockx.com/adidas-seeulater-white-mountaineering-black
Running,Men,"https://stockx.imgix.net/Adidas-PureBoost-DPR-Solar-Orange.png?fit=fill&bg=FFFFFF&w=300&h=214&auto=format,compress&trim=color&q=90&dpr=2&updated_at=1538080256",https://stockx.com/adidas-pureboost-dpr-solar-orange
Running,Men,"https://stockx.imgix.net/adidas-Alphabounce-Core-Black-Grey.png?fit=fill&bg=FFFFFF&w=300&h=214&auto=format,compress&trim=color&q=90&dpr=2&updated_at=1556129133",https://stockx.com/adidas-alphabounce-core-black-grey
Running,Men,"https://stockx.imgix.net/adidas-Lite-Racer-Adapt-Cloud-White-Grey.jpg?fit=fill&bg=FFFFFF&w=300&h=214&auto=format,compress&trim=color&q=90&dpr=2&updated_at=1584639635",https://stockx.com/adidas-lite-racer-adapt-cloud-white-grey
Running,Men,"https://stockx.imgix.net/adidas-Swift-Run-Core-Black-Cloud-White.png?fit=fill&bg=FFFFFF&w=300&h=214&auto=format,compress&trim=color&q=90&dpr=2&updated_at=1581706801",https://stockx.com/adidas-swift-run-core-black-cloud-white
Running,Men,"https://stockx.imgix.net/Adidas-Seeulater-Adventure-Winter-Grey-Two.png?fit=fill&bg=FFFFFF&w=300&h=214&auto=format,compress&trim=color&q=90&dpr=2&updated_at=1538080256",https://stockx.com/adidas-seeulater-adventure-winter-grey-two
Running,Men,"https://stockx.imgix.net/adidas-Swift-Run-RF-Core-Black.png?fit=fill&bg=FFFFFF&w=300&h=214&auto=format,compress&trim=color&q=90&dpr=2&updated_at=1581706839",https://stockx.com/adidas-swift-run-rf-core-black
Running,Men,"https://stockx.imgix.net/Adidas-FutureCraft-4D-White-Ash-Green-FF-1.jpg?fit=fill&bg=FFFFFF&w=300&h=214&auto=format,compress&trim=color&q=90&dpr=2&updated_at=1539109809",https://stockx.com/adidas-futurecraft-4d-white-ash-green-ff
Running,Men,"https://stockx.imgix.net/Adidas-Alphabounce-1-Kolor-Yellow.png?fit=fill&bg=FFFFFF&w=300&h=214&auto=format,compress&trim=color&q=90&dpr=2&updated_at=1538080256",https://stockx.com/adidas-alphabounce-1-kolor-yellow
Running,Men,"https://stockx.imgix.net/adidas-Alphabounce-Instinct-Clima-Grey-Blue-Ash-Pink.png?fit=fill&bg=FFFFFF&w=300&h=214&auto=format,compress&trim=color&q=90&dpr=2&updated_at=1538080256",https://stockx.com/adidas-alphabounce-instinct-clima-grey-blue-ash-pink
Running,Men,"https://stockx.imgix.net/adidas-Edge-Gameday-Cloud-White.png?fit=fill&bg=FFFFFF&w=300&h=214&auto=format,compress&trim=color&q=90&dpr=2&updated_at=1581706811",https://stockx.com/adidas-edge-gameday-cloud-white
Running,Men,"https://stockx.imgix.net/adidas-Lite-Racer-Adapt-Core-Black-Scarlet.jpg?fit=fill&bg=FFFFFF&w=300&h=214&auto=format,compress&trim=color&q=90&dpr=2&updated_at=1584639638",https://stockx.com/adidas-lite-racer-adapt-core-black-scarlet
Running,Men,"https://stockx.imgix.net/adidas-Edge-Gameday-Core-Black.png?fit=fill&bg=FFFFFF&w=300&h=214&auto=format,compress&trim=color&q=90&dpr=2&updated_at=1581706809",https://stockx.com/adidas-edge-gameday-core-black
Running,Men,"https://stockx.imgix.net/adidas-Senseboost-Go-Cloud-White-Grey-Six.png?fit=fill&bg=FFFFFF&w=300&h=214&auto=format,compress&trim=color&q=90&dpr=2&updated_at=1581706855",https://stockx.com/adidas-senseboost-go-cloud-white-grey-six
Running,Men,"https://stockx.imgix.net/adidas-Senseboost-Go-Core-Black-Grey.png?fit=fill&bg=FFFFFF&w=300&h=214&auto=format,compress&trim=color&q=90&dpr=2&updated_at=1581706857",https://stockx.com/adidas-senseboost-go-core-black-grey
Running,Men,"https://stockx.imgix.net/Adidas-Alphabounce-Mid-Night-Blue-Olive-Khaki.png?fit=fill&bg=FFFFFF&w=300&h=214&auto=format,compress&trim=color&q=90&dpr=2&updated_at=1556129192",https://stockx.com/adidas-alphabounce-mid-night-blue-olive-khaki
Running,Men,"https://stockx.imgix.net/Adidas-Pureboost-Mystery-Ruby.png?fit=fill&bg=FFFFFF&w=300&h=214&auto=format,compress&trim=color&q=90&dpr=2&updated_at=1538080256",https://stockx.com/adidas-pureboost-mystery-ruby
Running,Men,"https://stockx.imgix.net/Adidas-Speedfactory-AM4-AM4SH-Shanghai.png?fit=fill&bg=FFFFFF&w=300&h=214&auto=format,compress&trim=color&q=90&dpr=2&updated_at=1538080256",https://stockx.com/adidas-speedfactory-am4-am4sh-shanghai
Running,Men,"https://stockx.imgix.net/Adidas-Adizero-Prime-Collegiate-Burgundy.png?fit=fill&bg=FFFFFF&w=300&h=214&auto=format,compress&trim=color&q=90&dpr=2&updated_at=1538080256",https://stockx.com/adidas-adizero-prime-boost-collegiate-burgundy
Running,Men,"https://stockx-assets.imgix.net/media/New-Product-Placeholder-Default.jpg?auto=compress,format",https://stockx.com/adidas-speedfactory-am4-cp-berlin
Running,Men,"https://stockx.imgix.net/Adidas-Equipment-Running-Support-Dark-Grey-Granite.jpg?fit=fill&bg=FFFFFF&w=300&h=214&auto=format,compress&trim=color&q=90&dpr=2&updated_at=1539286336",https://stockx.com/adidas-equipment-running-support-dark-grey-granite
Running,Men,"https://stockx.imgix.net/adidas-Fluid-Flow-Core-Black.png?fit=fill&bg=FFFFFF&w=300&h=214&auto=format,compress&trim=color&q=90&dpr=2&updated_at=1581706970",https://stockx.com/adidas-fluid-flow-core-black
Running,Men,"https://stockx.imgix.net/adidas-Cloudfoam-Pure-Grey-Gold-Metallic.jpg?fit=fill&bg=FFFFFF&w=300&h=214&auto=format,compress&trim=color&q=90&dpr=2&updated_at=1584639596",https://stockx.com/adidas-cloudfoam-pure-grey-gold-metallic
Running,Men,"https://stockx-assets.imgix.net/media/New-Product-Placeholder-Default.jpg?auto=compress,format",https://stockx.com/adidas-equipment-running-guidance-grnear-stpanu-ash
Running,Men,"https://stockx.imgix.net/adidas-Swift-Run-Barrier-Camo.png?fit=fill&bg=FFFFFF&w=300&h=214&auto=format,compress&trim=color&q=90&dpr=2&updated_at=1554260916",https://stockx.com/adidas-swift-run-barrier-camo
Running,Men,"https://stockx.imgix.net/adidas-Edge-Gameday-Grey-Two.png?fit=fill&bg=FFFFFF&w=300&h=214&auto=format,compress&trim=color&q=90&dpr=2&updated_at=1581706808",https://stockx.com/adidas-edge-gameday-grey-two
Running,Men,"https://stockx.imgix.net/adidas-U-Path-Run-Cloud-White.jpg?fit=fill&bg=FFFFFF&w=300&h=214&auto=format,compress&trim=color&q=90&dpr=2&updated_at=1588008577",https://stockx.com/adidas-u-path-run-cloud-white
Running,Men,"https://stockx.imgix.net/adidas-Supernova-Glide-7-Boost-Grey-Green-Red.png?fit=fill&bg=FFFFFF&w=300&h=214&auto=format,compress&trim=color&q=90&dpr=2&updated_at=1560569849",https://stockx.com/adidas-supernova-glide-7-boost-grey-green-red
Running,Men,"https://stockx.imgix.net/adidas-Alpha-Bounce-Core-Black-Product.jpg?fit=fill&bg=FFFFFF&w=300&h=214&auto=format,compress&trim=color&q=90&dpr=2&updated_at=1586296725",https://stockx.com/adidas-alphabounce-core-black
Running,Men,"https://stockx.imgix.net/Adidas-Pure-Boost-ZG-Kolor-Polka-Dot.png?fit=fill&bg=FFFFFF&w=300&h=214&auto=format,compress&trim=color&q=90&dpr=2&updated_at=1538080256",https://stockx.com/adidas-pure-boost-zg-kolor-polka-dot
Running,Men,"https://stockx.imgix.net/adidas-Swift-Run-Multi-Color.png?fit=fill&bg=FFFFFF&w=300&h=214&auto=format,compress&trim=color&q=90&dpr=2&updated_at=1554260910",https://stockx.com/adidas-swift-run-multi-color
Running,Men,"https://stockx.imgix.net/adidas-Response-Trail-Legacy-Green.png?fit=fill&bg=FFFFFF&w=300&h=214&auto=format,compress&trim=color&q=90&dpr=2&updated_at=1581707022",https://stockx.com/adidas-response-trail-legacy-green
Running,Men,"https://stockx.imgix.net/adidas-Senseboost-Go-Cloud-White.png?fit=fill&bg=FFFFFF&w=300&h=214&auto=format,compress&trim=color&q=90&dpr=2&updated_at=1581706860",https://stockx.com/adidas-senseboost-go-cloud-white
Running,Men,"https://stockx.imgix.net/adidas-Fluid-Flow-Grey-Two.png?fit=fill&bg=FFFFFF&w=300&h=214&auto=format,compress&trim=color&q=90&dpr=2&updated_at=1581706973",https://stockx.com/adidas-fluid-flow-grey-two
Running,Men,"https://stockx.imgix.net/Adidas-Alphabounce-Reflective-Grey.png?fit=fill&bg=FFFFFF&w=300&h=214&auto=format,compress&trim=color&q=90&dpr=2&updated_at=1538080256",https://stockx.com/adidas-alphabounce-reflective-grey
Running,Men,"https://stockx.imgix.net/adidas-Adizero-Club-Core-Black.png?fit=fill&bg=FFFFFF&w=300&h=214&auto=format,compress&trim=color&q=90&dpr=2&updated_at=1581707137",https://stockx.com/adidas-adizero-club-core-black
Running,Men,"https://stockx.imgix.net/adidas-Adizero-Boston-8-Core-Black.png?fit=fill&bg=FFFFFF&w=300&h=214&auto=format,compress&trim=color&q=90&dpr=2&updated_at=1581707041",https://stockx.com/adidas-adizero-boston-8-core-black
Running,Men,"https://stockx.imgix.net/adidas-Equipment-Running-Cushion-Ice-Grey-Blue-White.jpg?fit=fill&bg=FFFFFF&w=300&h=214&auto=format,compress&trim=color&q=90&dpr=2&updated_at=1538080256",https://stockx.com/adidas-equipment-running-cushion-ice-grey-blue-white
Running,Men,"https://stockx.imgix.net/adidas-Edge-Gameday-Collegiate-Navy.png?fit=fill&bg=FFFFFF&w=300&h=214&auto=format,compress&trim=color&q=90&dpr=2&updated_at=1581706813",https://stockx.com/adidas-edge-gameday-collegiate-navy
Running,Men,"https://stockx.imgix.net/adidas-Sensebounce-Street-Core-Black.png?fit=fill&bg=FFFFFF&w=300&h=214&auto=format,compress&trim=color&q=90&dpr=2&updated_at=1581706804",https://stockx.com/adidas-sensebounce-street-core-black
Running,Men,"https://stockx.imgix.net/adidas-Adizero-Adios-5-Signal-Coral.png?fit=fill&bg=FFFFFF&w=300&h=214&auto=format,compress&trim=color&q=90&dpr=2&updated_at=1581707139",https://stockx.com/adidas-adizero-adios-5-signal-coral
Running,Men,"https://stockx.imgix.net/Adidas-Endurance-2pt0-Porsche-Design-Black-Metallic.png?fit=fill&bg=FFFFFF&w=300&h=214&auto=format,compress&trim=color&q=90&dpr=2&updated_at=1538080256",https://stockx.com/adidas-endurance-2pt0-porsche-design-black-metallic
Running,Men,"https://stockx-assets.imgix.net/media/New-Product-Placeholder-Default.jpg?auto=compress,format",https://stockx.com/adidas-swift-run-mystery-red-burgundy-white
Running,Men,"https://stockx.imgix.net/adidas-Sensebounce-Street-Grey-Two.png?fit=fill&bg=FFFFFF&w=300&h=214&auto=format,compress&trim=color&q=90&dpr=2&updated_at=1581706807",https://stockx.com/adidas-sensebounce-street-grey-two
Running,Men,"https://stockx.imgix.net/adidas-Sensebounce-Tech-Indigo.png?fit=fill&bg=FFFFFF&w=300&h=214&auto=format,compress&trim=color&q=90&dpr=2&updated_at=1581707053",https://stockx.com/adidas-sensebounce-tech-indigo
Running,Men,"https://stockx.imgix.net/adidas-Senseboost-Go-Core-White.png?fit=fill&bg=FFFFFF&w=300&h=214&auto=format,compress&trim=color&q=90&dpr=2&updated_at=1581706868",https://stockx.com/adidas-senseboost-go-core-white
Running,Men,"https://stockx.imgix.net/adidas-Element-Refine-Tricot-M-Green-Black-Black.jpg?fit=fill&bg=FFFFFF&w=300&h=214&auto=format,compress&trim=color&q=90&dpr=2&updated_at=1538080256",https://stockx.com/adidas-element-refine-tricot-m-green-black-black
Running,Men,"https://stockx.imgix.net/Adidas-Adizero-Rainbow.jpg?fit=fill&bg=FFFFFF&w=300&h=214&auto=format,compress&trim=color&q=90&dpr=2&updated_at=1538080256",https://stockx.com/adidas-adizero-black-rainbow
Running,Men,"https://stockx.imgix.net/adidas-Edge-Gameday-Team-Power-Red.png?fit=fill&bg=FFFFFF&w=300&h=214&auto=format,compress&trim=color&q=90&dpr=2&updated_at=1581706812",https://stockx.com/adidas-edge-gameday-team-power-red
Running,Men,"https://stockx.imgix.net/adidas-Cloudfoam-Pure-Legacy-Purple-W.jpg?fit=fill&bg=FFFFFF&w=300&h=214&auto=format,compress&trim=color&q=90&dpr=2&updated_at=1584639597",https://stockx.com/adidas-cloudfoam-pure-legacy-purple-w
Running,Men,"https://stockx.imgix.net/Adidas-adiZero-adios-3-Undefeated-Black-Product.jpg?fit=fill&bg=FFFFFF&w=300&h=214&auto=format,compress&trim=color&q=90&dpr=2&updated_at=1561401446",https://stockx.com/adidas-adizero-adios-3-undefeated-black
Running,Men,"https://stockx.imgix.net/Adidas-adiZero-adios-3-Undefeated-Camo-Brown-Product.jpg?fit=fill&bg=FFFFFF&w=300&h=214&auto=format,compress&trim=color&q=90&dpr=2&updated_at=1559843104",https://stockx.com/adidas-adizero-adios-3-undefeated-camo
Running,Men,"https://stockx.imgix.net/adidas-adizero-Prime-Parley-Blue-Spirit.jpg?fit=fill&bg=FFFFFF&w=300&h=214&auto=format,compress&trim=color&q=90&dpr=2&updated_at=1552940758",https://stockx.com/adidas-adizero-prime-parley-blue-spirit
Running,Men,"https://stockx.imgix.net/Adidas-Trail-Boost-Ronnie-Fieg.png?fit=fill&bg=FFFFFF&w=300&h=214&auto=format,compress&trim=color&q=90&dpr=2&updated_at=1538080256",https://stockx.com/adidas-trail-boost-ronnie-fieg
Running,Men,"https://stockx.imgix.net/Adidas-PureBoost-DPR-Tan-Product.jpg?fit=fill&bg=FFFFFF&w=300&h=214&auto=format,compress&trim=color&q=90&dpr=2&updated_at=1560545246",https://stockx.com/adidas-pureboost-dpr-tan
Running,Men,"https://stockx.imgix.net/adidas-Pureboost-RBL-Core-Black-Grey-Two-Product.jpg?fit=fill&bg=FFFFFF&w=300&h=214&auto=format,compress&trim=color&q=90&dpr=2&updated_at=1574449936",https://stockx.com/adidas-pureboost-rbl-core-black-grey-two
Running,Men,"https://stockx.imgix.net/Adidas-Pureboost-Oreo.png?fit=fill&bg=FFFFFF&w=300&h=214&auto=format,compress&trim=color&q=90&dpr=2&updated_at=1538080256",https://stockx.com/adidas-pureboost-oreo
Running,Men,"https://stockx.imgix.net/adidas-FYW-S-97-Ronnie-Fieg-White-Pink-Purple.png?fit=fill&bg=FFFFFF&w=300&h=214&auto=format,compress&trim=color&q=90&dpr=2&updated_at=1552923008",https://stockx.com/adidas-fyw-s-97-ronnie-fieg-white-pink-purple
Running,Men,"https://stockx.imgix.net/adidas-Alphabounce-Instinct-Hi-Res-Orange.png?fit=fill&bg=FFFFFF&w=300&h=214&auto=format,compress&trim=color&q=90&dpr=2&updated_at=1538080256",https://stockx.com/adidas-alphabounce-instinct-hi-res-orange
Running,Men,"https://stockx.imgix.net/adidas-Speedfactory-AM4-AM4KWASI.png?fit=fill&bg=FFFFFF&w=300&h=214&auto=format,compress&trim=color&q=90&dpr=2&updated_at=1544256617",https://stockx.com/adidas-speedfactory-am4-am4kwasi
Running,Men,"https://stockx.imgix.net/adidas-Speedfactory-AM4-AM4BROOKLYNBALLET.png?fit=fill&bg=FFFFFF&w=300&h=214&auto=format,compress&trim=color&q=90&dpr=2&updated_at=1549078719",https://stockx.com/adidas-speedfactory-am4-am4brooklynballet
Running,Men,"https://stockx.imgix.net/Adidas-PureBoost-DPR-Grey-Solid-Grey.png?fit=fill&bg=FFFFFF&w=300&h=214&auto=format,compress&trim=color&q=90&dpr=2&updated_at=1538080256",https://stockx.com/adidas-pureboost-dpr-grey-solid-grey
Running,Men,"https://stockx.imgix.net/Adidas-Speedfactory-AM4LA-Parley-Blue-Spirit.png?fit=fill&bg=FFFFFF&w=300&h=214&auto=format,compress&trim=color&q=90&dpr=2&updated_at=1538080256",https://stockx.com/adidas-speedfactory-am4la-parley-blue-spirit
Running,Men,"https://stockx.imgix.net/adidas-Senseboost-Go-Solar-Yellow.png?fit=fill&bg=FFFFFF&w=300&h=214&auto=format,compress&trim=color&q=90&dpr=2&updated_at=1581706850",https://stockx.com/adidas-senseboost-go-solar-yellow
Running,Men,"https://stockx.imgix.net/adidas-FYW-S-97-Black-White-Product.jpg?fit=fill&bg=FFFFFF&w=300&h=214&auto=format,compress&trim=color&q=90&dpr=2&updated_at=1573502731",https://stockx.com/adidas-fyw-s-97-black-white
Running,Men,"https://stockx.imgix.net/Adidas-Speedfactory-AM4-AM4LDN-London-Product.jpg?fit=fill&bg=FFFFFF&w=300&h=214&auto=format,compress&trim=color&q=90&dpr=2&updated_at=1553998192",https://stockx.com/adidas-speedfactory-am4-am4ldn-london
Running,Men,"https://stockx.imgix.net/Adidas-Alpha-Bounce-Blackout.png?fit=fill&bg=FFFFFF&w=300&h=214&auto=format,compress&trim=color&q=90&dpr=2&updated_at=1538080256",https://stockx.com/adidas-alphabounce-blackout
Running,Men,"https://stockx.imgix.net/Adidas-Swift-Run-Grey-One.png?fit=fill&bg=FFFFFF&w=300&h=214&auto=format,compress&trim=color&q=90&dpr=2&updated_at=1538080256",https://stockx.com/adidas-swift-run-grey-one
Running,Men,"https://stockx.imgix.net/Adidas-Alphabounce-HPC-Aramis-Reflective.jpg?fit=fill&bg=FFFFFF&w=300&h=214&auto=format,compress&trim=color&q=90&dpr=2&updated_at=1556311702",https://stockx.com/adidas-alphabounce-hpc-aramis-reflective
Running,Men,"https://stockx.imgix.net/Adidas-AdiZero-Prime-Boost-Parley-Blue.png?fit=fill&bg=FFFFFF&w=300&h=214&auto=format,compress&trim=color&q=90&dpr=2&updated_at=1538080256",https://stockx.com/adidas-adizero-prime-boost-parley-blue
Running,Men,"https://stockx.imgix.net/adidas-Senseboost-Go-Core-Black-Grey-Six.png?fit=fill&bg=FFFFFF&w=300&h=214&auto=format,compress&trim=color&q=90&dpr=2&updated_at=1581706847",https://stockx.com/adidas-senseboost-go-core-black-grey-six
Running,Men,"https://stockx.imgix.net/adidas-Pureboost-DPR-Hi-Res-Red-Product.jpg?fit=fill&bg=FFFFFF&w=300&h=214&auto=format,compress&trim=color&q=90&dpr=2&updated_at=1569617843",https://stockx.com/adidas-pureboost-dpr-hi-res-red
Running,Men,"https://stockx.imgix.net/Adidas-AlphaBounce-EM-Utility-Ivy.png?fit=fill&bg=FFFFFF&w=300&h=214&auto=format,compress&trim=color&q=90&dpr=2&updated_at=1538080256",https://stockx.com/adidas-alphabounce-em-utility-ivy
Running,Men,"https://stockx.imgix.net/adidas-Alphabounce-Reigning-Champ-Core-White-Product.jpg?fit=fill&bg=FFFFFF&w=300&h=214&auto=format,compress&trim=color&q=90&dpr=2&updated_at=1548138880",https://stockx.com/adidas-alphabounce-reigning-champ-core-white
Running,Men,"https://stockx.imgix.net/adidas-Senseboost-Go-Core-Black-Boost-Blue-Violet-Met.png?fit=fill&bg=FFFFFF&w=300&h=214&auto=format,compress&trim=color&q=90&dpr=2&updated_at=1581706849",https://stockx.com/adidas-senseboost-go-core-black-boost-blue-violet-met
Running,Men,"https://stockx.imgix.net/adidas-Speedfactory-AM4-Creators-Club.png?fit=fill&bg=FFFFFF&w=300&h=214&auto=format,compress&trim=color&q=90&dpr=2&updated_at=1557802433",https://stockx.com/adidas-speedfactory-am4-creators-club
Running,Men,"https://stockx.imgix.net/adidas-Swift-Run-Grey-Core-Black-Heather-Grey.jpg?fit=fill&bg=FFFFFF&w=300&h=214&auto=format,compress&trim=color&q=90&dpr=2&updated_at=1561753805",https://stockx.com/adidas-swift-run-grey-core-black-heather-grey
Running,Men,"https://stockx.imgix.net/adidas-Alphabounce-Undyed-Gum-Bottom.png?fit=fill&bg=FFFFFF&w=300&h=214&auto=format,compress&trim=color&q=90&dpr=2&updated_at=1548739367",https://stockx.com/adidas-alphabounce-undyed-gum-bottom
Running,Men,"https://stockx.imgix.net/adidas-Y-3-Adizero-Runner-Black-White.png?fit=fill&bg=FFFFFF&w=300&h=214&auto=format,compress&trim=color&q=90&dpr=2&updated_at=1552459929",https://stockx.com/adidas-y-3-adizero-runner-black-white
Running,Men,"https://stockx.imgix.net/Adidas-Pure-Boost-ZG-Olive-Product.jpg?fit=fill&bg=FFFFFF&w=300&h=214&auto=format,compress&trim=color&q=90&dpr=2&updated_at=1598377218",https://stockx.com/adidas-pure-boost-zg-olive
Running,Men,"https://stockx.imgix.net/Adidas-Busenitz-PureBoost-Triple-White.png?fit=fill&bg=FFFFFF&w=300&h=214&auto=format,compress&trim=color&q=90&dpr=2&updated_at=1538080256",https://stockx.com/adidas-busenitz-pureboost-triple-white
Running,Men,"https://stockx.imgix.net/Adidas-Alphabounce-1-Kolor-Black.png?fit=fill&bg=FFFFFF&w=300&h=214&auto=format,compress&trim=color&q=90&dpr=2&updated_at=1538080256",https://stockx.com/adidas-alphabounce-1-kolor-black
Running,Men,"https://stockx.imgix.net/Adidas-Alphabounce-CK-Core-Black-Cloud-White.png?fit=fill&bg=FFFFFF&w=300&h=214&auto=format,compress&trim=color&q=90&dpr=2&updated_at=1538080256",https://stockx.com/adidas-alphabounce-ck-core-black-cloud-white
Running,Men,"https://stockx.imgix.net/Adidas-Busenitz-Pure-Boost-Triple-Black.png?fit=fill&bg=FFFFFF&w=300&h=214&auto=format,compress&trim=color&q=90&dpr=2&updated_at=1538080256",https://stockx.com/adidas-busenitz-pure-boost-triple-black
Running,Men,"https://stockx.imgix.net/adidas-Lite-Racer-Adapt-Grey-Six.png?fit=fill&bg=FFFFFF&w=300&h=214&auto=format,compress&trim=color&q=90&dpr=2&updated_at=1581707078",https://stockx.com/adidas-lite-racer-adapt-grey-six
Running,Men,"https://stockx.imgix.net/Adidas-Pure-Boost-2017-Easy-Blue.png?fit=fill&bg=FFFFFF&w=300&h=214&auto=format,compress&trim=color&q=90&dpr=2&updated_at=1538080256",https://stockx.com/adidas-pure-boost-2017-easy-blue
Running,Men,"https://stockx.imgix.net/adidas-Pulseboost-HD-Summerrdy-Cloud-White.jpg?fit=fill&bg=FFFFFF&w=300&h=214&auto=format,compress&trim=color&q=90&dpr=2&updated_at=1588008565",https://stockx.com/adidas-pulseboost-hd-summerrdy-cloud-white
Running,Men,"https://stockx.imgix.net/Adidas-Alphabounce-Maroon.png?fit=fill&bg=FFFFFF&w=300&h=214&auto=format,compress&trim=color&q=90&dpr=2&updated_at=1538080256",https://stockx.com/adidas-alphabounce-maroon
Running,Men,"https://stockx.imgix.net/Adidas-Alphabounce-1-Kolor-White.png?fit=fill&bg=FFFFFF&w=300&h=214&auto=format,compress&trim=color&q=90&dpr=2&updated_at=1538080256",https://stockx.com/adidas-alphabounce-1-kolor-white
Running,Men,"https://stockx.imgix.net/Adidas-PureBoost-Legend-Ink.jpg?fit=fill&bg=FFFFFF&w=300&h=214&auto=format,compress&trim=color&q=90&dpr=2&updated_at=1538080256",https://stockx.com/adidas-pureboost-legend-ink
Running,Men,"https://stockx.imgix.net/Adidas-Pure-Boost-ZG-Grey.png?fit=fill&bg=FFFFFF&w=300&h=214&auto=format,compress&trim=color&q=90&dpr=2&updated_at=1538080256",https://stockx.com/adidas-pure-boost-zg-grey
Running,Men,"https://stockx.imgix.net/Adidas-Alphabounce-Zip-Triple-White.png?fit=fill&bg=FFFFFF&w=300&h=214&auto=format,compress&trim=color&q=90&dpr=2&updated_at=1538080256",https://stockx.com/adidas-alphabounce-zip-triple-white
Running,Men,"https://stockx.imgix.net/Adidas-Energy-Boost-ESM-Running-White.jpg?fit=fill&bg=FFFFFF&w=300&h=214&auto=format,compress&trim=color&q=90&dpr=2&updated_at=1538080256",https://stockx.com/adidas-energy-boost-esm-running-white
Running,Men,"https://stockx.imgix.net/adidas-Pureboost-Go-Legend-Ivy-True-Orange.png?fit=fill&bg=FFFFFF&w=300&h=214&auto=format,compress&trim=color&q=90&dpr=2&updated_at=1553047948",https://stockx.com/adidas-pureboost-go-legend-ivy-true-orange
Running,Men,"https://stockx.imgix.net/adidas-Pureboost-DPR-Pride-Pack-2018-1.png?fit=fill&bg=FFFFFF&w=300&h=214&auto=format,compress&trim=color&q=90&dpr=2&updated_at=1547749078",https://stockx.com/adidas-pureboost-dpr-pride-pack-2018
Running,Men,"https://stockx.imgix.net/adidas-Swift-Run-Raw-Gold-Black-White.jpg?fit=fill&bg=FFFFFF&w=300&h=214&auto=format,compress&trim=color&q=90&dpr=2&updated_at=1538080256",https://stockx.com/adidas-swift-run-raw-gold-black-white
Running,Men,"https://stockx.imgix.net/Adidas-Alpha-Bounce-Xeno-Black-Friday.png?fit=fill&bg=FFFFFF&w=300&h=214&auto=format,compress&trim=color&q=90&dpr=2&updated_at=1538080256",https://stockx.com/adidas-alphabounce-xeno-black-friday
Running,Men,"https://stockx.imgix.net/Adidas-Pureboost-Chinese-New-Year-2018.png?fit=fill&bg=FFFFFF&w=300&h=214&auto=format,compress&trim=color&q=90&dpr=2&updated_at=1538080256",https://stockx.com/adidas-pureboost-chinese-new-year-2018
Running,Men,"https://stockx.imgix.net/adidas-Lite-Racer-Adapt-Cloud-White.png?fit=fill&bg=FFFFFF&w=300&h=214&auto=format,compress&trim=color&q=90&dpr=2&updated_at=1581707080",https://stockx.com/adidas-lite-racer-adapt-cloud-white
Running,Men,"https://stockx.imgix.net/adidas-Alphabounce-Instinct-Shock-Lime.png?fit=fill&bg=FFFFFF&w=300&h=214&auto=format,compress&trim=color&q=90&dpr=2&updated_at=1538080256",https://stockx.com/adidas-alphabounce-instinct-shock-lime
Running,Men,"https://stockx.imgix.net/Adidas-Pure-Boost-2017-Silver.png?fit=fill&bg=FFFFFF&w=300&h=214&auto=format,compress&trim=color&q=90&dpr=2&updated_at=1538080256",https://stockx.com/adidas-pure-boost-2017-silver
Running,Men,"https://stockx.imgix.net/adidas-Solar-Glide-M-Legend-Ink.jpg?fit=fill&bg=FFFFFF&w=300&h=214&auto=format,compress&trim=color&q=90&dpr=2&updated_at=1561744908",https://stockx.com/adidas-solar-glide-m-legend-ink
Running,Men,"https://stockx.imgix.net/adidas-Senseboost-Go-Collegiate-Royal.png?fit=fill&bg=FFFFFF&w=300&h=214&auto=format,compress&trim=color&q=90&dpr=2&updated_at=1581706861",https://stockx.com/adidas-senseboost-go-collegiate-royal
Running,Men,"https://stockx.imgix.net/Adidas-Alphabounce-Beyond-White.png?fit=fill&bg=FFFFFF&w=300&h=214&auto=format,compress&trim=color&q=90&dpr=2&updated_at=1538080256",https://stockx.com/adidas-alphabounce-beyond-white
Running,Men,"https://stockx.imgix.net/adidas-Lite-Racer-Adapt-Dark-Blue.png?fit=fill&bg=FFFFFF&w=300&h=214&auto=format,compress&trim=color&q=90&dpr=2&updated_at=1581707084",https://stockx.com/adidas-lite-racer-adapt-dark-blue
Running,Men,"https://stockx.imgix.net/adidas-Speedfactory-AM4-Aaron-Kai-Red-Blue.jpg?fit=fill&bg=FFFFFF&w=300&h=214&auto=format,compress&trim=color&q=90&dpr=2&updated_at=1554755602",https://stockx.com/adidas-speedfactory-am4-aaron-kai-red-blue
Running,Men,"https://stockx.imgix.net/Adidas-Adizero-Prime-Olive-Product.jpg?fit=fill&bg=FFFFFF&w=300&h=214&auto=format,compress&trim=color&q=90&dpr=2&updated_at=1598377218",https://stockx.com/adidas-adizero-prime-olive
Running,Men,"https://stockx.imgix.net/Adidas-Pure-Boost-2017-Core-Black-Cardinal.png?fit=fill&bg=FFFFFF&w=300&h=214&auto=format,compress&trim=color&q=90&dpr=2&updated_at=1538080256",https://stockx.com/adidas-pure-boost-2017-core-black-cardinal
Running,Men,"https://stockx.imgix.net/adidas-Equipment-Running-Cushion-Black-Metallic-Silver.jpg?fit=fill&bg=FFFFFF&w=300&h=214&auto=format,compress&trim=color&q=90&dpr=2&updated_at=1538080256",https://stockx.com/adidas-equipment-running-cushion-black-metallic-silver
Running,Men,"https://stockx.imgix.net/adidas-Speed-Trainer-3pt0-Collegiate-Navy.jpg?fit=fill&bg=FFFFFF&w=300&h=214&auto=format,compress&trim=color&q=90&dpr=2&updated_at=1574022593",https://stockx.com/adidas-speed-trainer-3pt0-collegiate-navy
Running,Men,"https://stockx.imgix.net/Adidas-Pureboost-ATR-Grey.png?fit=fill&bg=FFFFFF&w=300&h=214&auto=format,compress&trim=color&q=90&dpr=2&updated_at=1538080256",https://stockx.com/adidas-pureboost-atr-grey
Running,Men,"https://stockx.imgix.net/Adidas-Alphabounce-Chalk-White.png?fit=fill&bg=FFFFFF&w=300&h=214&auto=format,compress&trim=color&q=90&dpr=2&updated_at=1538080256",https://stockx.com/adidas-alphabounce-chalk-white
Running,Men,"https://stockx.imgix.net/adidas-Senseboost-Go-Grey-Six-Core-Black.png?fit=fill&bg=FFFFFF&w=300&h=214&auto=format,compress&trim=color&q=90&dpr=2&updated_at=1581706852",https://stockx.com/adidas-senseboost-go-grey-six-core-black
Running,Men,"https://stockx.imgix.net/adidas-Springblade-Low-Rick-Owens-Black.png?fit=fill&bg=FFFFFF&w=300&h=214&auto=format,compress&trim=color&q=90&dpr=2&updated_at=1538080256",https://stockx.com/adidas-springblade-low-rick-owens-black
Running,Men,"https://stockx.imgix.net/adidas-Tubular-Runner-Weave-Core-Black.jpg?fit=fill&bg=FFFFFF&w=300&h=214&auto=format,compress&trim=color&q=90&dpr=2&updated_at=1574022597",https://stockx.com/adidas-tubular-runner-weave-core-black
Running,Men,"https://stockx.imgix.net/adidas-Tubular-Runner-White.jpg?fit=fill&bg=FFFFFF&w=300&h=214&auto=format,compress&trim=color&q=90&dpr=2&updated_at=1574022598",https://stockx.com/adidas-tubular-runner-white
Running,Men,"https://stockx.imgix.net/adidas-Solar-Glide-ST-Raw-Steel.png?fit=fill&bg=FFFFFF&w=300&h=214&auto=format,compress&trim=color&q=90&dpr=2&updated_at=1557282310",https://stockx.com/adidas-solar-glide-st-raw-steel
Running,Men,"https://stockx-assets.imgix.net/media/New-Product-Placeholder-Default.jpg?auto=compress,format",https://stockx.com/adidas-equipment-running-cushion-black-cwhite
Running,Men,"https://stockx.imgix.net/adidas-U-Path-Run-Core-Black.jpg?fit=fill&bg=FFFFFF&w=300&h=214&auto=format,compress&trim=color&q=90&dpr=2&updated_at=1588008577",https://stockx.com/adidas-u-path-run-core-black
Running,Men,"https://stockx.imgix.net/adidas-Pulseboost-HD-Core-White.png?fit=fill&bg=FFFFFF&w=300&h=214&auto=format,compress&trim=color&q=90&dpr=2&updated_at=1581706894",https://stockx.com/adidas-pulseboost-hd-core-white
Running,Men,"https://stockx.imgix.net/Adidas-Pureboost-DPR-Cloud-White.png?fit=fill&bg=FFFFFF&w=300&h=214&auto=format,compress&trim=color&q=90&dpr=2&updated_at=1538080256",https://stockx.com/adidas-pureboost-dpr-cloud-white
Running,Men,"https://stockx.imgix.net/adidas-Solarboost-19-Tech-Indigo.jpg?fit=fill&bg=FFFFFF&w=300&h=214&auto=format,compress&trim=color&q=90&dpr=2&updated_at=1584639764",https://stockx.com/adidas-solarboost-19-tech-indigo
Running,Men,"https://stockx.imgix.net/Adidas-Cc-Seduction-G62553-Black-White.jpg?fit=fill&bg=FFFFFF&w=300&h=214&auto=format,compress&trim=color&q=90&dpr=2&updated_at=1538080256",https://stockx.com/adidas-cc-seduction-g62553-black-white
Running,Men,"https://stockx.imgix.net/Adidas-Pureboost-Reigning-Champ-Grey.png?fit=fill&bg=FFFFFF&w=300&h=214&auto=format,compress&trim=color&q=90&dpr=2&updated_at=1538080256",https://stockx.com/adidas-pureboost-reigning-champ-grey
Running,Men,"https://stockx-assets.imgix.net/media/New-Product-Placeholder-Default.jpg?auto=compress,format",https://stockx.com/adidas-am4cc-creators-club-glitch-camo
Running,Men,"https://stockx.imgix.net/adidas-Swift-Run-Ecrtin.jpg?fit=fill&bg=FFFFFF&w=300&h=214&auto=format,compress&trim=color&q=90&dpr=2&updated_at=1539703023",https://stockx.com/adidas-swift-run-ecrtin
Running,Men,"https://stockx.imgix.net/Adidas-AlphaBounce-Miami-Hurricanes.png?fit=fill&bg=FFFFFF&w=300&h=214&auto=format,compress&trim=color&q=90&dpr=2&updated_at=1538080256",https://stockx.com/adidas-alphabounce-miami-hurricanes
Running,Men,"https://stockx.imgix.net/adidas-Senseboost-Go-Grey-One.png?fit=fill&bg=FFFFFF&w=300&h=214&auto=format,compress&trim=color&q=90&dpr=2&updated_at=1581706866",https://stockx.com/adidas-senseboost-go-grey-one
Running,Men,"https://stockx.imgix.net/Adidas-Seeulater-Tech-Steel.png?fit=fill&bg=FFFFFF&w=300&h=214&auto=format,compress&trim=color&q=90&dpr=2&updated_at=1538080256",https://stockx.com/adidas-seeulater-tech-steel
Running,Men,"https://stockx.imgix.net/Adidas-Endurance-2pt0-Porsche-Design-Core-Gold-Metallic.png?fit=fill&bg=FFFFFF&w=300&h=214&auto=format,compress&trim=color&q=90&dpr=2&updated_at=1563396408",https://stockx.com/adidas-endurance-2pt0-porsche-design-gold-metallic
Running,Men,"https://stockx.imgix.net/Adidas-Pureboost-ATR-Core-Black.png?fit=fill&bg=FFFFFF&w=300&h=214&auto=format,compress&trim=color&q=90&dpr=2&updated_at=1538080256",https://stockx.com/adidas-pureboost-atr-core-black
Running,Men,"https://stockx.imgix.net/Adidas-Alpha-Bounce-Mineral-Blue.jpg?fit=fill&bg=FFFFFF&w=300&h=214&auto=format,compress&trim=color&q=90&dpr=2&updated_at=1538080256",https://stockx.com/adidas-alphabounce-mineral-blue
Running,Men,"https://stockx.imgix.net/adidas-FYW-S-97-White-Blue.png?fit=fill&bg=FFFFFF&w=300&h=214&auto=format,compress&trim=color&q=90&dpr=2&updated_at=1564607796",https://stockx.com/adidas-fyw-s-97-white-blue
Running,Men,"https://stockx.imgix.net/adidas-Swift-Run-RF-Grey-Three.png?fit=fill&bg=FFFFFF&w=300&h=214&auto=format,compress&trim=color&q=90&dpr=2&updated_at=1581706838",https://stockx.com/adidas-swift-run-rf-grey-three
Running,Men,"https://stockx.imgix.net/Adidas-Alphabounce-Mid-Core-Black.png?fit=fill&bg=FFFFFF&w=300&h=214&auto=format,compress&trim=color&q=90&dpr=2&updated_at=1538080256",https://stockx.com/adidas-alphabounce-mid-core-black
Running,Men,"https://stockx.imgix.net/Adidas-Pureboost-Legend-Ink-Chalk-White.png?fit=fill&bg=FFFFFF&w=300&h=214&auto=format,compress&trim=color&q=90&dpr=2&updated_at=1538080256",https://stockx.com/adidas-pureboost-legend-ink-chalk-white
Running,Men,"https://stockx.imgix.net/adidas-Response-LT-Sonic-Drive-Grey-Red.png?fit=fill&bg=FFFFFF&w=300&h=214&auto=format,compress&trim=color&q=90&dpr=2&updated_at=1539738417",https://stockx.com/adidas-response-lt-sonic-drive-grey-red
Running,Men,"https://stockx.imgix.net/adidas-Senseboost-Go-Collegiate-Navy.png?fit=fill&bg=FFFFFF&w=300&h=214&auto=format,compress&trim=color&q=90&dpr=2&updated_at=1581706854",https://stockx.com/adidas-senseboost-go-collegiate-navy
Running,Men,"https://stockx.imgix.net/adidas-CC-Cosmic-Boost-Grey-Fluorescent-Yellow.png?fit=fill&bg=FFFFFF&w=300&h=214&auto=format,compress&trim=color&q=90&dpr=2&updated_at=1540436586",https://stockx.com/adidas-cc-cosmic-boost-grey-fluorescent-yellow
Running,Men,"https://stockx.imgix.net/Adidas-Pureboost-DPR-Night-Indigo.png?fit=fill&bg=FFFFFF&w=300&h=214&auto=format,compress&trim=color&q=90&dpr=2&updated_at=1538080256",https://stockx.com/adidas-pureboost-dpr-night-indigo
Running,Men,"https://stockx.imgix.net/adidas-Alphabounce-Instinct-Clima-Grey-Blue-Aero-Green.png?fit=fill&bg=FFFFFF&w=300&h=214&auto=format,compress&trim=color&q=90&dpr=2&updated_at=1538080256",https://stockx.com/adidas-alphabounce-instinct-clima-grey-blue-aero-green
Running,Men,"https://stockx.imgix.net/Adidas-Alphabounce-CR-Cork.png?fit=fill&bg=FFFFFF&w=300&h=214&auto=format,compress&trim=color&q=90&dpr=2&updated_at=1538080256",https://stockx.com/adidas-alphabounce-cr-cork
Running,Men,"https://stockx.imgix.net/Adidas-Alphabounce-Mid-Grey-1.png?fit=fill&bg=FFFFFF&w=300&h=214&auto=format,compress&trim=color&q=90&dpr=2&updated_at=1563395725",https://stockx.com/adidas-alphabounce-mid-grey
Running,Men,"https://stockx.imgix.net/Adidas-Pureboost-Easy-Coral.png?fit=fill&bg=FFFFFF&w=300&h=214&auto=format,compress&trim=color&q=90&dpr=2&updated_at=1538080256",https://stockx.com/adidas-pureboost-easy-coral
Running,Men,"https://stockx.imgix.net/adidas-Speedfactory-AM4-AM4SADELLE-Blue.png?fit=fill&bg=FFFFFF&w=300&h=214&auto=format,compress&trim=color&q=90&dpr=2&updated_at=1544217040",https://stockx.com/adidas-speedfactory-am4-am4sadelle-blue
Running,Men,"https://stockx.imgix.net/Adidas-Seeulater-Mita-Product.jpg?fit=fill&bg=FFFFFF&w=300&h=214&auto=format,compress&trim=color&q=90&dpr=2&updated_at=1546678902",https://stockx.com/adidas-seeulater-mita
Running,Men,"https://stockx.imgix.net/adidas-PureBoost-DPR-Solid-Grey.jpg?fit=fill&bg=FFFFFF&w=300&h=214&auto=format,compress&trim=color&q=90&dpr=2&updated_at=1561753807",https://stockx.com/adidas-pureboost-dpr-solid-grey
Running,Men,"https://stockx.imgix.net/adidas-Lite-Racer-RBN-Core-Black-Scarlet.jpg?fit=fill&bg=FFFFFF&w=300&h=214&auto=format,compress&trim=color&q=90&dpr=2&updated_at=1584639649",https://stockx.com/adidas-lite-racer-rbn-core-black-scarlet
Running,Men,"https://stockx.imgix.net/Adidas-Adizero-Prime-Mystery-Blue.png?fit=fill&bg=FFFFFF&w=300&h=214&auto=format,compress&trim=color&q=90&dpr=2&updated_at=1538080256",https://stockx.com/adidas-adizero-prime-boost-mystery-blue
Running,Men,"https://stockx.imgix.net/adidas-FYW-S-97-White-Flash-Orange-Purple.png?fit=fill&bg=FFFFFF&w=300&h=214&auto=format,compress&trim=color&q=90&dpr=2&updated_at=1559273449",https://stockx.com/adidas-fyw-s-97-white-flash-orange-purple
Running,Men,"https://stockx.imgix.net/adidas-Response-Trail-Trace-Blue.png?fit=fill&bg=FFFFFF&w=300&h=214&auto=format,compress&trim=color&q=90&dpr=2&updated_at=1581706736",https://stockx.com/adidas-response-trail-trace-blue
Running,Men,"https://stockx.imgix.net/adidas-Fitboost-Sky-Tint-W.jpg?fit=fill&bg=FFFFFF&w=300&h=214&auto=format,compress&trim=color&q=90&dpr=2&updated_at=1584639612",https://stockx.com/adidas-fitboost-sky-tint-w
Running,Men,"https://stockx.imgix.net/Adidas-Alphabounce-Mystery-Ruby.png?fit=fill&bg=FFFFFF&w=300&h=214&auto=format,compress&trim=color&q=90&dpr=2&updated_at=1538080256",https://stockx.com/adidas-alphabounce-mystery-ruby
Running,Men,"https://stockx.imgix.net/Adidas-PureBoost-DPR-Vapor-Blue.png?fit=fill&bg=FFFFFF&w=300&h=214&auto=format,compress&trim=color&q=90&dpr=2&updated_at=1538080256",https://stockx.com/adidas-pureboost-dpr-vapor-blue
Running,Men,"https://stockx.imgix.net/adidas-Swift-Run-Maroon-Black-White.jpg?fit=fill&bg=FFFFFF&w=300&h=214&auto=format,compress&trim=color&q=90&dpr=2&updated_at=1538080256",https://stockx.com/adidas-swift-run-maroon-black-white
Running,Men,"https://stockx.imgix.net/adidas-Alphabounce-Trace-Khaki.png?fit=fill&bg=FFFFFF&w=300&h=214&auto=format,compress&trim=color&q=90&dpr=2&updated_at=1538080256",https://stockx.com/adidas-alphabounce-trace-khaki
Running,Men,"https://stockx.imgix.net/adidas-Pulseboost-HD-Grey-One-Cloud-White.png?fit=fill&bg=FFFFFF&w=300&h=214&auto=format,compress&trim=color&q=90&dpr=2&updated_at=1581706896",https://stockx.com/adidas-pulseboost-hd-grey-one-cloud%20white
Running,Men,"https://stockx.imgix.net/adidas-Edge-XT-Core-Black.png?fit=fill&bg=FFFFFF&w=300&h=214&auto=format,compress&trim=color&q=90&dpr=2&updated_at=1581707064",https://stockx.com/adidas-edge-xt-core-black
Running,Men,"https://stockx.imgix.net/Adidas-Response-Trail-2-Raf-Simons-Core-Black-Bright-Blue.png?fit=fill&bg=FFFFFF&w=300&h=214&auto=format,compress&trim=color&q=90&dpr=2&updated_at=1538080256",https://stockx.com/adidas-response-trail-2-raf-simons-core-black-bright-blue
Running,Men,"https://stockx.imgix.net/adidas-Alphabounce-Black-White.png?fit=fill&bg=FFFFFF&w=300&h=214&auto=format,compress&trim=color&q=90&dpr=2&updated_at=1539833257",https://stockx.com/adidas-alphabounce-black-white
Running,Men,"https://stockx.imgix.net/adidas-Aerobounce-ST-2-Hi-Res-Blue.png?fit=fill&bg=FFFFFF&w=300&h=214&auto=format,compress&trim=color&q=90&dpr=2&updated_at=1545219996",https://stockx.com/adidas-aerobounce-st-2-hi-res-blue
Running,Men,"https://stockx.imgix.net/Adidas-Pureboost-DPR-Mid-Grey.png?fit=fill&bg=FFFFFF&w=300&h=214&auto=format,compress&trim=color&q=90&dpr=2&updated_at=1538080256",https://stockx.com/adidas-pureboost-dpr-mid-grey
Running,Men,"https://stockx.imgix.net/adidas-Speedfactory-AM4-Washington-Capitals-Product.jpg?fit=fill&bg=FFFFFF&w=300&h=214&auto=format,compress&trim=color&q=90&dpr=2&updated_at=1549049980",https://stockx.com/adidas-speedfactory-am4-washington-capitals
Running,Men,"https://stockx.imgix.net/adidas-Purebounce-Chinese-New-Year-2019.png?fit=fill&bg=FFFFFF&w=300&h=214&auto=format,compress&trim=color&q=90&dpr=2&updated_at=1548739353",https://stockx.com/adidas-purebounce-chinese-new-year-2019
Running,Men,"https://stockx.imgix.net/Adidas-Pureboost-ATR-Oreo.png?fit=fill&bg=FFFFFF&w=300&h=214&auto=format,compress&trim=color&q=90&dpr=2&updated_at=1538080256",https://stockx.com/adidas-pureboost-atr-oreo
Running,Men,"https://stockx.imgix.net/adidas-Response-Trail-Cloud-White.png?fit=fill&bg=FFFFFF&w=300&h=214&auto=format,compress&trim=color&q=90&dpr=2&updated_at=1581706737",https://stockx.com/adidas-response-trail-cloud-white
Running,Men,"https://stockx.imgix.net/Adidas-Alphabounce-Beyond-Linen.png?fit=fill&bg=FFFFFF&w=300&h=214&auto=format,compress&trim=color&q=90&dpr=2&updated_at=1538080256",https://stockx.com/adidas-alphabounce-beyond-linen
Running,Men,"https://stockx.imgix.net/adidas-Supernova-Aktiv-Core-Black.png?fit=fill&bg=FFFFFF&w=300&h=214&auto=format,compress&trim=color&q=90&dpr=2&updated_at=1546067180",https://stockx.com/adidas-supernova-aktiv-core-black
Running,Men,"https://stockx.imgix.net/Adidas-Swift-Run-Crystal-White.png?fit=fill&bg=FFFFFF&w=300&h=214&auto=format,compress&trim=color&q=90&dpr=2&updated_at=1538080256",https://stockx.com/adidas-swift-run-crystal-white
Running,Men,"https://stockx.imgix.net/adidas-Solarboost-19-Legend-Earth.png?fit=fill&bg=FFFFFF&w=300&h=214&auto=format,compress&trim=color&q=90&dpr=2&updated_at=1567050644",https://stockx.com/adidas-solarboost-19-legend-earth
Running,Men,"https://stockx.imgix.net/adidas-Alphabounce-EM-Cloud-White.png?fit=fill&bg=FFFFFF&w=300&h=214&auto=format,compress&trim=color&q=90&dpr=2&updated_at=1544583284",https://stockx.com/adidas-alphabounce-em-cloud-white
Running,Men,"https://stockx.imgix.net/adidas-Solar-Glide-M-Core-Black.jpg?fit=fill&bg=FFFFFF&w=300&h=214&auto=format,compress&trim=color&q=90&dpr=2&updated_at=1561744908",https://stockx.com/adidas-solar-glide-m-core-black
Running,Men,"https://stockx.imgix.net/Adidas-Y-3-ZX-Run-Black.jpg?fit=fill&bg=FFFFFF&w=300&h=214&auto=format,compress&trim=color&q=90&dpr=2&updated_at=1571865414",https://stockx.com/adidas-y-3-zx-run-black
Running,Men,"https://stockx-assets.imgix.net/media/New-Product-Placeholder-Default.jpg?auto=compress,format",https://stockx.com/adidas-pureboost-battle-pack-brazil
Running,Men,"https://stockx.imgix.net/Adidas-Swift-Run-Black-White.png?fit=fill&bg=FFFFFF&w=300&h=214&auto=format,compress&trim=color&q=90&dpr=2&updated_at=1538080256",https://stockx.com/adidas-swift-run-black-white
Running,Men,"https://stockx.imgix.net/adidas-Alphabounce-HPC-M-Grey-Product.jpg?fit=fill&bg=FFFFFF&w=300&h=214&auto=format,compress&trim=color&q=90&dpr=2&updated_at=1575076215",https://stockx.com/adidas-alphabounce-hpc-m-grey
Running,Men,"https://stockx.imgix.net/adidas-Alphabounce-Instinct-Linen.png?fit=fill&bg=FFFFFF&w=300&h=214&auto=format,compress&trim=color&q=90&dpr=2&updated_at=1538080256",https://stockx.com/adidas-alphabounce-instinct-linen
Running,Men,"https://stockx.imgix.net/Adidas-Adizero-White-Reflective.png?fit=fill&bg=FFFFFF&w=300&h=214&auto=format,compress&trim=color&q=90&dpr=2&updated_at=1538080256",https://stockx.com/adidas-adizero-white-reflective
Running,Men,"https://stockx.imgix.net/adidas-Swift-Run-RF-Cloud-White.png?fit=fill&bg=FFFFFF&w=300&h=214&auto=format,compress&trim=color&q=90&dpr=2&updated_at=1581706835",https://stockx.com/adidas-swift-run-rf-cloud-white
Running,Men,"https://stockx.imgix.net/adidas-Speed-Trainer-2-Core-Black.jpg?fit=fill&bg=FFFFFF&w=300&h=214&auto=format,compress&trim=color&q=90&dpr=2&updated_at=1574022592",https://stockx.com/adidas-speed-trainer-2-core-black
Running,Men,"https://stockx.imgix.net/Adidas-Energy-Boost-3-Red.png?fit=fill&bg=FFFFFF&w=300&h=214&auto=format,compress&trim=color&q=90&dpr=2&updated_at=1538080256",https://stockx.com/adidas-energy-boost-3-red
Running,Men,"https://stockx.imgix.net/adidas-Senseboost-Go-Tech-Ink.png?fit=fill&bg=FFFFFF&w=300&h=214&auto=format,compress&trim=color&q=90&dpr=2&updated_at=1581706858",https://stockx.com/adidas-senseboost-go-tech-ink
Running,Men,"https://stockx.imgix.net/adidas-Pure-Boost-Clima-Energy-Blue.png?fit=fill&bg=FFFFFF&w=300&h=214&auto=format,compress&trim=color&q=90&dpr=2&updated_at=1548475740",https://stockx.com/adidas-pure-boost-clima-energy-blue
Running,Men,"https://stockx.imgix.net/adidas-Energy-Cloud-WTC-Grey.jpg?fit=fill&bg=FFFFFF&w=300&h=214&auto=format,compress&trim=color&q=90&dpr=2&updated_at=1574022586",https://stockx.com/adidas-energy-cloud-wtc-grey
Running,Men,"https://stockx-assets.imgix.net/media/New-Product-Placeholder-Default.jpg?auto=compress,format",https://stockx.com/adidas-ast-ts-lightspeed-m-run-white-uni-red
Running,Men,"https://stockx.imgix.net/Adidas-adiZero-Prime-Boost-Grey-White.png?fit=fill&bg=FFFFFF&w=300&h=214&auto=format,compress&trim=color&q=90&dpr=2&updated_at=1538080256",https://stockx.com/adidas-adizero-prime-boost-grey-white
Running,Men,"https://stockx.imgix.net/Adidas-adiZero-Feather-Prime-Solar-Yellow.png?fit=fill&bg=FFFFFF&w=300&h=214&auto=format,compress&trim=color&q=90&dpr=2&updated_at=1538080256",https://stockx.com/adidas-adizero-feather-prime-solar-yellow
Running,Men,"https://stockx.imgix.net/Adidas-Seeulater-Bold-Pink.png?fit=fill&bg=FFFFFF&w=300&h=214&auto=format,compress&trim=color&q=90&dpr=2&updated_at=1538080256",https://stockx.com/adidas-seeulater-bold-pink
Running,Men,"https://stockx.imgix.net/adidas-Duramo-6-Tech-Grey.jpg?fit=fill&bg=FFFFFF&w=300&h=214&auto=format,compress&trim=color&q=90&dpr=2&updated_at=1574022585",https://stockx.com/adidas-duramo-6-tech-grey
Running,Men,"https://stockx-assets.imgix.net/media/New-Product-Placeholder-Default.jpg?auto=compress,format",https://stockx.com/adidas-speedfactory-am4-am4det-detroit
Running,Men,"https://stockx-assets.imgix.net/media/New-Product-Placeholder-Default.jpg?auto=compress,format",https://stockx.com/adidas-alphaedge-4d-wc-grey-two
Running,Men,"https://stockx-assets.imgix.net/media/New-Product-Placeholder-Default.jpg?auto=compress,format",https://stockx.com/adidas-powerblaze-m-sgreen-silvmt
Running,Men,"https://stockx.imgix.net/Adidas-Endurance-2pt0-Porsche-Design-Core-Black.png?fit=fill&bg=FFFFFF&w=300&h=214&auto=format,compress&trim=color&q=90&dpr=2&updated_at=1538080256",https://stockx.com/adidas-endurance-2pt0-porsche-design-core-black
Running,Men,"https://stockx.imgix.net/Adidas-Supernova-Utility-Black-Black-Solar-Orange.jpg?fit=fill&bg=FFFFFF&w=300&h=214&auto=format,compress&trim=color&q=90&dpr=2&updated_at=1538080256",https://stockx.com/adidas-supernova-utility-black-black-solar-orange
Running,Men,"https://stockx.imgix.net/adidas-Pure-Boost-ZG-Trainer-Core-Black-Shock-Blue.png?fit=fill&bg=FFFFFF&w=300&h=214&auto=format,compress&trim=color&q=90&dpr=2&updated_at=1557282324",https://stockx.com/adidas-pure-boost-zg-trainer-core-black-shock-blue
Running,Men,"https://stockx.imgix.net/adidas-Swift-Run-Raw-Steel-Core-Black-White.jpg?fit=fill&bg=FFFFFF&w=300&h=214&auto=format,compress&trim=color&q=90&dpr=2&updated_at=1538080256",https://stockx.com/adidas-swift-run-raw-steel-core-black-white
Running,Men,"https://stockx-assets.imgix.net/media/New-Product-Placeholder-Default.jpg?auto=compress,format",https://stockx.com/adidas-swift-run-grey-black-white
Running,Men,"https://stockx.imgix.net/adidas-Alphabounce-Ice-Yellow-Volt.png?fit=fill&bg=FFFFFF&w=300&h=214&auto=format,compress&trim=color&q=90&dpr=2&updated_at=1562238271",https://stockx.com/adidas-alphabounce-ice-yellow-volt
Running,Men,"https://stockx.imgix.net/Adidas-Pureboost-Clima-White.png?fit=fill&bg=FFFFFF&w=300&h=214&auto=format,compress&trim=color&q=90&dpr=2&updated_at=1538080256",https://stockx.com/adidas-pureboost-clima-white
Running,Men,"https://stockx-assets.imgix.net/media/New-Product-Placeholder-Default.jpg?auto=compress,format",https://stockx.com/adidas-supernova-sequence-6-white-black-blue
Running,Men,"https://stockx.imgix.net/adidas-Crossknit-2-Carbon.png?fit=fill&bg=FFFFFF&w=300&h=214&auto=format,compress&trim=color&q=90&dpr=2&updated_at=1538080256",https://stockx.com/adidas-crossknit-2-carbon
Running,Men,"https://stockx.imgix.net/adidas-Adizero-RC-20-Core-Black.png?fit=fill&bg=FFFFFF&w=300&h=214&auto=format,compress&trim=color&q=90&dpr=2&updated_at=1581707132",https://stockx.com/adidas-adizero-rc-20-core-black
Running,Men,"https://stockx.imgix.net/Adidas-Pure-Boost-2-Base-Green.png?fit=fill&bg=FFFFFF&w=300&h=214&auto=format,compress&trim=color&q=90&dpr=2&updated_at=1538080256",https://stockx.com/adidas-pure-boost-2-base-green
Running,Men,"https://stockx-assets.imgix.net/media/New-Product-Placeholder-Default.jpg?auto=compress,format",https://stockx.com/adidas-equipment-running-support-heather-white-black
Running,Men,"https://stockx.imgix.net/adidas-Response-Trail-Core-Black.png?fit=fill&bg=FFFFFF&w=300&h=214&auto=format,compress&trim=color&q=90&dpr=2&updated_at=1581707020",https://stockx.com/adidas-response-trail-core-black
Running,Men,"https://stockx-assets.imgix.net/media/New-Product-Placeholder-Default.jpg?auto=compress,format",https://stockx.com/adidas-ast-ts-lightspeed-p-run-white-dkindi-dkindi
Running,Men,"https://stockx-assets.imgix.net/media/New-Product-Placeholder-Default.jpg?auto=compress,format",https://stockx.com/adidas-ast-ts-lightspeed-p-run-white-powblu
Running,Men,"https://stockx.imgix.net/adidas-Swift-Run-Summer-Spice.png?fit=fill&bg=FFFFFF&w=300&h=214&auto=format,compress&trim=color&q=90&dpr=2&updated_at=1538080256",https://stockx.com/adidas-swift-run-summer-spice
Running,Men,"https://stockx.imgix.net/adidas-Supernova-Sequence-Boost-8-Grey.jpg?fit=fill&bg=FFFFFF&w=300&h=214&auto=format,compress&trim=color&q=90&dpr=2&updated_at=1561744910",https://stockx.com/adidas-supernova-sequence-boost-8-grey
Running,Men,"https://stockx.imgix.net/Adidas-Alphabounce-ForgeFiber-Core-Black.png?fit=fill&bg=FFFFFF&w=300&h=214&auto=format,compress&trim=color&q=90&dpr=2&updated_at=1538080256",https://stockx.com/adidas-alphabounce-forgefiber-core-black
Running,Men,"https://stockx.imgix.net/adidas-Pureboost-ZG-M-Core-Black.jpg?fit=fill&bg=FFFFFF&w=300&h=214&auto=format,compress&trim=color&q=90&dpr=2&updated_at=1574022590",https://stockx.com/adidas-pureboost-zg-core-black
Running,Men,"https://stockx.imgix.net/adidas-Pulseboost-HD-Tech-Ink.png?fit=fill&bg=FFFFFF&w=300&h=214&auto=format,compress&trim=color&q=90&dpr=2&updated_at=1581706898",https://stockx.com/adidas-pulseboost-hd-tech-ink
Running,Men,"https://stockx.imgix.net/adidas-Alphabounce-RC-M-Trace-Blue.jpg?fit=fill&bg=FFFFFF&w=300&h=214&auto=format,compress&trim=color&q=90&dpr=2&updated_at=1561744887",https://stockx.com/adidas-alphabounce-rc-m-trace-blue
Running,Men,"https://stockx.imgix.net/Adidas-Alphabounce-Core-Black-Semi-Solar-Yellow.png?fit=fill&bg=FFFFFF&w=300&h=214&auto=format,compress&trim=color&q=90&dpr=2&updated_at=1538080256",https://stockx.com/adidas-alphabounce-core-black-semi-solar-yellow
Running,Men,"https://stockx.imgix.net/adidas-Pureboost-All-Terrain-Green-Black.png?fit=fill&bg=FFFFFF&w=300&h=214&auto=format,compress&trim=color&q=90&dpr=2&updated_at=1546587393",https://stockx.com/adidas-pureboost-all-terrain-green-black
Running,Men,"https://stockx.imgix.net/adidas-Equipment-Running-Cushion-Royal-Blue-Metallic-Silver.jpg?fit=fill&bg=FFFFFF&w=300&h=214&auto=format,compress&trim=color&q=90&dpr=2&updated_at=1538080256",https://stockx.com/adidas-equipment-running-cushion-royal-blue-metallic-silver
Running,Men,"https://stockx.imgix.net/Adidas-Pure-Boost-ZG-Crystal-White-Vivid-Red-v2.jpg?fit=fill&bg=FFFFFF&w=300&h=214&auto=format,compress&trim=color&q=90&dpr=2&updated_at=1551288030",https://stockx.com/adidas-pure-boost-zg-crystal-white-vivid-red
Running,Men,"https://stockx.imgix.net/adidas-Senseboost-Go-Grey-Six.png?fit=fill&bg=FFFFFF&w=300&h=214&auto=format,compress&trim=color&q=90&dpr=2&updated_at=1581706863",https://stockx.com/adidas-senseboost-go-grey-six
Running,Men,"https://stockx.imgix.net/adidas-Speedfactory-AM4-AM4CNY.png?fit=fill&bg=FFFFFF&w=300&h=214&auto=format,compress&trim=color&q=90&dpr=2&updated_at=1551327806",https://stockx.com/adidas-speedfactory-am4-am4cny
Running,Men,"https://stockx.imgix.net/adidas-Adizero-RC-20-Signal-Coral.png?fit=fill&bg=FFFFFF&w=300&h=214&auto=format,compress&trim=color&q=90&dpr=2&updated_at=1581707134",https://stockx.com/adidas-adizero-rc-20-signal-coral
Running,Men,"https://stockx.imgix.net/adidas-Cloudfoam-Pure-Purple-Tint-W.jpg?fit=fill&bg=FFFFFF&w=300&h=214&auto=format,compress&trim=color&q=90&dpr=2&updated_at=1584639599",https://stockx.com/adidas-cloudfoam-pure-purple-tint-w
Running,Men,"https://stockx.imgix.net/adidas-Tubular-Runner-Core-Black-Off-White.jpg?fit=fill&bg=FFFFFF&w=300&h=214&auto=format,compress&trim=color&q=90&dpr=2&updated_at=1574022596",https://stockx.com/adidas-tubular-runner-core-black-off-white
Running,Men,"https://stockx.imgix.net/Adidas-Seeulater-White-Mountaineering-Pantone.png?fit=fill&bg=FFFFFF&w=300&h=214&auto=format,compress&trim=color&q=90&dpr=2&updated_at=1538080256",https://stockx.com/adidas-seeulater-white-mountaineering-pantone
Running,Men,"https://stockx-assets.imgix.net/media/New-Product-Placeholder-Default.jpg?auto=compress,format",https://stockx.com/adidas-am4-am4cobe
Running,Men,"https://stockx.imgix.net/Adidas-adiZero-Prime-Boost-Core-Black-Solar-Red.png?fit=fill&bg=FFFFFF&w=300&h=214&auto=format,compress&trim=color&q=90&dpr=2&updated_at=1538080256",https://stockx.com/adidas-adizero-prime-boost-core-black-solar-red
Running,Men,"https://stockx.imgix.net/Adidas-CrossKnit-Boost-Pimento-Cheese-Sandwich.png?fit=fill&bg=FFFFFF&w=300&h=214&auto=format,compress&trim=color&q=90&dpr=2&updated_at=1538080256",https://stockx.com/adidas-crossknit-boost-pimento-cheese-sandwich
Running,Men,"https://stockx.imgix.net/adidas-Response-Trail-Core-Black-Core-Black.png?fit=fill&bg=FFFFFF&w=300&h=214&auto=format,compress&trim=color&q=90&dpr=2&updated_at=1581706739",https://stockx.com/adidas-response-trail-core-black-core-black
Running,Men,"https://stockx.imgix.net/adidas-Energy-Court-2-Core-Black-Cloud-White.png?fit=fill&bg=FFFFFF&w=300&h=214&auto=format,compress&trim=color&q=90&dpr=2&updated_at=1563938638",https://stockx.com/adidas-energy-court-2-core-black-cloud-white
Running,Men,"https://stockx-assets.imgix.net/media/New-Product-Placeholder-Default.jpg?auto=compress,format",https://stockx.com/adidas-supernova-glide-7-boost-solar-red-core-black
Running,Men,"https://stockx.imgix.net/Adidas-Energy-Boost-Icon-2-Jackie-Robinson-Day-2016.png?fit=fill&bg=FFFFFF&w=300&h=214&auto=format,compress&trim=color&q=90&dpr=2&updated_at=1538080256",https://stockx.com/adidas-energy-boost-icon-2-jackie-robinson-day-2016
Running,Men,"https://stockx.imgix.net/adidas-Fluid-Flow-Signal-Coral.png?fit=fill&bg=FFFFFF&w=300&h=214&auto=format,compress&trim=color&q=90&dpr=2&updated_at=1581706971",https://stockx.com/adidas-fluid-flow-signal-coral
Running,Men,"https://stockx.imgix.net/Adidas-PureBoost-DPR-Noble-Ink.png?fit=fill&bg=FFFFFF&w=300&h=214&auto=format,compress&trim=color&q=90&dpr=2&updated_at=1538080256",https://stockx.com/adidas-pureboost-dpr-noble-ink
Running,Men,"https://stockx-assets.imgix.net/media/New-Product-Placeholder-Default.jpg?auto=compress,format",https://stockx.com/adidas-futurecraft-loop-red
Running,Men,"https://stockx.imgix.net/adidas-CF-Racer-TR-Trace-Olive.png?fit=fill&bg=FFFFFF&w=300&h=214&auto=format,compress&trim=color&q=90&dpr=2&updated_at=1555382721",https://stockx.com/adidas-cf-racer-tr-trace-olive
Running,Men,"https://stockx.imgix.net/adidas-AlphaBounce-Beyond-Green.png?fit=fill&bg=FFFFFF&w=300&h=214&auto=format,compress&trim=color&q=90&dpr=2&updated_at=1538080256",https://stockx.com/adidas-alphabounce-beyond-green
Running,Men,"https://stockx.imgix.net/adidas-Cloudfoam-Pure-Glory-Pink-W.jpg?fit=fill&bg=FFFFFF&w=300&h=214&auto=format,compress&trim=color&q=90&dpr=2&updated_at=1584639594",https://stockx.com/adidas-cloudfoam-pure-glory-pink-w
Running,Men,"https://stockx.imgix.net/Adidas-Alpha-Bounce-Ash.jpg?fit=fill&bg=FFFFFF&w=300&h=214&auto=format,compress&trim=color&q=90&dpr=2&updated_at=1538080256",https://stockx.com/adidas-alphabounce-ash
Running,Men,"https://stockx.imgix.net/adidas-Response-Trail-Tech-Indigo.png?fit=fill&bg=FFFFFF&w=300&h=214&auto=format,compress&trim=color&q=90&dpr=2&updated_at=1581706734",https://stockx.com/adidas-response-trail-tech-indigo
Running,Men,"https://stockx.imgix.net/adidas-Adizero-Club-Cloud-White.png?fit=fill&bg=FFFFFF&w=300&h=214&auto=format,compress&trim=color&q=90&dpr=2&updated_at=1581707136",https://stockx.com/adidas-adizero-club-cloud-white
Running,Men,"https://stockx.imgix.net/adidas-Vengeful-M-Grey.jpg?fit=fill&bg=FFFFFF&w=300&h=214&auto=format,compress&trim=color&q=90&dpr=2&updated_at=1539703025",https://stockx.com/adidas-vengeful-m-grey
Running,Men,"https://stockx.imgix.net/adidas-Sensebounce-Street-Core-Black-Cloud-White.png?fit=fill&bg=FFFFFF&w=300&h=214&auto=format,compress&trim=color&q=90&dpr=2&updated_at=1581706805",https://stockx.com/adidas-sensebounce-street-core-black-cloud-white
Running,Men,"https://stockx.imgix.net/adidas-Cosmic-2-Crystal-White.jpg?fit=fill&bg=FFFFFF&w=300&h=214&auto=format,compress&trim=color&q=90&dpr=2&updated_at=1574022584",https://stockx.com/adidas-cosmic-2-crystal-white
Running,Men,"https://stockx.imgix.net/adidas-adizero-Takumi-Sen-3-Hi-Res-Aqua-Mystery-Ink.png?fit=fill&bg=FFFFFF&w=300&h=214&auto=format,compress&trim=color&q=90&dpr=2&updated_at=1553654007",https://stockx.com/adidas-adizero-takumi-sen-3-hi-res-aqua-mystery-ink
Running,Men,"https://stockx.imgix.net/adidas-Lite-Racer-RBN-Core-Black-Grey-Six.jpg?fit=fill&bg=FFFFFF&w=300&h=214&auto=format,compress&trim=color&q=90&dpr=2&updated_at=1584639646",https://stockx.com/adidas-lite-racer-rbn-core-black-grey-six
Running,Men,"https://stockx.imgix.net/adidas-Pulseboost-HD-Collegiate-Navy.png?fit=fill&bg=FFFFFF&w=300&h=214&auto=format,compress&trim=color&q=90&dpr=2&updated_at=1581706890",https://stockx.com/adidas-pulseboost-hd-collegiate-navy
Running,Men,"https://stockx-assets.imgix.net/media/New-Product-Placeholder-Default.jpg?auto=compress,format",https://stockx.com/adidas-alphabounce-reigning-champ-grey
Running,Men,"https://stockx.imgix.net/adidas-Alphabounce-EM-M-Grey.jpg?fit=fill&bg=FFFFFF&w=300&h=214&auto=format,compress&trim=color&q=90&dpr=2&updated_at=1561744886",https://stockx.com/adidas-alphabounce-em-m-grey
Running,Men,"https://stockx.imgix.net/adidas-Speedfactory-AM4-AM4BSBL-Boston-Red-Sox.png?fit=fill&bg=FFFFFF&w=300&h=214&auto=format,compress&trim=color&q=90&dpr=2&updated_at=1540948659",https://stockx.com/adidas-speedfactory-am4-am4bsbl-boston-red-sox
Running,Men,"https://stockx-assets.imgix.net/media/New-Product-Placeholder-Default.jpg?auto=compress,format",https://stockx.com/adidas-speedfactory-am4-team-alba
Running,Men,"https://stockx.imgix.net/adidas-Supernova-Vista-Grey-Unity-Blue.png?fit=fill&bg=FFFFFF&w=300&h=214&auto=format,compress&trim=color&q=90&dpr=2&updated_at=1543784829",https://stockx.com/adidas-supernova-vista-grey-unity-blue
